band name vl jl vu ju lambda     f        gL  0-0R0   0  0  0  1 1108.12668 1.66e-03 1.86e+09 
L  1-0R0   0  0  1  1 1092.19299 5.79e-03 1.74e+09 
L  2-0R0   0  0  2  1 1077.13608 1.17e-02 1.63e+09 
L  3-0R0   0  0  3  1 1062.87908 1.79e-02 1.53e+09 
L  4-0R0   0  0  4  1 1049.36430 2.32e-02 1.45e+09 
L  5-0R0   0  0  5  1 1036.54258 2.68e-02 1.35e+09 
L  6-0R0   0  0  6  1 1024.37049 2.87e-02 1.26e+09 
L  7-0R0   0  0  7  1 1012.80982 2.97e-02 9.82e+08 
L  8-0R0   0  0  8  1 1001.82091 2.68e-02 8.09e+08 
L  9-0R0   0  0  9  1  991.37602 2.61e-02 6.59e+08 
L  10-0R0  0  0 10  1  981.43614 2.07e-02 6.32e+08 
L  11-0R0  0  0 11  1  971.98449 2.01e-02 6.07e+08 
L  12-0R0  0  0 12  1  962.97644 1.32e-02 4.71e+08 
L  13-0R0  0  0 13  1  954.41158 1.42e-02 4.61e+08 
L  14-0R0  0  0 14  1  946.16868 1.34e-03 6.37e+08 
L  15-0R0  0  0 15  1  938.46662 9.51e-03 3.82e+08 
L  16-0R0  0  0 16  1  931.06142 1.07e-02 3.76e+08 
L  17-0R0  0  0 17  1  923.98385 6.18e-03 3.16e+08 
L  18-0R0  0  0 18  1  917.25111 6.17e-03 3.03e+08 
L  19-0R0  0  0 19  1  910.82064 3.88e-03 2.74e+08 
L  20-0R0  0  0 20  1  904.70064 3.90e-03 2.63e+08 
L  21-0R0  0  0 21  1  898.85459 2.25e-03 2.54e+08 
L  22-0R0  0  0 22  1  893.29741 2.47e-03 2.37e+08 
L  23-0R0  0  0 23  1  887.98196 7.84e-04 2.46e+08 
L  24-0R0  0  0 24  1  882.95465 1.60e-03 2.07e+08 
L  25-0R0  0  0 25  1  878.18595 3.28e-03 2.55e+08 
L  26-0R0  0  0 26  1  873.60736 1.05e-03 1.75e+08 
L  27-0R0  0  0 27  1  869.30669 1.29e-03 1.69e+08 
L  28-0R0  0  0 28  1  865.23004 6.87e-04 1.49e+08 
L  29-0R0  0  0 29  1  861.41845 7.88e-04 1.41e+08 
L  30-0R0  0  0 30  1  857.85512 4.57e-04 1.28e+08 
L  31-0R0  0  0 31  1  854.58910 5.19e-04 1.18e+08 
L  32-0R0  0  0 32  1  851.63642 2.99e-04 1.03e+08 
L  33-0R0  0  0 33  1  849.07879 3.27e-04 8.87e+07 
L  34-0R0  0  0 34  1  847.00900 1.62e-04 6.63e+07 
L  35-0R0  0  0 35  1  845.61304 1.14e-04 3.74e+07 
L  36-0R0  0  0 36  1  845.03353 1.78e-04 1.51e+07 
L  37-0R0  0  0 37  1  844.84648 5.59e-07 6.11e+06 
W  0-0R0   0  0  0  1 1008.54988 4.40e-02 1.18e+09 
W  1-0R0   0  0  1  1  985.62981 6.90e-02 1.16e+09 
W  2-0R0   0  0  2  1  964.97936 6.87e-02 1.14e+09 
W  3-0R0   0  0  3  1  946.42192 6.20e-02 9.03e+08 
W  4-0R0   0  0  4  1  929.52992 3.42e-02 1.10e+09 
W  5-0R0   0  0  5  1  914.39456 2.43e-02 1.09e+09 
W  6-0R0   0  0  6  1  900.79678 1.65e-02 1.07e+09 
W  7-0R0   0  0  7  1  888.64907 1.15e-02 1.05e+09 
W  8-0R0   0  0  8  1  877.82409 4.75e-03 9.61e+08 
W  9-0R0   0  0  9  1  868.40239 3.63e-03 9.89e+08 
W  10-0R0  0  0 10  1  860.30815 2.68e-03 6.55e+08 
W  11-0R0  0  0 11  1  853.60197 1.72e-03 6.20e+08 
W  12-0R0  0  0 12  1  848.40151 1.11e-03 4.09e+08 
W  13-0R0  0  0 13  1  844.95199 5.36e-04 2.09e+08 
L  0-0P1   0  1  0  0 1110.06235 5.74e-04 1.87e+09 
L  0-0R1   0  1  0  2 1108.63258 1.08e-03 1.86e+09 
L  1-0P1   0  1  1  0 1094.05013 1.97e-03 1.74e+09 
L  1-0R1   0  1  1  2 1092.73018 3.79e-03 1.73e+09 
L  2-0P1   0  1  2  0 1078.92335 3.92e-03 1.63e+09 
L  2-0R1   0  1  2  2 1077.69642 7.69e-03 1.62e+09 
L  3-0P1   0  1  3  0 1064.60298 5.95e-03 1.53e+09 
L  3-0R1   0  1  3  2 1063.45724 1.19e-02 1.53e+09 
L  4-0P1   0  1  4  0 1051.03014 7.62e-03 1.45e+09 
L  4-0R1   0  1  4  2 1049.95673 1.56e-02 1.44e+09 
L  5-0P1   0  1  5  0 1038.15468 8.67e-03 1.35e+09 
L  5-0R1   0  1  5  2 1037.14676 1.81e-02 1.34e+09 
L  6-0P1   0  1  6  0 1025.93281 9.10e-03 1.26e+09 
L  6-0R1   0  1  6  2 1024.98483 1.96e-02 1.25e+09 
L  7-0P1   0  1  7  0 1014.32501 9.00e-03 9.81e+08 
L  7-0R1   0  1  7  2 1013.43388 2.05e-02 9.86e+08 
L  8-0P1   0  1  8  0 1003.29452 8.45e-03 8.22e+08 
L  8-0R1   0  1  8  2 1002.44918 1.82e-02 7.83e+08 
L  9-0P1   0  1  9  0  992.80810 7.68e-03 6.59e+08 
L  9-0R1   0  1  9  2  992.01330 1.83e-02 6.58e+08 
L  10-0P1  0  1 10  0  982.83382 6.81e-03 6.32e+08 
L  10-0R1  0  1 10  2  982.07227 1.36e-02 6.32e+08 
L  11-0P1  0  1 11  0  973.34400 5.92e-03 6.09e+08 
L  11-0R1  0  1 11  2  972.63113 1.40e-02 6.02e+08 
L  12-0P1  0  1 12  0  964.30993 5.02e-03 4.68e+08 
L  12-0R1  0  1 12  2  963.60651 7.08e-03 4.83e+08 
L  13-0P1  0  1 13  0  955.70773 4.23e-03 4.60e+08 
L  13-0R1  0  1 13  2  955.06423 9.89e-03 4.63e+08 
L  14-0P1  0  1 14  0  947.51434 3.52e-03 4.16e+08 
L  14-0R1  0  1 14  2  946.97866 1.97e-02 5.11e+08 
L  15-0P1  0  1 15  0  939.70743 2.91e-03 3.82e+08 
L  15-0R1  0  1 15  2  939.12322 6.57e-03 3.83e+08 
L  16-0P1  0  1 16  0  932.26707 2.40e-03 3.71e+08 
L  16-0R1  0  1 16  2  931.73200 7.53e-03 3.79e+08 
L  17-0P1  0  1 17  0  925.17465 1.97e-03 3.17e+08 
L  17-0R1  0  1 17  2  924.64256 4.17e-03 3.17e+08 
L  18-0P1  0  1 18  0  918.41364 1.61e-03 3.02e+08 
L  18-0R1  0  1 18  2  917.92131 4.42e-03 3.06e+08 
L  19-0P1  0  1 19  0  911.96775 1.32e-03 2.73e+08 
L  19-0R1  0  1 19  2  911.47898 2.49e-03 2.77e+08 
L  20-0P1  0  1 20  0  905.82254 1.08e-03 2.62e+08 
L  20-0R1  0  1 20  2  905.37148 2.74e-03 2.65e+08 
L  21-0P1  0  1 21  0  899.96445 8.78e-04 2.50e+08 
L  21-0R1  0  1 21  2  899.50869 1.23e-03 2.65e+08 
L  22-0P1  0  1 22  0  894.38238 7.20e-04 2.36e+08 
L  22-0R1  0  1 22  2  893.97062 1.74e-03 2.37e+08 
L  23-0P1  0  1 23  0  889.06591 5.89e-04 2.25e+08 
L  23-0R1  0  1 23  2  888.58243 2.53e-06 3.98e+08 
L  24-0P1  0  1 24  0  884.00525 4.84e-04 2.07e+08 
L  24-0R1  0  1 24  2  883.62875 1.11e-03 2.06e+08 
L  25-0P1  0  1 25  0  879.19431 3.98e-04 1.92e+08 
L  25-0R1  0  1 25  2  878.87518 1.82e-03 2.37e+08 
L  26-0P1  0  1 26  0  874.62741 3.28e-04 1.75e+08 
L  26-0R1  0  1 26  2  874.28560 7.12e-04 1.75e+08 
L  27-0P1  0  1 27  0  870.30308 2.70e-04 1.62e+08 
L  27-0R1  0  1 27  2  869.99870 9.13e-04 1.73e+08 
L  28-0P1  0  1 28  0  866.22160 2.22e-04 1.49e+08 
L  28-0R1  0  1 28  2  865.91407 4.59e-04 1.51e+08 
L  29-0P1  0  1 29  0  862.38939 1.84e-04 1.38e+08 
L  29-0R1  0  1 29  2  862.11579 5.65e-04 1.43e+08 
L  30-0P1  0  1 30  0  858.81878 1.51e-04 1.27e+08 
L  30-0R1  0  1 30  2  858.54891 3.00e-04 1.29e+08 
L  31-0P1  0  1 31  0  855.53372 1.24e-04 1.16e+08 
L  31-0R1  0  1 31  2  855.29883 3.75e-04 1.21e+08 
L  32-0P1  0  1 32  0  852.57161 9.88e-05 1.03e+08 
L  32-0R1  0  1 32  2  852.34779 1.94e-04 1.04e+08 
L  33-0P1  0  1 33  0  849.99465 7.62e-05 8.73e+07 
L  33-0R1  0  1 33  2  849.81262 2.33e-04 8.98e+07 
L  34-0P1  0  1 34  0  847.91104 5.39e-05 6.64e+07 
L  34-0R1  0  1 34  2  847.76009 1.05e-04 6.66e+07 
L  35-0P1  0  1 35  0  846.49205 3.09e-05 3.77e+07 
L  35-0R1  0  1 35  2  846.40106 7.64e-05 3.67e+07 
L  36-0P1  0  1 36  0  845.87770 1.54e-05 1.15e+07 
L  36-0R1  0  1 36  2  845.85337 5.31e-05 1.25e+07 
L  37-0P1  0  1 37  0  845.70101 3.75e-07 4.65e+06 
L  37-0R1  0  1 37  2  845.68313 2.02e-05 1.82e+07 
W  0-0Q1   0  1  0  1 1009.76911 2.38e-02 1.18e+09 
W  1-0Q1   0  1  1  1  986.79452 3.65e-02 1.16e+09 
W  2-0Q1   0  1  2  1  966.09210 3.50e-02 1.14e+09 
W  3-0Q1   0  1  3  1  947.41891 2.75e-02 1.12e+09 
W  4-0Q1   0  1  4  1  930.57492 1.95e-02 1.11e+09 
W  5-0Q1   0  1  5  1  915.39917 1.31e-02 1.09e+09 
W  6-0Q1   0  1  6  1  901.76635 8.50e-03 1.08e+09 
W  7-0Q1   0  1  7  1  889.58007 5.48e-03 1.07e+09 
W  8-0Q1   0  1  8  1  878.77370 3.54e-03 1.02e+09 
W  9-0Q1   0  1  9  1  869.31168 2.13e-03 1.00e+09 
W  10-0Q1  0  1 10  1  861.19626 1.49e-03 6.56e+08 
W  11-0Q1  0  1 11  1  854.47424 9.50e-04 6.27e+08 
W  12-0Q1  0  1 12  1  849.26137 5.83e-04 4.12e+08 
W  13-0Q1  0  1 13  1  845.80315 2.83e-04 2.20e+08 
W  0-0R1   0  1  0  2 1008.49608 2.05e-02 1.18e+09 
W  1-0R1   0  1  1  2  985.64040 3.30e-02 1.16e+09 
W  2-0R1   0  1  2  2  965.06010 3.49e-02 1.13e+09 
W  3-0R1   0  1  3  2  946.38260 1.29e-02 1.03e+09 
W  4-0R1   0  1  4  2  929.68573 1.57e-02 1.10e+09 
W  5-0R1   0  1  5  2  914.60456 1.15e-02 1.08e+09 
W  6-0R1   0  1  6  2  901.06252 8.20e-03 1.06e+09 
W  7-0R1   0  1  7  2  889.01746 6.26e-03 8.91e+08 
W  8-0R1   0  1  8  2  878.15487 2.33e-03 9.73e+08 
W  9-0R1   0  1  9  2  868.78294 1.82e-03 9.80e+08 
W  10-0R1  0  1 10  2  860.74268 1.25e-03 6.33e+08 
W  11-0R1  0  1 11  2  854.09525 8.07e-04 6.00e+08 
W  12-0R1  0  1 12  2  848.96605 5.28e-04 4.29e+08 
W  13-0R1  0  1 13  2  845.61812 1.79e-04 2.23e+08 
L  0-0P2   0  2  0  1 1112.49505 6.91e-04 1.86e+09 
L  0-0R2   0  2  0  3 1110.11916 9.31e-04 1.85e+09 
L  1-0P2   0  2  1  1 1096.43641 2.37e-03 1.74e+09 
L  1-0R2   0  2  1  3 1094.24179 3.32e-03 1.73e+09 
L  2-0P2   0  2  2  1 1081.26308 4.70e-03 1.63e+09 
L  2-0R2   0  2  2  3 1079.22237 6.82e-03 1.62e+09 
L  3-0P2   0  2  3  1 1066.89734 7.10e-03 1.53e+09 
L  3-0R2   0  2  3  3 1064.99142 1.06e-02 1.53e+09 
L  4-0P2   0  2  4  1 1053.28084 9.02e-03 1.45e+09 
L  4-0R2   0  2  4  3 1051.49508 1.40e-02 1.44e+09 
L  5-0P2   0  2  5  1 1040.36383 1.02e-02 1.35e+09 
L  5-0R2   0  2  5  3 1038.68661 1.65e-02 1.33e+09 
L  6-0P2   0  2  6  1 1028.10236 1.06e-02 1.26e+09 
L  6-0R2   0  2  6  3 1026.52468 1.80e-02 1.23e+09 
L  7-0P2   0  2  7  1 1016.45777 1.02e-02 9.82e+08 
L  7-0R2   0  2  7  3 1014.97329 1.89e-02 9.94e+08 
L  8-0P2   0  2  8  1 1005.39000 9.91e-03 8.09e+08 
L  8-0R2   0  2  8  3 1003.98209 1.66e-02 7.46e+08 
L  9-0P2   0  2  9  1  994.87094 8.66e-03 6.59e+08 
L  9-0R2   0  2  9  3  993.54741 1.71e-02 6.53e+08 
L  10-0P2  0  2 10  1  984.86121 8.18e-03 6.32e+08 
L  10-0R2  0  2 10  3  983.58834 1.16e-02 6.30e+08 
L  11-0P2  0  2 11  1  975.34380 6.64e-03 6.07e+08 
L  11-0R2  0  2 11  3  974.15518 1.31e-02 5.85e+08 
L  12-0P2  0  2 12  1  966.27367 6.50e-03 4.71e+08 
L  12-0R2  0  2 12  3  965.04464 1.58e-03 5.70e+08 
L  13-0P2  0  2 13  1  957.65031 4.81e-03 4.61e+08 
L  13-0R2  0  2 13  3  956.57851 9.22e-03 4.63e+08 
L  14-0P2  0  2 14  1  949.35162 9.32e-03 6.37e+08 
L  14-0R2  0  2 14  3  948.46919 1.30e-02 4.55e+08 
L  15-0P2  0  2 15  1  941.59786 3.37e-03 3.82e+08 
L  15-0R2  0  2 15  3  940.62537 6.04e-03 3.85e+08 
L  16-0P2  0  2 16  1  934.14336 2.24e-03 3.76e+08 
L  16-0R2  0  2 16  3  933.23845 6.89e-03 3.80e+08 
L  17-0P2  0  2 17  1  927.01904 2.33e-03 3.16e+08 
L  17-0R2  0  2 17  3  926.13130 3.71e-03 3.19e+08 
L  18-0P2  0  2 18  1  920.24215 1.68e-03 3.03e+08 
L  18-0R2  0  2 18  3  919.41722 4.17e-03 3.09e+08 
L  19-0P2  0  2 19  1  913.76983 1.61e-03 2.74e+08 
L  19-0R2  0  2 19  3  912.95062 2.01e-03 2.87e+08 
L  20-0P2  0  2 20  1  907.61027 1.19e-03 2.63e+08 
L  20-0R2  0  2 20  3  906.85716 2.59e-03 2.68e+08 
L  21-0P2  0  2 21  1  901.72667 1.16e-03 2.54e+08 
L  21-0R2  0  2 21  3  900.94270 5.62e-04 3.11e+08 
L  22-0P2  0  2 22  1  896.13403 8.09e-04 2.37e+08 
L  22-0R2  0  2 22  3  895.44634 1.62e-03 2.38e+08 
L  23-0P2  0  2 23  1  890.78488 9.64e-04 2.46e+08 
L  23-0R2  0  2 23  3  890.28050 3.76e-03 4.22e+08 
L  24-0P2  0  2 24  1  885.72586 5.57e-04 2.07e+08 
L  24-0R2  0  2 24  3  885.09792 1.02e-03 2.06e+08 
L  25-0P2  0  2 25  1  880.92726 1.67e-04 2.55e+08 
L  25-0R2  0  2 25  3  880.34795 1.46e-03 2.22e+08 
L  26-0P2  0  2 26  1  876.32012 3.85e-04 1.75e+08 
L  26-0R2  0  2 26  3  875.74992 6.37e-04 1.75e+08 
L  27-0P2  0  2 27  1  871.99277 2.39e-04 1.69e+08 
L  27-0R2  0  2 27  3  871.47374 8.29e-04 1.75e+08 
L  28-0P2  0  2 28  1  867.89094 2.66e-04 1.49e+08 
L  28-0R2  0  2 28  3  867.37754 4.00e-04 1.57e+08 
L  29-0P2  0  2 29  1  864.05592 1.79e-04 1.41e+08 
L  29-0R2  0  2 29  3  863.59328 5.24e-04 1.47e+08 
L  30-0P2  0  2 30  1  860.47079 1.82e-04 1.28e+08 
L  30-0R2  0  2 30  3  860.01938 2.55e-04 1.34e+08 
L  31-0P2  0  2 31  1  857.18486 1.22e-04 1.18e+08 
L  31-0R2  0  2 31  3  856.78900 3.41e-04 1.20e+08 
L  32-0P2  0  2 32  1  854.21424 1.19e-04 1.03e+08 
L  32-0R2  0  2 32  3  853.84154 1.65e-04 1.05e+08 
L  33-0P2  0  2 33  1  851.64113 7.37e-05 8.87e+07 
L  33-0R2  0  2 33  3  851.33590 2.13e-04 9.00e+07 
L  34-0P2  0  2 34  1  849.55885 6.49e-05 6.63e+07 
L  34-0R2  0  2 34  3  849.30847 8.55e-05 6.76e+07 
L  35-0P2  0  2 35  1  848.15448 3.18e-05 3.74e+07 
L  35-0R2  0  2 35  3  848.00704 6.55e-05 3.52e+07 
L  36-0P2  0  2 36  1  847.57147 2.83e-05 1.51e+07 
L  36-0R2  0  2 36  3  847.50898 2.82e-05 1.06e+07 
L  37-0P2  0  2 37  1  847.38330 1.96e-06 6.11e+06 
L  37-0R2  0  2 37  3  847.35027 2.22e-06 6.39e+06 
W  0-0Q2   0  2  0  2 1010.93631 2.37e-02 1.18e+09 
W  1-0Q2   0  2  1  2  987.97067 3.64e-02 1.16e+09 
W  2-0Q2   0  2  2  2  967.27674 3.51e-02 1.14e+09 
W  3-0Q2   0  2  3  2  948.61261 2.75e-02 1.12e+09 
W  4-0Q2   0  2  4  2  931.77836 1.94e-02 1.10e+09 
W  5-0Q2   0  2  5  2  916.61389 1.31e-02 1.09e+09 
W  6-0Q2   0  2  6  2  902.99438 8.51e-03 1.08e+09 
W  7-0Q2   0  2  7  2  890.82439 5.50e-03 1.07e+09 
W  8-0Q2   0  2  8  2  880.03805 3.55e-03 1.02e+09 
W  9-0Q2   0  2  9  2  870.60108 2.30e-03 1.00e+09 
W  10-0Q2  0  2 10  2  862.51785 1.49e-03 6.33e+08 
W  11-0Q2  0  2 11  2  855.83802 9.53e-04 6.19e+08 
W  12-0Q2  0  2 12  2  850.68294 5.80e-04 4.39e+08 
W  13-0Q2  0  2 13  2  847.31380 2.73e-04 2.47e+08 
W  0-0P2   0  2  0  1 1012.16716 5.51e-03 1.18e+09 
W  0-0R2   0  2  0  3 1009.02217 1.56e-02 1.18e+09 
W  1-0P2   0  2  1  1  989.08427 8.10e-03 1.16e+09 
W  1-0R2   0  2  1  3  986.23949 2.61e-02 1.15e+09 
W  2-0P2   0  2  2  1  968.29033 7.23e-03 1.14e+09 
W  2-0R2   0  2  2  3  965.78979 3.23e-02 1.04e+09 
W  3-0P2   0  2  3  1  949.60656 8.92e-04 9.03e+08 
W  3-0R2   0  2  3  3  947.10889 1.33e-02 1.09e+09 
W  4-0P2   0  2  4  1  932.60171 4.77e-03 1.10e+09 
W  4-0R2   0  2  4  3  930.44427 1.20e-02 1.09e+09 
W  5-0P2   0  2  5  1  917.36698 2.95e-03 1.09e+09 
W  5-0R2   0  2  5  3  915.42591 9.09e-03 1.07e+09 
W  6-0P2   0  2  6  1  903.68131 1.79e-03 1.07e+09 
W  6-0R2   0  2  6  3  901.96831 6.97e-03 1.01e+09 
W  7-0P2   0  2  7  1  891.45620 9.36e-04 1.05e+09 
W  7-0R2   0  2  7  3  889.70932 1.29e-03 8.66e+08 
W  8-0P2   0  2  8  1  880.56314 1.07e-03 9.61e+08 
W  8-0R2   0  2  8  3  879.12505 1.91e-03 9.80e+08 
W  9-0P2   0  2  9  1  871.08287 5.24e-04 9.89e+08 
W  9-0R2   0  2  9  3  869.81262 1.42e-03 9.63e+08 
W  10-0P2  0  2 10  1  862.93882 3.53e-04 6.55e+08 
W  10-0R2  0  2 10  3  861.84266 9.79e-04 6.08e+08 
W  11-0P2  0  2 11  1  856.19173 2.24e-04 6.20e+08 
W  11-0R2  0  2 11  3  855.27601 6.33e-04 5.54e+08 
W  12-0P2  0  2 12  1  850.95976 1.25e-04 4.09e+08 
W  12-0R2  0  2 12  3  850.24947 4.17e-04 4.44e+08 
W  13-0P2  0  2 13  1  847.48944 5.30e-05 2.09e+08 
L  0-0P3   0  3  0  2 1115.89495 7.39e-04 1.86e+09 
L  0-0R3   0  3  0  4 1112.58269 8.47e-04 1.84e+09 
L  1-0P3   0  3  1  2 1099.78504 2.53e-03 1.73e+09 
L  1-0R3   0  3  1  4 1096.72284 3.06e-03 1.72e+09 
L  2-0P3   0  3  2  2 1084.55788 5.01e-03 1.62e+09 
L  2-0R3   0  3  2  4 1081.70847 6.36e-03 1.61e+09 
L  3-0P3   0  3  3  2 1070.13802 7.54e-03 1.53e+09 
L  3-0R3   0  3  3  4 1067.47556 1.00e-02 1.52e+09 
L  4-0P3   0  3  4  2 1056.46845 9.56e-03 1.44e+09 
L  4-0R3   0  3  4  4 1053.97290 1.34e-02 1.43e+09 
L  5-0P3   0  3  5  2 1043.50007 1.08e-02 1.34e+09 
L  5-0R3   0  3  5  4 1041.15563 1.58e-02 1.33e+09 
L  6-0P3   0  3  6  2 1031.18957 1.11e-02 1.25e+09 
L  6-0R3   0  3  6  4 1028.98337 1.74e-02 1.18e+09 
L  7-0P3   0  3  7  2 1019.49914 1.05e-02 9.86e+08 
L  7-0R3   0  3  7  4 1017.42099 1.84e-02 9.93e+08 
L  8-0P3   0  3  8  2 1008.38330 1.04e-02 7.83e+08 
L  8-0R3   0  3  8  4 1006.41124 1.57e-02 7.04e+08 
L  9-0P3   0  3  9  2  997.82414 8.76e-03 6.58e+08 
L  9-0R3   0  3  9  4  995.96971 1.67e-02 6.38e+08 
L  10-0P3  0  3 10  2  987.76690 8.93e-03 6.32e+08 
L  10-0R3  0  3 10  4  985.96129 8.28e-03 6.38e+08 
L  11-0P3  0  3 11  2  978.21649 6.73e-03 6.02e+08 
L  11-0R3  0  3 11  4  976.55048 1.29e-02 5.33e+08 
L  12-0P3  0  3 12  2  969.08841 8.16e-03 4.83e+08 
L  12-0R3  0  3 12  4  967.67332 2.27e-02 5.64e+08 
L  13-0P3  0  3 13  2  960.44909 4.93e-03 4.63e+08 
L  13-0R3  0  3 13  4  958.94507 8.97e-03 4.46e+08 
L  14-0P3  0  3 14  2  952.27248 6.57e-04 5.11e+08 
L  14-0R3  0  3 14  4  950.81745 1.09e-02 4.21e+08 
L  15-0P3  0  3 15  2  944.32933 3.52e-03 3.83e+08 
L  15-0R3  0  3 15  4  942.96335 5.74e-03 3.82e+08 
L  16-0P3  0  3 16  2  936.85626 2.05e-03 3.79e+08 
L  16-0R3  0  3 16  4  935.57482 6.58e-03 3.58e+08 
L  17-0P3  0  3 17  2  929.68893 2.51e-03 3.17e+08 
L  17-0R3  0  3 17  4  928.43821 3.31e-03 3.21e+08 
L  18-0P3  0  3 18  2  922.89439 1.62e-03 3.06e+08 
L  18-0R3  0  3 18  4  921.73069 4.08e-03 3.00e+08 
L  19-0P3  0  3 19  2  916.38231 1.83e-03 2.77e+08 
L  19-0R3  0  3 19  4  915.21235 1.35e-03 3.09e+08 
L  20-0P3  0  3 20  2  910.20914 1.17e-03 2.65e+08 
L  20-0R3  0  3 20  4  909.14909 2.53e-03 2.67e+08 
L  21-0P3  0  3 21  2  904.28374 1.45e-03 2.65e+08 
L  21-0R3  0  3 21  4  903.00825 1.65e-04 6.16e+08 
L  22-0P3  0  3 22  2  898.68689 8.27e-04 2.37e+08 
L  22-0R3  0  3 22  4  897.71958 1.57e-03 2.38e+08 
L  23-0P3  0  3 23  2  893.24187 1.83e-03 3.98e+08 
L  23-0R3  0  3 23  4  892.49568 2.47e-03 2.78e+08 
L  24-0P3  0  3 24  2  888.23625 5.84e-04 2.06e+08 
L  24-0R3  0  3 24  4  887.35349 9.59e-04 2.07e+08 
L  25-0P3  0  3 25  2  883.43312 1.76e-04 2.37e+08 
L  25-0R3  0  3 25  4  882.60428 1.29e-03 2.06e+08 
L  26-0P3  0  3 26  2  878.79594 4.14e-04 1.75e+08 
L  26-0R3  0  3 26  4  877.99118 5.77e-04 1.80e+08 
L  27-0P3  0  3 27  2  874.46481 2.13e-04 1.73e+08 
L  27-0R3  0  3 27  4  873.72521 7.84e-04 1.68e+08 
L  28-0P3  0  3 28  2  870.33823 2.92e-04 1.51e+08 
L  28-0R3  0  3 28  4  869.61165 3.37e-04 1.66e+08 
L  29-0P3  0  3 29  2  866.50112 1.65e-04 1.43e+08 
L  29-0R3  0  3 29  4  865.84539 5.03e-04 1.47e+08 
L  30-0P3  0  3 30  2  862.89794 2.03e-04 1.29e+08 
L  30-0R3  0  3 30  4  862.25732 2.02e-04 1.36e+08 
L  31-0P3  0  3 31  2  859.61491 1.14e-04 1.21e+08 
L  31-0R3  0  3 31  4  859.05443 3.29e-04 1.20e+08 
L  32-0P3  0  3 32  2  856.63407 1.34e-04 1.04e+08 
L  32-0R3  0  3 32  4  856.10677 1.27e-04 1.11e+08 
L  33-0P3  0  3 33  2  854.07337 6.83e-05 8.98e+07 
L  33-0R3  0  3 33  4  853.64394 1.99e-04 8.78e+07 
L  34-0P3  0  3 34  2  852.00023 7.26e-05 6.66e+07 
L  34-0R3  0  3 34  4  851.64831 6.33e-05 7.16e+07 
L  35-0P3  0  3 35  2  850.62758 3.01e-05 3.67e+07 
L  35-0R3  0  3 35  4  850.43010 5.59e-05 3.06e+07 
L  36-0P3  0  3 36  2  850.07442 1.27e-05 1.25e+07 
L  36-0R3  0  3 36  4  849.99638 1.78e-05 8.11e+06 
L  37-0P3  0  3 37  2  849.90247 2.35e-06 1.82e+07 
L  37-0R3  0  3 37  4  849.84685 6.17e-06 5.34e+06 
W  0-0Q3   0  3  0  3 1012.67781 2.38e-02 1.18e+09 
W  1-0Q3   0  3  1  3  989.72585 3.66e-02 1.16e+09 
W  2-0Q3   0  3  2  3  969.04540 3.51e-02 1.14e+09 
W  3-0Q3   0  3  3  3  950.39508 2.75e-02 1.12e+09 
W  4-0Q3   0  3  4  3  933.57580 1.95e-02 1.10e+09 
W  5-0Q3   0  3  5  3  918.42874 1.30e-02 1.09e+09 
W  6-0Q3   0  3  6  3  904.82965 8.54e-03 1.08e+09 
W  7-0Q3   0  3  7  3  892.68450 5.52e-03 1.07e+09 
W  8-0Q3   0  3  8  3  881.92871 3.57e-03 1.01e+09 
W  9-0Q3   0  3  9  3  872.52992 2.31e-03 9.96e+08 
W  10-0Q3  0  3 10  3  864.49581 1.50e-03 6.02e+08 
W  11-0Q3  0  3 11  3  857.88059 9.55e-04 5.91e+08 
W  12-0Q3  0  3 12  3  852.81446 5.77e-04 4.75e+08 
W  0-0P3   0  3  0  2 1014.50221 8.28e-03 1.18e+09 
W  0-0R3   0  3  0  4 1010.12754 1.38e-02 1.17e+09 
W  1-0P3   0  3  1  2  991.37661 1.19e-02 1.16e+09 
W  1-0R3   0  3  1  4  987.44386 2.57e-02 1.13e+09 
W  2-0P3   0  3  2  2  970.55859 9.74e-03 1.13e+09 
W  2-0R3   0  3  2  4  966.77812 7.58e-03 1.03e+09 
W  3-0P3   0  3  3  2  951.66974 1.27e-02 1.03e+09 
W  3-0R3   0  3  3  4  948.41702 1.28e-02 1.10e+09 
W  4-0P3   0  3  4  2  934.78745 7.09e-03 1.10e+09 
W  4-0R3   0  3  4  4  931.80883 1.08e-02 1.08e+09 
W  5-0P3   0  3  5  2  919.54167 4.34e-03 1.08e+09 
W  5-0R3   0  3  5  4  916.87451 8.56e-03 1.04e+09 
W  6-0P3   0  3  6  2  905.85413 2.50e-03 1.06e+09 
W  6-0R3   0  3  6  4  903.65681 6.60e-03 7.00e+08 
W  7-0P3   0  3  7  2  893.68148 6.97e-04 8.91e+08 
W  7-0R3   0  3  7  4  891.29801 2.10e-03 9.95e+08 
W  8-0P3   0  3  8  2  882.70532 1.45e-03 9.73e+08 
W  8-0R3   0  3  8  4  880.73291 1.79e-03 9.77e+08 
W  9-0P3   0  3  9  2  873.23653 8.41e-04 9.80e+08 
W  9-0R3   0  3  9  4  871.49607 1.31e-03 9.14e+08 
W  10-0P3  0  3 10  2  865.11402 5.21e-04 6.33e+08 
W  10-0R3  0  3 10  4  863.61506 9.09e-04 5.90e+08 
W  11-0P3  0  3 11  2  858.39916 3.30e-04 6.00e+08 
W  11-0R3  0  3 11  4  857.15187 5.89e-04 4.20e+08 
W  12-0P3  0  3 12  2  853.21830 1.81e-04 4.29e+08 
W  12-0R3  0  3 12  4  852.26222 3.91e-04 3.45e+08 
W  13-0P3  0  3 13  2  849.83681 9.44e-05 2.23e+08 
L  0-0P4   0  4  0  3 1120.24748 7.57e-04 1.85e+09 
L  0-0R4   0  4  0  5 1116.01239 7.78e-04 1.83e+09 
L  1-0P4   0  4  1  3 1104.08118 2.60e-03 1.73e+09 
L  1-0R4   0  4  1  5 1100.16121 2.86e-03 1.71e+09 
L  2-0P4   0  4  2  3 1088.79232 5.16e-03 1.62e+09 
L  2-0R4   0  4  2  5 1085.14221 6.04e-03 1.60e+09 
L  3-0P4   0  4  3  3 1074.30956 7.74e-03 1.53e+09 
L  3-0R4   0  4  3  5 1070.89657 9.62e-03 1.51e+09 
L  4-0P4   0  4  4  3 1060.57754 9.80e-03 1.44e+09 
L  4-0R4   0  4  4  5 1057.37698 1.29e-02 1.42e+09 
L  5-0P4   0  4  5  3 1047.54821 1.10e-02 1.33e+09 
L  5-0R4   0  4  5  5 1044.54024 1.55e-02 1.32e+09 
L  6-0P4   0  4  6  3 1035.17911 1.13e-02 1.23e+09 
L  6-0R4   0  4  6  5 1032.34715 1.71e-02 1.15e+09 
L  7-0P4   0  4  7  3 1023.43324 1.05e-02 9.94e+08 
L  7-0R4   0  4  7  5 1020.76335 1.81e-02 9.84e+08 
L  8-0P4   0  4  8  3 1012.25906 1.08e-02 7.46e+08 
L  8-0R4   0  4  8  5 1009.71528 1.41e-02 6.97e+08 
L  9-0P4   0  4  9  3 1001.65253 8.69e-03 6.53e+08 
L  9-0R4   0  4  9  5  999.26734 1.66e-02 6.36e+08 
L  10-0P4  0  4 10  3  991.53113 9.92e-03 6.30e+08 
L  10-0R4  0  4 10  5  989.55211 3.10e-02 8.13e+08 
L  11-0P4  0  4 11  3  981.94575 6.71e-03 5.85e+08 
L  11-0R4  0  4 11  5  979.80312 1.28e-02 5.20e+08 
L  12-0P4  0  4 12  3  972.68960 1.36e-02 5.70e+08 
L  12-0R4  0  4 12  5  970.83495 1.60e-02 4.84e+08 
L  13-0P4  0  4 13  3  964.08941 4.99e-03 4.63e+08 
L  13-0R4  0  4 13  5  962.15165 8.75e-03 4.48e+08 
L  14-0P4  0  4 14  3  955.85279 1.69e-03 4.55e+08 
L  14-0R4  0  4 14  5  954.00258 1.01e-02 4.15e+08 
L  15-0P4  0  4 15  3  947.88689 3.66e-03 3.85e+08 
L  15-0R4  0  4 15  5  946.12195 5.33e-03 3.86e+08 
L  16-0P4  0  4 16  3  940.38593 1.99e-03 3.80e+08 
L  16-0R4  0  4 16  5  938.72809 6.38e-03 3.55e+08 
L  17-0P4  0  4 17  3  933.16992 2.71e-03 3.19e+08 
L  17-0R4  0  4 17  5  931.53740 2.53e-03 3.39e+08 
L  18-0P4  0  4 18  3  926.35376 1.57e-03 3.09e+08 
L  18-0R4  0  4 18  5  924.84933 4.00e-03 3.02e+08 
L  19-0P4  0  4 19  3  919.78957 2.13e-03 2.87e+08 
L  19-0R4  0  4 19  5  918.15038 4.53e-05 4.92e+08 
L  20-0P4  0  4 20  3  913.60478 1.16e-03 2.68e+08 
L  20-0R4  0  4 20  5  912.23464 2.47e-03 2.70e+08 
L  21-0P4  0  4 21  3  907.60228 2.12e-03 3.11e+08 
L  21-0R4  0  4 21  5  906.50802 4.17e-03 3.39e+08 
L  22-0P4  0  4 22  3  902.02461 8.43e-04 2.38e+08 
L  22-0R4  0  4 22  5  900.77414 1.50e-03 2.40e+08 
L  23-0P4  0  4 23  3  896.78281 8.99e-09 4.22e+08 
L  23-0R4  0  4 23  5  895.52838 2.06e-03 2.46e+08 
L  24-0P4  0  4 24  3  891.52447 6.12e-04 2.06e+08 
L  24-0R4  0  4 24  5  890.37982 8.73e-04 2.10e+08 
L  25-0P4  0  4 25  3  886.70547 2.11e-04 2.22e+08 
L  25-0R4  0  4 25  5  885.63275 1.20e-03 2.00e+08 
L  26-0P4  0  4 26  3  882.04096 4.46e-04 1.75e+08 
L  26-0R4  0  4 26  5  880.99191 4.71e-04 1.95e+08 
L  27-0P4  0  4 27  3  877.70328 2.08e-04 1.75e+08 
L  27-0R4  0  4 27  5  876.74369 7.52e-04 1.67e+08 
L  28-0P4  0  4 28  3  873.54845 3.25e-04 1.57e+08 
L  28-0R4  0  4 28  5  872.59030 2.20e-04 1.98e+08 
L  29-0P4  0  4 29  3  869.71027 1.61e-04 1.47e+08 
L  29-0R4  0  4 29  5  868.86091 4.86e-04 1.49e+08 
L  30-0P4  0  4 30  3  866.08566 2.31e-04 1.34e+08 
L  30-0R4  0  4 30  5  865.23064 9.41e-05 1.61e+08 
L  31-0P4  0  4 31  3  862.80964 1.09e-04 1.20e+08 
L  31-0R4  0  4 31  5  862.08591 3.16e-04 1.20e+08 
L  32-0P4  0  4 32  3  859.82068 1.50e-04 1.05e+08 
L  32-0R4  0  4 32  5  859.11450 4.86e-05 1.43e+08 
L  33-0P4  0  4 33  3  857.27987 6.70e-05 9.00e+07 
L  33-0R4  0  4 33  5  856.72903 1.90e-04 8.61e+07 
L  34-0P4  0  4 34  3  855.22408 8.45e-05 6.76e+07 
L  34-0R4  0  4 34  5  854.74162 1.98e-08 1.45e+08 
L  35-0P4  0  4 35  3  853.90446 2.91e-05 3.52e+07 
L  35-0R4  0  4 35  5  853.66755 4.41e-05 2.70e+07 
L  36-0P4  0  4 36  3  853.39946 8.38e-06 1.06e+07 
L  36-0R4  0  4 36  5  853.30843 1.06e-05 6.71e+06 
L  37-0P4  0  4 37  3  853.23854 9.76e-08 6.39e+06 
W  0-0Q4   0  4  0  4 1014.98019 2.39e-02 1.17e+09 
W  1-0Q4   0  4  1  4  992.04735 3.66e-02 1.15e+09 
W  2-0Q4   0  4  2  4  971.38541 3.51e-02 1.13e+09 
W  3-0Q4   0  4  3  4  952.75434 2.76e-02 1.12e+09 
W  4-0Q4   0  4  4  4  935.95591 1.96e-02 1.10e+09 
W  5-0Q4   0  4  5  4  920.83278 1.31e-02 1.09e+09 
W  6-0Q4   0  4  6  4  907.26179 8.58e-03 1.08e+09 
W  7-0Q4   0  4  7  4  895.15065 5.55e-03 1.06e+09 
W  8-0Q4   0  4  8  4  884.43667 3.59e-03 1.01e+09 
W  9-0Q4   0  4  9  4  875.09023 2.33e-03 9.77e+08 
W  10-0Q4  0  4 10  4  867.12332 1.51e-03 5.74e+08 
W  11-0Q4  0  4 11  4  860.59660 9.58e-04 5.10e+08 
W  12-0Q4  0  4 12  4  855.65341 5.71e-04 4.91e+08 
W  0-0P4   0  4  0  3 1017.38280 9.95e-03 1.18e+09 
W  0-0R4   0  4  0  5 1011.81046 1.40e-02 1.17e+09 
W  1-0P4   0  4  1  3  994.22534 1.38e-02 1.15e+09 
W  1-0R4   0  4  1  5  988.86987 8.71e-04 9.53e+08 
W  2-0P4   0  4  2  3  973.44662 6.93e-03 1.04e+09 
W  2-0R4   0  4  2  5  968.66270 1.26e-02 1.11e+09 
W  3-0P4   0  4  3  3  954.47124 1.36e-02 1.09e+09 
W  3-0R4   0  4  3  5  950.31208 1.26e-02 1.10e+09 
W  4-0P4   0  4  4  3  937.54884 8.36e-03 1.09e+09 
W  4-0R4   0  4  4  5  933.78642 1.08e-02 1.06e+09 
W  5-0P4   0  4  5  3  922.30213 5.02e-03 1.07e+09 
W  5-0R4   0  4  5  5  919.04703 9.30e-03 8.60e+08 
W  6-0P4   0  4  6  3  908.64311 2.45e-03 1.01e+09 
W  6-0R4   0  4  6  5  905.31042 2.25e-03 9.72e+08 
W  7-0P4   0  4  7  3  896.20326 2.90e-03 8.66e+08 
W  7-0R4   0  4  7  5  893.47252 2.36e-03 1.02e+09 
W  8-0P4   0  4  8  3  885.46486 1.65e-03 9.80e+08 
W  8-0R4   0  4  8  5  882.97975 1.83e-03 9.61e+08 
W  9-0P4   0  4  9  3  876.01835 9.75e-04 9.63e+08 
W  9-0R4   0  4  9  5  873.84363 1.35e-03 8.50e+08 
W  10-0P4  0  4 10  3  867.93478 6.07e-04 6.08e+08 
W  10-0R4  0  4 10  5  866.07876 9.63e-04 5.60e+08 
W  11-0P4  0  4 11  3  861.27533 3.82e-04 5.54e+08 
W  11-0R4  0  4 11  5  859.74351 6.30e-04 3.58e+08 
W  12-0P4  0  4 12  3  856.17824 2.03e-04 4.44e+08 
W  12-0R4  0  4 12  5  855.04251 3.93e-04 2.98e+08 
L  0-0P5   0  5  0  4 1125.53940 7.58e-04 1.84e+09 
L  0-0R5   0  5  0  6 1120.39822 7.16e-04 1.82e+09 
L  1-0P5   0  5  1  4 1109.31070 2.61e-03 1.72e+09 
L  1-0R5   0  5  1  6 1104.54557 2.68e-03 1.70e+09 
L  2-0P5   0  5  2  4 1093.95211 5.21e-03 1.61e+09 
L  2-0R5   0  5  2  6 1089.51060 5.74e-03 1.59e+09 
L  3-0P5   0  5  3  4 1079.39734 7.83e-03 1.52e+09 
L  3-0R5   0  5  3  6 1075.24153 9.28e-03 1.50e+09 
L  4-0P5   0  5  4  4 1065.59334 9.90e-03 1.43e+09 
L  4-0R5   0  5  4  6 1061.69398 1.26e-02 1.41e+09 
L  5-0P5   0  5  5  4 1052.49365 1.11e-02 1.33e+09 
L  5-0R5   0  5  5  6 1048.82688 1.52e-02 1.31e+09 
L  6-0P5   0  5  6  4 1040.05642 1.13e-02 1.18e+09 
L  6-0R5   0  5  6  6 1036.60243 1.70e-02 1.11e+09 
L  7-0P5   0  5  7  4 1028.24528 1.05e-02 9.93e+08 
L  7-0R5   0  5  7  6 1024.98672 1.80e-02 9.52e+08 
L  8-0P5   0  5  8  4 1017.00131 1.12e-02 7.04e+08 
L  8-0R5   0  5  8  6 1013.70643 1.16e-03 8.90e+08 
L  9-0P5   0  5  9  4 1006.34004 8.63e-03 6.38e+08 
L  9-0R5   0  5  9  6 1003.42580 1.65e-02 6.30e+08 
L  10-0P5  0  5 10  4  996.12319 1.28e-02 6.38e+08 
L  10-0R5  0  5 10  6  993.48976 2.01e-02 6.23e+08 
L  11-0P5  0  5 11  4  986.51834 6.72e-03 5.33e+08 
L  11-0R5  0  5 11  6  983.89666 1.26e-02 4.82e+08 
L  12-0P5  0  5 12  4  977.45987 3.64e-04 5.64e+08 
L  12-0R5  0  5 12  6  974.88416 1.42e-02 4.66e+08 
L  13-0P5  0  5 13  4  968.55499 5.10e-03 4.46e+08 
L  13-0R5  0  5 13  6  966.17900 8.32e-03 4.36e+08 
L  14-0P5  0  5 14  4  960.26436 2.24e-03 4.21e+08 
L  14-0R5  0  5 14  6  958.01050 9.61e-03 3.95e+08 
L  15-0P5  0  5 15  4  952.25408 3.88e-03 3.82e+08 
L  15-0R5  0  5 15  6  950.07372 4.37e-03 3.94e+08 
L  16-0P5  0  5 16  4  944.71981 2.04e-03 3.58e+08 
L  16-0R5  0  5 16  6  942.68663 6.24e-03 3.34e+08 
L  17-0P5  0  5 17  4  937.44355 3.08e-03 3.21e+08 
L  17-0R5  0  5 17  6  935.32429 4.56e-04 4.70e+08 
L  18-0P5  0  5 18  4  930.60575 1.58e-03 3.00e+08 
L  18-0R5  0  5 18  6  928.76045 3.91e-03 2.93e+08 
L  19-0P5  0  5 19  4  923.96174 2.87e-03 3.09e+08 
L  19-0R5  0  5 19  6  922.47272 6.66e-03 3.90e+08 
L  20-0P5  0  5 20  4  917.78239 1.19e-03 2.67e+08 
L  20-0R5  0  5 20  6  916.09999 2.38e-03 2.69e+08 
L  21-0P5  0  5 21  4  911.52476 4.30e-03 6.16e+08 
L  21-0R5  0  5 21  6  910.31247 3.24e-03 2.74e+08 
L  22-0P5  0  5 22  4  906.13616 8.85e-04 2.38e+08 
L  22-0R5  0  5 22  6  904.59434 1.36e-03 2.45e+08 
L  23-0P5  0  5 23  4  900.81415 1.51e-04 2.78e+08 
L  23-0R5  0  5 23  6  899.33889 1.88e-03 2.27e+08 
L  24-0P5  0  5 24  4  895.57594 6.64e-04 2.07e+08 
L  24-0R5  0  5 24  6  894.15375 6.81e-04 2.28e+08 
L  25-0P5  0  5 25  4  890.73854 2.50e-04 2.06e+08 
L  25-0R5  0  5 25  6  889.42341 1.14e-03 1.90e+08 
L  26-0P5  0  5 26  4  886.04025 5.07e-04 1.80e+08 
L  26-0R5  0  5 26  6  884.70686 2.18e-04 2.63e+08 
L  27-0P5  0  5 27  4  881.69590 2.18e-04 1.68e+08 
L  27-0R5  0  5 27  6  880.51662 7.23e-04 1.67e+08 
L  28-0P5  0  5 28  4  877.50711 3.90e-04 1.66e+08 
L  28-0R5  0  5 28  6  876.21692 4.23e-06 3.65e+08 
L  29-0P5  0  5 29  4  873.67231 1.66e-04 1.47e+08 
L  29-0R5  0  5 29  6  872.62860 4.63e-04 1.49e+08 
L  30-0P5  0  5 30  4  870.01922 2.87e-04 1.36e+08 
L  30-0R5  0  5 30  6  869.36950 1.01e-03 3.60e+08 
L  31-0P5  0  5 31  4  866.75850 1.14e-04 1.20e+08 
L  31-0R5  0  5 31  6  865.87216 2.99e-04 1.14e+08 
L  32-0P5  0  5 32  4  863.75784 1.89e-04 1.11e+08 
L  32-0R5  0  5 32  6  863.19044 6.15e-04 1.65e+08 
L  33-0P5  0  5 33  4  861.25085 7.01e-05 8.78e+07 
L  33-0R5  0  5 33  6  860.58379 1.73e-04 8.27e+07 
L  34-0P5  0  5 34  4  859.21954 1.23e-04 7.16e+07 
L  34-0R5  0  5 34  6  858.80410 2.77e-04 7.33e+07 
L  35-0P5  0  5 35  4  857.97958 2.94e-05 3.06e+07 
L  35-0R5  0  5 35  6  857.71539 2.88e-05 2.18e+07 
L  36-0P5  0  5 36  4  857.53813 6.71e-06 8.11e+06 
L  36-0R5  0  5 36  6  857.43887 3.44e-06 5.70e+06 
L  37-0P5  0  5 37  4  857.38594 9.56e-06 5.34e+06 
W  0-0Q5   0  5  0  5 1017.82952 2.39e-02 1.17e+09 
W  1-0Q5   0  5  1  5  994.92192 3.67e-02 1.15e+09 
W  2-0Q5   0  5  2  5  974.28444 3.52e-02 1.13e+09 
W  3-0Q5   0  5  3  5  955.67850 2.77e-02 1.11e+09 
W  4-0Q5   0  5  4  5  938.90719 1.96e-02 1.10e+09 
W  5-0Q5   0  5  5  5  923.81526 1.32e-02 1.08e+09 
W  6-0Q5   0  5  6  5  910.28056 8.62e-03 1.07e+09 
W  7-0Q5   0  5  7  5  898.21346 5.59e-03 1.06e+09 
W  8-0Q5   0  5  8  5  887.55338 3.61e-03 1.00e+09 
W  9-0Q5   0  5  9  5  878.27442 2.35e-03 8.93e+08 
W  10-0Q5  0  5 10  5  870.39429 1.52e-03 5.72e+08 
W  11-0Q5  0  5 11  5  863.98246 9.60e-04 2.56e+08 
W  12-0Q5  0  5 12  5  859.20072 5.61e-04 1.75e+08 
W  0-0P5   0  5  0  4 1020.79638 1.09e-02 1.17e+09 
W  0-0R5   0  5  0  6 1014.23746 2.61e-02 9.52e+08 
W  1-0P5   0  5  1  4  997.63650 1.29e-02 1.13e+09 
W  1-0R5   0  5  1  6  991.36816 1.08e-02 1.13e+09 
W  2-0P5   0  5  2  4  976.54648 2.19e-02 1.03e+09 
W  2-0R5   0  5  2  6  971.07215 1.38e-02 1.11e+09 
W  3-0P5   0  5  3  4  957.81606 1.42e-02 1.10e+09 
W  3-0R5   0  5  3  6  952.80227 1.33e-02 1.08e+09 
W  4-0P5   0  5  4  4  940.87999 8.98e-03 1.08e+09 
W  4-0R5   0  5  4  6  936.46208 1.25e-02 9.25e+08 
W  5-0P5   0  5  5  4  925.65586 4.95e-03 1.04e+09 
W  5-0R5   0  5  5  6  921.21943 2.47e-03 9.54e+08 
W  6-0P5   0  5  6  4  912.18562 6.84e-04 7.00e+08 
W  6-0R5   0  5  6  6  908.04542 3.13e-03 1.02e+09 
W  7-0P5   0  5  7  4  899.59406 3.00e-03 9.95e+08 
W  7-0R5   0  5  7  6  896.26543 6.46e-03 7.68e+08 
W  8-0P5   0  5  8  4  888.83256 1.73e-03 9.77e+08 
W  8-0R5   0  5  8  6  885.89488 2.06e-03 8.87e+08 
W  9-0P5   0  5  9  4  879.42595 1.03e-03 9.14e+08 
W  9-0R5   0  5  9  6  876.93836 1.55e-03 6.13e+08 
W  10-0P5  0  5 10  4  871.40153 6.26e-04 5.90e+08 
W  10-0R5  0  5 10  6  868.79237 3.13e-05 3.43e+08 
W  11-0P5  0  5 11  4  864.82171 3.90e-04 4.20e+08 
W  11-0R5  0  5 11  6  862.71831 4.51e-05 2.19e+08 
W  12-0P5  0  5 12  4  859.84441 1.90e-04 3.45e+08 
W  12-0R5  0  5 12  6  858.36004 3.82e-04 1.96e+08 
L  0-0P6   0  6  0  5 1131.74970 7.47e-04 1.83e+09 
L  0-0R6   0  6  0  7 1125.72211 6.55e-04 1.80e+09 
L  1-0P6   0  6  1  5 1115.45158 2.60e-03 1.71e+09 
L  1-0R6   0  6  1  7 1109.85586 2.51e-03 1.68e+09 
L  2-0P6   0  6  2  5 1100.01514 5.20e-03 1.60e+09 
L  2-0R6   0  6  2  7 1094.79346 5.47e-03 1.58e+09 
L  3-0P6   0  6  3  5 1085.37895 7.86e-03 1.51e+09 
L  3-0R6   0  6  3  7 1080.48932 8.95e-03 1.49e+09 
L  4-0P6   0  6  4  5 1071.49359 9.93e-03 1.42e+09 
L  4-0R6   0  6  4  7 1066.90258 1.23e-02 1.39e+09 
L  5-0P6   0  6  5  5 1058.31395 1.11e-02 1.32e+09 
L  5-0R6   0  6  5  7 1053.99445 1.50e-02 1.28e+09 
L  6-0P6   0  6  6  5 1045.79910 1.13e-02 1.15e+09 
L  6-0R6   0  6  6  7 1041.72809 1.68e-02 1.09e+09 
L  7-0P6   0  6  7  5 1033.91318 1.05e-02 9.84e+08 
L  7-0R6   0  6  7  7 1030.07022 1.79e-02 8.11e+08 
L  8-0P6   0  6  8  5 1022.58021 1.26e-02 6.97e+08 
L  8-0R6   0  6  8  7 1019.01336 2.05e-02 6.47e+08 
L  9-0P6   0  6  9  5 1011.86574 8.65e-03 6.36e+08 
L  9-0R6   0  6  9  7 1008.42499 1.64e-02 6.21e+08 
L  10-0P6  0  6 10  5 1001.90522 2.62e-04 8.13e+08 
L  10-0R6  0  6 10  7  998.42409 1.79e-02 5.54e+08 
L  11-0P6  0  6 11  5  991.91254 6.83e-03 5.20e+08 
L  11-0R6  0  6 11  7  988.81023 1.22e-02 4.78e+08 
L  12-0P6  0  6 12  5  982.72237 2.57e-03 4.84e+08 
L  12-0R6  0  6 12  7  979.75877 1.35e-02 4.56e+08 
L  13-0P6  0  6 13  5  973.82609 5.37e-03 4.48e+08 
L  13-0R6  0  6 13  7  970.99691 7.11e-03 4.34e+08 
L  14-0P6  0  6 14  5  965.47892 2.61e-03 4.15e+08 
L  14-0R6  0  6 14  7  962.81938 9.37e-03 3.88e+08 
L  15-0P6  0  6 15  5  957.40835 4.35e-03 3.86e+08 
L  15-0R6  0  6 15  7  954.70097 1.14e-03 4.99e+08 
L  16-0P6  0  6 16  5  949.83774 2.14e-03 3.55e+08 
L  16-0R6  0  6 16  7  947.43139 6.09e-03 3.30e+08 
L  17-0P6  0  6 17  5  942.47651 4.01e-03 3.39e+08 
L  17-0R6  0  6 17  7  940.49011 9.93e-03 4.22e+08 
L  18-0P6  0  6 18  5  935.63102 1.65e-03 3.02e+08 
L  18-0R6  0  6 18  7  933.44238 3.75e-03 2.95e+08 
L  19-0P6  0  6 19  5  928.77555 5.62e-03 4.92e+08 
L  19-0R6  0  6 19  7  927.04920 5.00e-03 3.01e+08 
L  20-0P6  0  6 20  5  922.72254 1.26e-03 2.70e+08 
L  20-0R6  0  6 20  7  920.71926 2.16e-03 2.72e+08 
L  21-0P6  0  6 21  5  916.86391 5.95e-05 3.39e+08 
L  21-0R6  0  6 21  7  914.90773 2.90e-03 2.55e+08 
L  22-0P6  0  6 22  5  910.99871 9.77e-04 2.40e+08 
L  22-0R6  0  6 22  7  909.14430 1.02e-03 2.65e+08 
L  23-0P6  0  6 23  5  905.63353 2.90e-04 2.46e+08 
L  23-0R6  0  6 23  7  903.90382 1.77e-03 2.19e+08 
L  24-0P6  0  6 24  5  900.36847 7.74e-04 2.10e+08 
L  24-0R6  0  6 24  7  898.59096 1.82e-04 3.37e+08 
L  25-0P6  0  6 25  5  895.51458 2.94e-04 2.00e+08 
L  25-0R6  0  6 25  7  893.95671 1.09e-03 1.87e+08 
L  26-0P6  0  6 26  5  890.76988 6.40e-04 1.95e+08 
L  26-0R6  0  6 26  7  889.70631 2.20e-03 4.80e+08 
L  27-0P6  0  6 27  5  886.42706 2.41e-04 1.67e+08 
L  27-0R6  0  6 27  7  885.02671 6.82e-04 1.71e+08 
L  28-0P6  0  6 28  5  882.18164 5.45e-04 1.98e+08 
L  28-0R6  0  6 28  7  881.11673 1.20e-03 2.50e+08 
L  29-0P6  0  6 29  5  878.37000 1.82e-04 1.49e+08 
L  29-0R6  0  6 29  7  877.13112 4.31e-04 1.44e+08 
L  30-0P6  0  6 30  5  874.66000 4.41e-04 1.61e+08 
L  30-0R6  0  6 30  7  873.72384 7.13e-04 1.54e+08 
L  31-0P6  0  6 31  5  871.44648 1.25e-04 1.20e+08 
L  31-0R6  0  6 31  7  870.39671 2.71e-04 1.14e+08 
L  32-0P6  0  6 32  5  868.41031 3.02e-04 1.43e+08 
L  32-0R6  0  6 32  7  867.65080 4.28e-04 1.07e+08 
L  33-0P6  0  6 33  5  865.97301 7.61e-05 8.61e+07 
L  33-0R6  0  6 33  7  865.19530 1.46e-04 7.73e+07 
L  34-0P6  0  6 34  5  863.94253 1.36e-04 1.45e+08 
L  34-0R6  0  6 34  7  863.49045 1.65e-04 5.04e+07 
L  35-0P6  0  6 35  5  862.84523 3.26e-05 2.70e+07 
L  35-0R6  0  6 35  7  862.65096 8.42e-05 4.85e+07 
L  36-0P6  0  6 36  5  862.47835 5.02e-06 6.71e+06 
L  36-0R6  0  6 36  7  862.51331 5.74e-05 5.65e+07 
L  37-0R6  0  6 37  7  862.36901 1.89e-05 9.81e+06 
W  0-0Q6   0  6  0  6 1021.20491 2.39e-02 1.17e+09 
W  1-0Q6   0  6  1  6  998.32940 3.66e-02 1.15e+09 
W  2-0Q6   0  6  2  6  977.72307 3.53e-02 1.13e+09 
W  3-0Q6   0  6  3  6  959.14907 2.77e-02 1.11e+09 
W  4-0Q6   0  6  4  6  942.41221 1.97e-02 1.10e+09 
W  5-0Q6   0  6  5  6  927.35947 1.33e-02 1.08e+09 
W  6-0Q6   0  6  6  6  913.87037 8.68e-03 1.07e+09 
W  7-0Q6   0  6  7  6  901.85809 5.63e-03 1.05e+09 
W  8-0Q6   0  6  8  6  891.26528 3.64e-03 1.01e+09 
W  9-0Q6   0  6  9  6  882.07052 2.37e-03 8.34e+08 
W  10-0Q6  0  6 10  6  874.29875 1.52e-03 6.27e+08 
W  11-0Q6  0  6 11  6  868.03152 9.61e-04 2.84e+08 
W  12-0Q6  0  6 12  6  863.45608 5.40e-04 1.85e+08 
W  0-0P6   0  6  0  5 1024.72917 1.05e-02 1.17e+09 
W  0-0R6   0  6  0  7 1016.74001 6.35e-03 1.16e+09 
W  1-0P6   0  6  1  5 1001.20585 2.68e-02 9.53e+08 
W  1-0R6   0  6  1  7  994.25440 1.28e-02 1.14e+09 
W  2-0P6   0  6  2  5  980.49665 2.09e-02 1.11e+09 
W  2-0R6   0  6  2  7  974.04558 1.52e-02 1.10e+09 
W  3-0P6   0  6  3  5  961.69927 1.45e-02 1.10e+09 
W  3-0R6   0  6  3  7  955.97259 1.64e-02 9.59e+08 
W  4-0P6   0  6  4  5  944.77872 8.74e-03 1.06e+09 
W  4-0R6   0  6  4  7  939.11396 3.01e-03 9.65e+08 
W  5-0P6   0  6  5  5  929.69308 2.65e-03 8.60e+08 
W  5-0R6   0  6  5  7  924.49544 4.26e-03 1.03e+09 
W  6-0P6   0  6  6  5  915.63881 5.19e-03 9.72e+08 
W  6-0R6   0  6  6  7  911.36352 3.75e-03 1.01e+09 
W  7-0P6   0  6  7  5  903.53107 2.97e-03 1.02e+09 
W  7-0R6   0  6  7  7  899.74161 3.15e-03 8.73e+08 
W  8-0P6   0  6  8  5  892.80214 1.72e-03 9.61e+08 
W  8-0R6   0  6  8  7  888.88209 1.14e-04 6.50e+08 
W  9-0P6   0  6  9  5  883.46270 9.53e-04 8.50e+08 
W  9-0R6   0  6  9  7  880.13317 3.81e-04 6.37e+08 
W  10-0P6  0  6 10  5  875.52672 5.22e-04 5.60e+08 
W  10-0R6  0  6 10  7  872.68846 3.48e-04 3.51e+08 
W  11-0P6  0  6 11  5  869.05301 3.06e-04 3.58e+08 
W  11-0R6  0  6 11  7  866.74866 2.11e-04 2.25e+08 
W  12-0P6  0  6 12  5  864.24993 8.70e-05 2.98e+08 
L  0-0P7   0  7  0  6 1138.86630 7.30e-04 1.82e+09 
L  0-0R7   0  7  0  8 1131.97389 5.99e-04 1.78e+09 
L  1-0P7   0  7  1  6 1122.49055 2.57e-03 1.70e+09 
L  1-0R7   0  7  1  8 1116.08065 2.35e-03 1.67e+09 
L  2-0P7   0  7  2  6 1106.96651 5.17e-03 1.59e+09 
L  2-0R7   0  7  2  8 1100.97783 5.19e-03 1.56e+09 
L  3-0P7   0  7  3  6 1092.23964 7.84e-03 1.50e+09 
L  3-0R7   0  7  3  8 1086.62652 8.63e-03 1.48e+09 
L  4-0P7   0  7  4  6 1078.26314 9.94e-03 1.41e+09 
L  4-0R7   0  7  4  8 1072.98889 1.20e-02 1.38e+09 
L  5-0P7   0  7  5  6 1064.99380 1.11e-02 1.31e+09 
L  5-0R7   0  7  5  8 1060.02857 1.48e-02 1.26e+09 
L  6-0P7   0  7  6  6 1052.39186 1.13e-02 1.11e+09 
L  6-0R7   0  7  6  8 1047.70988 1.67e-02 1.07e+09 
L  7-0P7   0  7  7  6 1040.42163 1.05e-02 9.52e+08 
L  7-0R7   0  7  7  8 1035.99964 1.79e-02 8.04e+08 
L  8-0P7   0  7  8  6 1028.80097 2.32e-02 8.90e+08 
L  8-0R7   0  7  8  8 1024.87442 1.91e-02 6.46e+08 
L  9-0P7   0  7  9  6 1018.21350 8.76e-03 6.30e+08 
L  9-0R7   0  7  9  8 1014.24888 1.62e-02 6.25e+08 
L  10-0P7  0  7 10  6 1007.98394 3.74e-03 6.23e+08 
L  10-0R7  0  7 10  8 1004.19321 1.71e-02 5.52e+08 
L  11-0P7  0  7 11  6  998.11028 7.13e-03 4.82e+08 
L  11-0R7  0  7 11  8  994.51693 1.09e-02 4.83e+08 
L  12-0P7  0  7 12  6  988.83673 3.58e-03 4.66e+08 
L  12-0R7  0  7 12  8  985.43983 1.32e-02 4.57e+08 
L  13-0P7  0  7 13  6  979.88175 5.96e-03 4.36e+08 
L  13-0R7  0  7 13  8  976.47067 1.93e-03 5.59e+08 
L  14-0P7  0  7 14  6  971.48091 2.93e-03 3.95e+08 
L  14-0R7  0  7 14  8  968.41486 9.15e-03 3.83e+08 
L  15-0P7  0  7 15  6  963.32033 5.58e-03 3.94e+08 
L  15-0R7  0  7 15  8  960.69850 1.36e-02 4.41e+08 
L  16-0P7  0  7 16  6  955.72663 2.30e-03 3.34e+08 
L  16-0R7  0  7 16  8  952.94519 5.85e-03 3.28e+08 
L  17-0P7  0  7 17  6  948.16001 7.70e-03 4.70e+08 
L  17-0R7  0  7 17  8  945.86592 7.40e-03 3.29e+08 
L  18-0P7  0  7 18  6  941.41544 1.80e-03 2.93e+08 
L  18-0R7  0  7 18  8  938.87431 3.38e-03 3.01e+08 
L  19-0P7  0  7 19  6  934.95578 4.71e-06 3.90e+08 
L  19-0R7  0  7 19  8  932.44240 4.43e-03 2.82e+08 
L  20-0P7  0  7 20  6  928.41002 1.42e-03 2.69e+08 
L  20-0R7  0  7 20  8  926.05514 1.53e-03 3.03e+08 
L  21-0P7  0  7 21  6  922.46642 3.43e-04 2.74e+08 
L  21-0R7  0  7 21  8  920.25841 2.72e-03 2.47e+08 
L  22-0P7  0  7 22  6  916.59507 1.17e-03 2.45e+08 
L  22-0R7  0  7 22  8  914.28546 9.76e-05 4.49e+08 
L  23-0P7  0  7 23  6  911.19967 3.98e-04 2.27e+08 
L  23-0R7  0  7 23  8  909.20886 1.67e-03 2.15e+08 
L  24-0P7  0  7 24  6  905.87727 1.04e-03 2.28e+08 
L  24-0R7  0  7 24  8  904.34777 2.93e-03 3.77e+08 
L  25-0P7  0  7 25  6  901.02242 3.48e-04 1.90e+08 
L  25-0R7  0  7 25  8  899.21968 1.01e-03 1.90e+08 
L  26-0P7  0  7 26  6  896.18238 1.04e-03 2.63e+08 
L  26-0R7  0  7 26  8  894.75907 1.55e-03 2.23e+08 
L  27-0P7  0  7 27  6  891.88300 2.77e-04 1.67e+08 
L  27-0R7  0  7 27  8  890.25767 6.07e-04 1.80e+08 
L  28-0P7  0  7 28  6  887.47185 1.08e-03 3.65e+08 
L  28-0R7  0  7 28  8  886.28494 9.24e-04 1.80e+08 
L  29-0P7  0  7 29  6  883.79095 2.08e-04 1.49e+08 
L  29-0R7  0  7 29  8  882.34907 3.58e-04 1.51e+08 
L  30-0P7  0  7 30  6  880.44809 1.12e-04 3.60e+08 
L  30-0R7  0  7 30  8  878.93288 5.80e-04 1.33e+08 
L  31-0P7  0  7 31  6  876.86124 1.46e-04 1.14e+08 
L  31-0R7  0  7 31  8  875.64041 2.06e-04 1.23e+08 
L  32-0P7  0  7 32  6  874.11113 3.71e-05 1.65e+08 
L  32-0R7  0  7 32  8  872.93147 3.48e-04 9.86e+07 
L  33-0P7  0  7 33  6  871.43820 8.97e-05 8.27e+07 
L  33-0R7  0  7 33  8  870.54378 8.99e-05 8.36e+07 
L  34-0P7  0  7 34  6  869.61339 7.26e-07 7.33e+07 
L  34-0R7  0  7 34  8  868.97635 1.24e-04 4.39e+07 
L  35-0P7  0  7 35  6  868.49712 2.86e-05 2.18e+07 
L  35-0R7  0  7 35  8  868.26561 2.87e-05 1.03e+07 
L  36-0P7  0  7 36  6  868.21360 2.71e-05 5.70e+06 
W  0-0Q7   0  7  0  7 1025.09179 2.39e-02 1.16e+09 
W  1-0Q7   0  7  1  7 1002.25588 3.67e-02 1.14e+09 
W  2-0Q7   0  7  2  7  981.68808 3.53e-02 1.12e+09 
W  3-0Q7   0  7  3  7  963.15341 2.78e-02 1.11e+09 
W  4-0Q7   0  7  4  7  946.45882 1.97e-02 1.09e+09 
W  5-0Q7   0  7  5  7  931.45411 1.33e-02 1.08e+09 
W  6-0Q7   0  7  6  7  918.02075 8.74e-03 1.07e+09 
W  7-0Q7   0  7  7  7  906.07533 5.69e-03 1.04e+09 
W  8-0Q7   0  7  8  7  895.56431 3.68e-03 1.02e+09 
W  9-0Q7   0  7  9  7  886.47233 2.39e-03 7.50e+08 
W  10-0Q7  0  7 10  7  878.83309 1.54e-03 6.66e+08 
W  11-0Q7  0  7 11  7  872.74428 9.59e-04 3.41e+08 
W  12-0Q7  0  7 12  7  868.43014 5.17e-04 2.21e+08 
W  0-0P7   0  7  0  6 1029.34795 5.70e-04 9.52e+08 
W  0-0R7   0  7  0  8 1020.05687 7.76e-03 1.16e+09 
W  1-0P7   0  7  1  6 1005.80005 2.43e-02 1.13e+09 
W  1-0R7   0  7  1  8  997.67820 1.47e-02 1.13e+09 
W  2-0P7   0  7  2  6  984.91504 2.04e-02 1.11e+09 
W  2-0R7   0  7  2  8  977.69946 2.06e-02 9.70e+08 
W  3-0P7   0  7  3  6  966.12561 1.39e-02 1.08e+09 
W  3-0R7   0  7  3  8  959.11071 4.19e-03 1.01e+09 
W  4-0P7   0  7  4  6  949.32927 5.53e-03 9.25e+08 
W  4-0R7   0  7  4  8  942.89631 5.92e-03 1.05e+09 
W  5-0P7   0  7  5  6  933.66837 8.56e-03 9.54e+08 
W  5-0R7   0  7  5  8  928.31824 5.48e-03 1.01e+09 
W  6-0P7   0  7  6  6  920.13851 5.02e-03 1.02e+09 
W  6-0R7   0  7  6  8  915.40663 4.88e-03 8.18e+08 
W  7-0P7   0  7  7  6  908.04476 4.41e-04 7.68e+08 
W  7-0R7   0  7  7  8  903.22724 5.48e-04 8.24e+08 
W  8-0P7   0  7  8  6  897.40144 1.39e-03 8.87e+08 
W  8-0R7   0  7  8  8  893.16177 8.72e-04 8.78e+08 
W  9-0P7   0  7  9  6  888.21195 4.70e-04 6.13e+08 
W  9-0R7   0  7  9  8  884.42697 7.48e-04 6.85e+08 
W  10-0P7  0  7 10  6  879.85617 8.82e-04 3.43e+08 
W  10-0R7  0  7 10  8  877.12751 5.52e-04 3.87e+08 
W  11-0P7  0  7 11  6  873.62698 5.85e-04 2.19e+08 
W  11-0R7  0  7 11  8  871.41109 3.90e-04 2.52e+08 
W  12-0P7  0  7 12  6  869.15807 2.52e-05 1.96e+08 
L  0-0P8   0  8  0  7 1146.85607 7.05e-04 1.80e+09 
L  0-0R8   0  8  0  9 1139.12225 5.44e-04 1.76e+09 
L  1-0P8   0  8  1  7 1130.39285 2.52e-03 1.68e+09 
L  1-0R8   0  8  1  9 1123.18687 2.18e-03 1.65e+09 
L  2-0P8   0  8  2  7 1114.77177 5.11e-03 1.58e+09 
L  2-0R8   0  8  2  9 1108.03029 4.92e-03 1.55e+09 
L  3-0P8   0  8  3  7 1099.94435 7.79e-03 1.49e+09 
L  3-0R8   0  8  3  9 1093.61940 8.30e-03 1.46e+09 
L  4-0P8   0  8  4  7 1085.86711 9.92e-03 1.39e+09 
L  4-0R8   0  8  4  9 1079.91967 1.17e-02 1.36e+09 
L  5-0P8   0  8  5  7 1072.49889 1.11e-02 1.28e+09 
L  5-0R8   0  8  5  9 1066.89621 1.46e-02 1.22e+09 
L  6-0P8   0  8  6  7 1059.80063 1.13e-02 1.09e+09 
L  6-0R8   0  8  6  9 1054.51461 1.66e-02 1.03e+09 
L  7-0P8   0  8  7  7 1047.73710 1.05e-02 8.11e+08 
L  7-0R8   0  8  7  9 1042.74232 1.78e-02 6.99e+08 
L  8-0P8   0  8  8  7 1036.29982 6.98e-03 6.47e+08 
L  8-0R8   0  8  8  9 1031.55134 1.87e-02 6.27e+08 
L  9-0P8   0  8  9  7 1025.35109 9.01e-03 6.21e+08 
L  9-0R8   0  8  9  9 1020.85744 1.51e-02 6.15e+08 
L  10-0P8  0  8 10  7 1015.01337 5.41e-03 5.54e+08 
L  10-0R8  0  8 10  9 1010.75371 1.68e-02 5.02e+08 
L  11-0P8  0  8 11  7 1005.07897 7.79e-03 4.78e+08 
L  11-0R8  0  8 11  9 1000.81797 2.15e-03 6.58e+08 
L  12-0P8  0  8 12  7  995.72862 4.18e-03 4.56e+08 
L  12-0R8  0  8 12  9  991.89257 1.29e-02 4.45e+08 
L  13-0P8  0  8 13  7  986.68011 7.55e-03 4.34e+08 
L  13-0R8  0  8 13  9  983.27092 1.70e-02 4.48e+08 
L  14-0P8  0  8 14  7  978.23745 3.27e-03 3.88e+08 
L  14-0R8  0  8 14  9  974.76461 8.82e-03 3.80e+08 
L  15-0P8  0  8 15  7  969.85807 1.10e-02 4.99e+08 
L  15-0R8  0  8 15  9  966.90319 1.05e-02 3.56e+08 
L  16-0P8  0  8 16  7  962.35674 2.57e-03 3.30e+08 
L  16-0R8  0  8 16  9  959.19057 5.27e-03 3.33e+08 
L  17-0P8  0  8 17  7  955.19587 1.83e-07 4.22e+08 
L  17-0R8  0  8 17  9  952.06206 6.64e-03 3.09e+08 
L  18-0P8  0  8 18  7  947.92687 2.08e-03 2.95e+08 
L  18-0R8  0  8 18  9  944.99050 2.24e-03 3.40e+08 
L  19-0P8  0  8 19  7  941.33444 4.43e-04 3.01e+08 
L  19-0R8  0  8 19  9  938.57875 4.16e-03 2.75e+08 
L  20-0P8  0  8 20  7  934.80860 1.77e-03 2.72e+08 
L  20-0R8  0  8 20  9  931.84426 4.10e-07 5.94e+08 
L  21-0P8  0  8 21  7  928.81842 5.53e-04 2.55e+08 
L  21-0R8  0  8 21  9  926.33102 2.56e-03 2.43e+08 
L  22-0P8  0  8 22  7  922.87897 1.68e-03 2.65e+08 
L  22-0R8  0  8 22  9  920.85466 3.92e-03 3.21e+08 
L  23-0P8  0  8 23  7  917.47942 5.06e-04 2.19e+08 
L  23-0R8  0  8 23  9  915.21897 1.52e-03 2.15e+08 
L  24-0P8  0  8 24  7  912.00626 1.97e-03 3.37e+08 
L  24-0R8  0  8 24  9  910.21154 2.15e-03 2.22e+08 
L  25-0P8  0  8 25  7  907.23298 4.21e-04 1.87e+08 
L  25-0R8  0  8 25  9  905.17258 8.46e-04 2.07e+08 
L  26-0P8  0  8 26  7  902.85571 2.39e-04 4.80e+08 
L  26-0R8  0  8 26  9  900.67719 1.29e-03 1.87e+08 
L  27-0P8  0  8 27  7  898.03713 3.37e-04 1.71e+08 
L  27-0R8  0  8 27  9  896.15957 4.12e-04 2.14e+08 
L  28-0P8  0  8 28  7  894.01162 2.42e-07 2.50e+08 
L  28-0R8  0  8 28  9  892.20575 8.12e-04 1.63e+08 
L  29-0P8  0  8 29  7  889.90876 2.59e-04 1.44e+08 
L  29-0R8  0  8 29  9  888.21329 1.56e-04 1.74e+08 
L  30-0P8  0  8 30  7  886.40169 9.96e-06 1.54e+08 
L  30-0R8  0  8 30  9  884.87298 5.17e-04 1.18e+08 
L  31-0P8  0  8 31  7  882.97749 1.85e-04 1.14e+08 
L  31-0R8  0  8 31  9  881.51418 3.67e-05 1.48e+08 
L  32-0P8  0  8 32  7  880.15176 1.33e-05 1.07e+08 
L  32-0R8  0  8 32  9  878.95034 3.03e-04 9.13e+07 
L  33-0P8  0  8 33  7  877.62510 1.17e-04 7.73e+07 
L  33-0R8  0  8 33  9  876.91860 4.92e-04 1.17e+08 
L  34-0P8  0  8 34  7  875.87096 2.18e-05 5.04e+07 
L  34-0R8  0  8 34  9  875.23775 8.90e-05 3.63e+07 
L  35-0P8  0  8 35  7  875.00723 6.96e-05 4.85e+07 
L  35-0R8  0  8 35  9  874.72863 2.17e-05 5.98e+06 
L  36-0P8  0  8 36  7  874.86561 1.58e-04 5.65e+07 
L  37-0P8  0  8 37  7  874.71715 3.84e-05 9.81e+06 
W  0-0Q8   0  8  0  8 1029.45752 2.40e-02 1.16e+09 
W  1-0Q8   0  8  1  8 1006.67020 3.68e-02 1.14e+09 
W  2-0Q8   0  8  2  8  986.14943 3.54e-02 1.12e+09 
W  3-0Q8   0  8  3  8  967.66293 2.79e-02 1.10e+09 
W  4-0Q8   0  8  4  8  951.01982 1.99e-02 1.09e+09 
W  5-0Q8   0  8  5  8  936.07331 1.34e-02 1.08e+09 
W  6-0Q8   0  8  6  8  922.70730 8.82e-03 1.07e+09 
W  7-0Q8   0  8  7  8  910.84221 5.73e-03 1.02e+09 
W  8-0Q8   0  8  8  8  900.42951 3.73e-03 9.84e+08 
W  9-0Q8   0  8  9  8  891.46137 2.42e-03 5.34e+08 
W  10-0Q8  0  8 10  8  883.98235 1.56e-03 2.39e+08 
W  11-0Q8  0  8 11  8  878.11176 9.51e-04 1.92e+08 
W  0-0P8   0  8  0  7 1033.94878 1.74e-02 1.16e+09 
W  0-0R8   0  8  0  9 1023.87335 9.15e-03 1.15e+09 
W  1-0P8   0  8  1  7 1010.70427 2.31e-02 1.14e+09 
W  1-0R8   0  8  1  9 1001.79251 2.39e-02 9.44e+08 
W  2-0P8   0  8  2  7  989.82823 1.93e-02 1.10e+09 
W  2-0R8   0  8  2  9  981.31170 6.07e-03 1.06e+09 
W  3-0P8   0  8  3  7  971.17042 8.95e-03 9.59e+08 
W  3-0R8   0  8  3  9  963.33137 8.10e-03 1.07e+09 
W  4-0P8   0  8  4  7  953.77637 1.35e-02 9.65e+08 
W  4-0R8   0  8  4  9  947.18488 8.01e-03 1.01e+09 
W  5-0P8   0  8  5  7  938.70148 8.16e-03 1.03e+09 
W  5-0R8   0  8  5  9  932.94652 7.42e-03 7.11e+08 
W  6-0P8   0  8  6  7  925.16583 4.55e-03 1.01e+09 
W  6-0R8   0  8  6  9  919.30066 1.33e-03 9.31e+08 
W  7-0P8   0  8  7  7  913.19155 1.96e-03 8.73e+08 
W  7-0R8   0  8  7  9  907.90428 1.59e-03 9.41e+08 
W  8-0P8   0  8  8  7  902.00696 2.24e-03 6.50e+08 
W  8-0R8   0  8  8  9  897.90513 1.36e-03 8.45e+08 
W  9-0P8   0  8  9  7  892.99907 1.57e-03 6.37e+08 
W  9-0R8   0  8  9  9  889.34194 1.09e-03 5.10e+08 
W  10-0P8  0  8 10  7  885.33605 9.91e-04 3.51e+08 
W  10-0R8  0  8 10  9  882.26897 7.97e-04 2.04e+08 
W  11-0P8  0  8 11  7  879.22345 6.35e-04 2.25e+08 
W  11-0R8  0  8 11  9  876.46651 2.32e-05 1.33e+08 
L  0-0P9   0  9  0  8 1155.71049 6.75e-04 1.78e+09 
L  0-0R9   0  9  0 10 1147.15958 4.91e-04 1.74e+09 
L  1-0P9   0  9  1  8 1139.14860 2.45e-03 1.67e+09 
L  1-0R9   0  9  1 10 1131.16529 2.01e-03 1.63e+09 
L  2-0P9   0  9  2  8 1123.41942 5.03e-03 1.56e+09 
L  2-0R9   0  9  2 10 1115.94041 4.64e-03 1.53e+09 
L  3-0P9   0  9  3  8 1108.48106 7.73e-03 1.48e+09 
L  3-0R9   0  9  3 10 1101.45696 7.96e-03 1.44e+09 
L  4-0P9   0  9  4  8 1094.29292 9.89e-03 1.38e+09 
L  4-0R9   0  9  4 10 1087.68267 1.14e-02 1.33e+09 
L  5-0P9   0  9  5  8 1080.81608 1.11e-02 1.26e+09 
L  5-0R9   0  9  5 10 1074.58501 1.43e-02 1.18e+09 
L  6-0P9   0  9  6  8 1068.01242 1.14e-02 1.07e+09 
L  6-0R9   0  9  6 10 1062.13027 1.64e-02 8.67e+08 
L  7-0P9   0  9  7  8 1055.84658 1.06e-02 8.04e+08 
L  7-0R9   0  9  7 10 1050.28634 1.77e-02 6.51e+08 
L  8-0P9   0  9  8  8 1044.29339 8.46e-03 6.46e+08 
L  8-0R9   0  9  8 10 1039.02333 1.84e-02 6.20e+08 
L  9-0P9   0  9  9  8 1033.26354 9.54e-03 6.25e+08 
L  9-0R9   0  9  9 10 1028.53009 2.44e-02 7.74e+08 
L  10-0P9  0  9 10  8 1022.82924 6.22e-03 5.52e+08 
L  10-0R9  0  9 10 10 1018.09117 1.66e-02 4.93e+08 
L  11-0P9  0  9 11  8 1012.79228 9.59e-03 4.83e+08 
L  11-0R9  0  9 11 10 1008.44644 1.92e-02 4.80e+08 
L  12-0P9  0  9 12  8 1003.38009 4.70e-03 4.57e+08 
L  12-0R9  0  9 12 10  999.10151 1.26e-02 4.27e+08 
L  13-0P9  0  9 13  8  994.08292 1.59e-02 5.59e+08 
L  13-0R9  0  9 13 10  990.35268 1.39e-02 3.99e+08 
L  14-0P9  0  9 14  8  985.73513 3.68e-03 3.83e+08 
L  14-0R9  0  9 14 10  981.84538 7.95e-03 3.77e+08 
L  15-0P9  0  9 15  8  977.74142 2.56e-05 4.41e+08 
L  15-0R9  0  9 15 10  973.92766 9.56e-03 3.42e+08 
L  16-0P9  0  9 16  8  969.71173 3.01e-03 3.28e+08 
L  16-0R9  0  9 16 10  966.09929 3.11e-03 3.87e+08 
L  17-0P9  0  9 17  8  962.38212 6.81e-04 3.29e+08 
L  17-0R9  0  9 17 10  959.00236 6.25e-03 3.01e+08 
L  18-0P9  0  9 18  8  955.14514 2.64e-03 3.01e+08 
L  18-0R9  0  9 18 10  952.49407 1.06e-02 5.63e+08 
L  19-0P9  0  9 19  8  948.48917 8.12e-04 2.82e+08 
L  19-0R9  0  9 19 10  945.43399 3.91e-03 2.69e+08 
L  20-0P9  0  9 20  8  941.88095 2.71e-03 3.03e+08 
L  20-0R9  0  9 20 10  939.30026 5.37e-03 2.99e+08 
L  21-0P9  0  9 21  8  935.88504 7.48e-04 2.47e+08 
L  21-0R9  0  9 21 10  933.10278 2.29e-03 2.44e+08 
L  22-0P9  0  9 22  8  929.70820 3.76e-03 4.49e+08 
L  22-0R9  0  9 22 10  927.51447 3.08e-03 2.36e+08 
L  23-0P9  0  9 23  8  924.45937 6.43e-04 2.15e+08 
L  23-0R9  0  9 23 10  921.90344 1.16e-03 2.38e+08 
L  24-0P9  0  9 24  8  919.43429 7.11e-05 3.77e+08 
L  24-0R9  0  9 24 10  916.87829 1.88e-03 1.99e+08 
L  25-0P9  0  9 25  8  914.13419 5.43e-04 1.90e+08 
L  25-0R9  0  9 25 10  911.73885 3.44e-04 3.06e+08 
L  26-0P9  0  9 26  8  909.52475 2.82e-05 2.23e+08 
L  26-0R9  0  9 26 10  907.31727 1.17e-03 1.80e+08 
L  27-0P9  0  9 27  8  904.87395 4.55e-04 1.80e+08 
L  27-0R9  0  9 27 10  902.52276 6.75e-08 4.36e+08 
L  28-0P9  0  9 28  8  900.77001 6.69e-05 1.80e+08 
L  28-0R9  0  9 28 10  898.83092 7.35e-04 1.45e+08 
L  29-0P9  0  9 29  8  896.70473 3.67e-04 1.51e+08 
L  29-0R9  0  9 29 10  895.26933 1.24e-03 1.81e+08 
L  30-0P9  0  9 30  8  893.17669 6.57e-05 1.33e+08 
L  30-0R9  0  9 30 10  891.51645 4.57e-04 1.18e+08 
L  31-0P9  0  9 31  8  889.77685 2.75e-04 1.23e+08 
L  31-0R9  0  9 31 10  888.53482 7.31e-04 1.15e+08 
L  32-0P9  0  9 32  8  886.97987 5.10e-05 9.86e+07 
L  32-0R9  0  9 32 10  885.68680 2.51e-04 8.47e+07 
L  33-0P9  0  9 33  8  884.51483 1.98e-04 8.36e+07 
L  33-0R9  0  9 33 10  883.64100 2.99e-04 6.03e+07 
L  34-0P9  0  9 34  8  882.89673 3.79e-05 4.39e+07 
L  34-0R9  0  9 34 10  882.25877 7.15e-06 3.94e+07 
L  35-0P9  0  9 35  8  882.16304 3.23e-06 1.03e+07 
W  0-0Q9   0  9  0  9 1034.28949 2.41e-02 1.16e+09 
W  1-0Q9   0  9  1  9 1011.56011 3.68e-02 1.13e+09 
W  2-0Q9   0  9  2  9  991.09580 3.55e-02 1.12e+09 
W  3-0Q9   0  9  3  9  972.66661 2.81e-02 1.10e+09 
W  4-0Q9   0  9  4  9  956.08510 2.00e-02 1.09e+09 
W  5-0Q9   0  9  5  9  941.20774 1.35e-02 1.07e+09 
W  6-0Q9   0  9  6  9  927.92173 8.89e-03 1.06e+09 
W  7-0Q9   0  9  7  9  916.15203 5.80e-03 1.02e+09 
W  8-0Q9   0  9  8  9  905.85593 3.79e-03 9.40e+08 
W  9-0Q9   0  9  9  9  897.03524 2.44e-03 6.15e+08 
W  10-0Q9  0  9 10  9  889.74843 1.55e-03 2.42e+08 
W  11-0Q9  0  9 11  9  884.14430 9.36e-04 1.90e+08 
W  0-0P9   0  9  0  8 1039.29199 1.61e-02 1.16e+09 
W  0-0R9   0  9  0 10 1027.89628 2.07e-04 9.38e+08 
W  1-0P9   0  9  1  8 1016.07099 2.15e-02 1.13e+09 
W  1-0R9   0  9  1 10 1005.84679 7.39e-03 1.11e+09 
W  2-0P9   0  9  2  8  995.35646 1.13e-02 9.70e+08 
W  2-0R9   0  9  2 10  985.91648 1.03e-02 1.09e+09 
W  3-0P9   0  9  3  8  976.09685 2.01e-02 1.01e+09 
W  3-0R9   0  9  3 10  968.06199 1.15e-02 1.01e+09 
W  4-0P9   0  9  4  8  959.30807 1.27e-02 1.05e+09 
W  4-0R9   0  9  4 10  951.32326 3.57e-04 7.80e+08 
W  5-0P9   0  9  5  8  944.22215 7.19e-03 1.01e+09 
W  5-0R9   0  9  5 10  937.16672 2.59e-03 9.88e+08 
W  6-0P9   0  9  6  8  930.86754 2.51e-03 8.18e+08 
W  6-0R9   0  9  6 10  924.38998 2.73e-03 9.72e+08 
W  7-0P9   0  9  7  8  918.27609 3.88e-03 8.24e+08 
W  7-0R9   0  9  7 10  913.13118 2.49e-03 8.46e+08 
W  8-0P9   0  9  8  8  907.87436 2.44e-03 8.78e+08 
W  8-0R9   0  9  8 10  903.44087 1.99e-03 5.33e+08 
W  9-0P9   0  9  9  8  898.85087 1.46e-03 6.85e+08 
W  9-0R9   0  9  9 10  894.36607 1.29e-04 2.87e+08 
W  10-0P9  0  9 10  8  891.31239 8.92e-04 3.87e+08 
W  10-0R9  0  9 10 10  887.61695 1.97e-04 2.01e+08 
W  11-0P9  0  9 11  8  885.41021 4.85e-04 2.52e+08 
W  11-0R9  0  9 11 10  882.66239 2.94e-04 1.18e+08 
L  0-0P10  0 10  0  9 1165.39508 6.41e-04 1.76e+09 
L  0-0R10  0 10  0 11 1156.05159 4.41e-04 1.71e+09 
L  1-0P10  0 10  1  9 1148.72153 2.36e-03 1.65e+09 
L  1-0R10  0 10  1 11 1139.98074 1.85e-03 1.61e+09 
L  2-0P10  0 10  2  9 1132.87284 4.93e-03 1.55e+09 
L  2-0R10  0 10  2 11 1124.67254 4.36e-03 1.51e+09 
L  3-0P10  0 10  3  9 1117.81290 7.64e-03 1.46e+09 
L  3-0R10  0 10  3 11 1110.10314 7.61e-03 1.42e+09 
L  4-0P10  0 10  4  9 1103.50429 9.84e-03 1.36e+09 
L  4-0R10  0 10  4 11 1096.24277 1.10e-02 1.31e+09 
L  5-0P10  0 10  5  9 1089.90935 1.12e-02 1.22e+09 
L  5-0R10  0 10  5 11 1083.05974 1.40e-02 1.16e+09 
L  6-0P10  0 10  6  9 1076.99108 1.14e-02 1.03e+09 
L  6-0R10  0 10  6 11 1070.52157 1.62e-02 8.87e+08 
L  7-0P10  0 10  7  9 1064.71452 1.08e-02 6.99e+08 
L  7-0R10  0 10  7 11 1058.59660 1.77e-02 6.50e+08 
L  8-0P10  0 10  8  9 1053.04958 9.07e-03 6.27e+08 
L  8-0R10  0 10  8 11 1047.25322 1.84e-02 6.18e+08 
L  9-0P10  0 10  9  9 1041.90772 1.10e-02 6.15e+08 
L  9-0R10  0 10  9 11 1036.47791 1.96e-02 5.67e+08 
L  10-0P10  0 10 10  9 1031.38515 6.80e-03 5.02e+08 
L  10-0R10  0 10 10 11 1026.16842 1.64e-02 4.84e+08 
L  11-0P10  0 10 11  9 1021.04173 2.25e-02 6.58e+08 
L  11-0R10  0 10 11 11 1016.41831 1.71e-02 4.62e+08 
L  12-0P10  0 10 12  9 1011.75364 5.26e-03 4.45e+08 
L  12-0R10  0 10 12 11 1007.02511 1.15e-02 4.29e+08 
L  13-0P10  0 10 13  9 1002.78483 5.10e-04 4.48e+08 
L  13-0R10  0 10 13 11  998.21230 1.31e-02 3.87e+08 
L  14-0P10  0 10 14  9  993.93906 4.33e-03 3.80e+08 
L  14-0R10  0 10 14 11  989.53086 3.67e-03 4.65e+08 
L  15-0P10  0 10 15  9  985.76661 1.24e-03 3.56e+08 
L  15-0R10  0 10 15 11  981.67517 9.13e-03 3.35e+08 
L  16-0P10  0 10 16  9  977.75137 3.93e-03 3.33e+08 
L  16-0R10  0 10 16 11  974.23642 1.34e-02 4.36e+08 
L  17-0P10  0 10 17  9  970.34537 1.26e-03 3.09e+08 
L  17-0R10  0 10 17 11  966.64131 5.89e-03 2.99e+08 
L  18-0P10  0 10 18  9  963.00065 4.43e-03 3.40e+08 
L  18-0R10  0 10 18 11  959.78602 7.34e-03 3.01e+08 
L  19-0P10  0 10 19  9  956.34304 1.14e-03 2.75e+08 
L  19-0R10  0 10 19 11  952.96553 3.43e-03 2.75e+08 
L  20-0P10  0 10 20  9  949.35216 7.22e-03 5.94e+08 
L  20-0R10  0 10 20 11  946.74296 4.46e-03 2.54e+08 
L  21-0P10  0 10 21  9  943.63044 9.90e-04 2.43e+08 
L  21-0R10  0 10 21 11  940.50382 1.50e-03 2.86e+08 
L  22-0P10  0 10 22  9  937.94825 2.60e-06 3.21e+08 
L  22-0R10  0 10 22 11  934.92291 2.76e-03 2.20e+08 
L  23-0P10  0 10 23  9  932.10205 8.74e-04 2.15e+08 
L  23-0R10  0 10 23 11  929.03656 5.50e-05 4.93e+08 
L  24-0P10  0 10 24  9  926.90871 1.02e-04 2.22e+08 
L  24-0R10  0 10 24 11  924.23415 1.71e-03 1.96e+08 
L  25-0P10  0 10 25  9  921.68371 8.00e-04 2.07e+08 
L  25-0R10  0 10 25 11  919.56314 2.69e-03 3.24e+08 
L  26-0P10  0 10 26  9  917.02324 1.55e-04 1.87e+08 
L  26-0R10  0 10 26 11  914.62865 1.04e-03 1.82e+08 
L  27-0P10  0 10 27  9  912.34058 7.63e-04 2.14e+08 
L  27-0R10  0 10 27 11  910.39783 1.52e-03 2.13e+08 
L  28-0P10  0 10 28  9  908.24302 1.50e-04 1.63e+08 
L  28-0R10  0 10 28 11  906.11646 6.19e-04 1.51e+08 
L  29-0P10  0 10 29  9  904.10608 7.18e-04 1.74e+08 
L  29-0R10  0 10 29 11  902.43757 9.20e-04 1.33e+08 
L  30-0P10  0 10 30  9  900.64539 1.22e-04 1.18e+08 
L  30-0R10  0 10 30 11  898.81912 3.42e-04 1.29e+08 
L  31-0P10  0 10 31  9  897.16602 6.15e-04 1.48e+08 
L  31-0R10  0 10 31 11  895.83909 5.44e-04 1.01e+08 
L  32-0P10  0 10 32  9  894.51047 8.88e-05 9.13e+07 
L  32-0R10  0 10 32 11  893.09325 1.27e-04 9.30e+07 
L  33-0P10  0 10 33  9  892.40624 9.23e-05 1.17e+08 
L  33-0R10  0 10 33 11  891.20928 2.18e-04 5.28e+07 
L  34-0P10  0 10 34  9  890.66555 6.04e-05 3.63e+07 
L  34-0R10  0 10 34 11  890.16844 9.58e-05 1.76e+07 
L  35-0P10  0 10 35  9  890.13833 7.24e-06 5.98e+06 
W  0-0Q10  0 10  0 10 1039.55323 2.40e-02 1.15e+09 
W  1-0Q10  0 10  1 10 1016.89272 3.69e-02 1.13e+09 
W  2-0Q10  0 10  2 10  996.49552 3.56e-02 1.11e+09 
W  3-0Q10  0 10  3 10  978.13458 2.81e-02 1.10e+09 
W  4-0Q10  0 10  4 10  961.62621 2.01e-02 1.08e+09 
W  5-0Q10  0 10  5 10  946.83045 1.36e-02 1.07e+09 
W  6-0Q10  0 10  6 10  933.63908 8.99e-03 1.05e+09 
W  7-0Q10  0 10  7 10  921.98164 5.87e-03 1.02e+09 
W  8-0Q10  0 10  8 10  911.82331 3.81e-03 8.61e+08 
W  9-0Q10  0 10  9 10  903.17740 2.47e-03 6.95e+08 
W  10-0Q10  0 10 10 10  896.12070 1.57e-03 2.73e+08 
W  11-0Q10  0 10 11 10  890.84344 9.07e-04 2.06e+08 
W  0-0P10  0 10  0  9 1045.04947 1.48e-02 1.15e+09 
W  0-0R10  0 10  0 11 1032.85299 5.41e-03 1.14e+09 
W  1-0P10  0 10  1  9 1022.05607 8.76e-03 9.44e+08 
W  1-0R10  0 10  1 11 1010.77404 1.10e-02 1.11e+09 
W  2-0P10  0 10  2  9 1000.74716 2.68e-02 1.06e+09 
W  2-0R10  0 10  2 11  991.05366 1.60e-02 9.98e+08 
W  3-0P10  0 10  3  9  982.05433 1.86e-02 1.07e+09 
W  3-0R10  0 10  3 11  972.74561 2.22e-03 9.57e+08 
W  4-0P10  0 10  4  9  965.27957 1.08e-02 1.01e+09 
W  4-0R10  0 10  4 11  956.87828 4.51e-03 1.02e+09 
W  5-0P10  0 10  5  9  950.49625 2.65e-03 7.11e+08 
W  5-0R10  0 10  5 11  942.65029 4.61e-03 9.80e+08 
W  6-0P10  0 10  6  9  936.33608 6.22e-03 9.31e+08 
W  6-0R10  0 10  6 11  930.16342 4.36e-03 7.23e+08 
W  7-0P10  0 10  7  9  924.51612 3.72e-03 9.41e+08 
W  7-0R10  0 10  7 11  918.30198 4.53e-04 8.07e+08 
W  8-0P10  0 10  8  9  914.14981 2.09e-03 8.45e+08 
W  8-0R10  0 10  8 11  908.70686 7.01e-04 7.46e+08 
W  9-0P10  0 10  9  9  905.27550 1.10e-03 5.10e+08 
W  9-0R10  0 10  9 11  900.56380 6.29e-04 3.62e+08 
W  10-0P10  0 10 10  9  897.94787 5.20e-04 2.04e+08 
W  10-0R10  0 10 10 11  894.04351 5.00e-04 2.13e+08 
W  11-0P10  0 10 11  9  891.93805 5.35e-04 1.33e+08 
L  0-0P11  0 11  0 10 1175.89274 6.06e-04 1.74e+09 
L  0-0R11  0 11  0 12 1165.78093 3.94e-04 1.69e+09 
L  1-0P11  0 11  1 10 1159.09306 2.28e-03 1.63e+09 
L  1-0R11  0 11  1 12 1149.61451 1.70e-03 1.58e+09 
L  2-0P11  0 11  2 10 1143.11242 4.81e-03 1.53e+09 
L  2-0R11  0 11  2 12 1134.20735 4.09e-03 1.49e+09 
L  3-0P11  0 11  3 10 1127.91987 7.54e-03 1.44e+09 
L  3-0R11  0 11  3 12 1119.53837 7.25e-03 1.39e+09 
L  4-0P11  0 11  4 10 1113.48010 9.81e-03 1.33e+09 
L  4-0R11  0 11  4 12 1105.57953 1.06e-02 1.26e+09 
L  5-0P11  0 11  5 10 1099.75770 1.12e-02 1.18e+09 
L  5-0R11  0 11  5 12 1092.30024 1.37e-02 8.98e+08 
L  6-0P11  0 11  6 10 1086.71614 1.15e-02 8.67e+08 
L  6-0R11  0 11  6 12 1079.66852 1.60e-02 6.82e+08 
L  7-0P11  0 11  7 10 1074.32076 1.09e-02 6.51e+08 
L  7-0R11  0 11  7 12 1067.65210 1.75e-02 6.28e+08 
L  8-0P11  0 11  8 10 1062.53925 9.49e-03 6.20e+08 
L  8-0R11  0 11  8 12 1056.22196 1.84e-02 5.75e+08 
L  9-0P11  0 11  9 10 1051.56817 3.81e-05 7.74e+08 
L  9-0R11  0 11  9 12 1045.34967 1.87e-02 5.16e+08 
L  10-0P11  0 11 10 10 1040.65885 7.37e-03 4.93e+08 
L  10-0R11  0 11 10 12 1034.95809 1.54e-02 4.80e+08 
L  11-0P11  0 11 11 10 1030.58392 2.59e-03 4.80e+08 
L  11-0R11  0 11 11 12 1025.13351 1.65e-02 4.34e+08 
L  12-0P11  0 11 12 10 1020.82618 6.05e-03 4.27e+08 
L  12-0R11  0 11 12 12 1015.42976 1.83e-03 6.44e+08 
L  13-0P11  0 11 13 10 1011.69448 2.44e-03 3.99e+08 
L  13-0R11  0 11 13 12 1006.78503 1.27e-02 3.75e+08 
L  14-0P11  0 11 14 10 1002.81822 5.69e-03 3.77e+08 
L  14-0R11  0 11 14 12  998.38192 1.55e-02 3.85e+08 
L  15-0P11  0 11 15 10  994.56005 2.07e-03 3.42e+08 
L  15-0R11  0 11 15 12  990.11205 8.64e-03 3.28e+08 
L  16-0P11  0 11 16 10  986.39787 7.34e-03 3.87e+08 
L  16-0R11  0 11 16 12  982.45946 9.92e-03 3.13e+08 
L  17-0P11  0 11 17 10  979.00073 1.76e-03 3.01e+08 
L  17-0R11  0 11 17 12  974.94137 5.05e-03 3.02e+08 
L  18-0P11  0 11 18 10  972.21913 1.64e-03 5.63e+08 
L  18-0R11  0 11 18 12  968.01607 6.41e-03 2.71e+08 
L  19-0P11  0 11 19 10  964.86474 1.54e-03 2.69e+08 
L  19-0R11  0 11 19 12  961.06745 1.60e-03 3.56e+08 
L  20-0P11  0 11 20 10  958.47714 4.24e-05 2.99e+08 
L  20-0R11  0 11 20 12  954.90034 4.09e-03 2.40e+08 
L  21-0P11  0 11 21 10  952.02490 1.41e-03 2.44e+08 
L  21-0R11  0 11 21 12  949.18383 6.49e-03 4.66e+08 
L  22-0P11  0 11 22 10  946.20834 2.40e-04 2.36e+08 
L  22-0R11  0 11 22 12  943.00150 2.52e-03 2.14e+08 
L  23-0P11  0 11 23 10  940.36957 1.44e-03 2.38e+08 
L  23-0R11  0 11 23 12  937.66172 3.44e-03 2.46e+08 
L  24-0P11  0 11 24 10  935.14166 2.96e-04 1.99e+08 
L  24-0R11  0 11 24 12  932.23778 1.47e-03 2.04e+08 
L  25-0P11  0 11 25 10  929.79603 1.73e-03 3.06e+08 
L  25-0R11  0 11 25 12  927.41778 2.03e-03 1.98e+08 
L  26-0P11  0 11 26 10  925.19802 2.85e-04 1.80e+08 
L  26-0R11  0 11 26 12  922.56225 7.52e-04 1.83e+08 
L  27-0P11  0 11 27 10  920.21319 2.07e-03 4.36e+08 
L  27-0R11  0 11 27 12  918.30763 1.26e-03 1.42e+08 
L  28-0P11  0 11 28 10  916.37551 2.47e-04 1.45e+08 
L  28-0R11  0 11 28 12  913.98263 2.65e-04 1.68e+08 
L  29-0P11  0 11 29 10  912.67382 9.20e-05 1.81e+08 
L  29-0R11  0 11 29 12  910.37810 7.87e-04 1.19e+08 
L  30-0P11  0 11 30 10  908.77391 1.97e-04 1.18e+08 
L  30-0R11  0 11 30 12  906.62596 1.55e-05 1.59e+08 
L  31-0P11  0 11 31 10  905.67593 3.66e-06 1.15e+08 
L  31-0R11  0 11 31 12  903.87171 4.57e-04 9.13e+07 
L  32-0P11  0 11 32 10  902.71715 1.46e-04 8.47e+07 
L  32-0R11  0 11 32 12  901.48589 6.32e-04 8.31e+07 
L  33-0P11  0 11 33 10  900.59202 1.08e-05 6.03e+07 
L  33-0R11  0 11 33 12  899.52350 1.38e-04 4.71e+07 
L  34-0P11  0 11 34 10  899.15629 1.52e-04 3.94e+07 
W  0-0Q11  0 11  0 11 1045.22872 2.41e-02 1.14e+09 
W  1-0Q11  0 11  1 11 1022.64902 3.68e-02 1.12e+09 
W  2-0Q11  0 11  2 11 1002.33042 3.57e-02 1.11e+09 
W  3-0Q11  0 11  3 11  984.04954 2.83e-02 1.09e+09 
W  4-0Q11  0 11  4 11  967.62688 2.02e-02 1.08e+09 
W  5-0Q11  0 11  5 11  952.92675 1.37e-02 1.07e+09 
W  6-0Q11  0 11  6 11  939.84618 9.08e-03 1.03e+09 
W  7-0Q11  0 11  7 11  928.32022 5.94e-03 1.01e+09 
W  8-0Q11  0 11  8 11  918.32340 3.87e-03 5.80e+08 
W  9-0Q11  0 11  9 11  909.88391 2.49e-03 2.47e+08 
W  10-0Q11  0 11 10 11  903.10301 1.57e-03 2.04e+08 
W  0-0P11  0 11  0 10 1050.90566 2.59e-02 9.38e+08 
W  0-0R11  0 11  0 12 1038.06340 7.39e-03 1.13e+09 
W  1-0P11  0 11  1 10 1027.86902 2.86e-02 1.11e+09 
W  1-0R11  0 11  1 12 1016.35023 2.17e-02 8.75e+08 
W  2-0P11  0 11  2 10 1007.06547 2.42e-02 1.09e+09 
W  2-0R11  0 11  2 12  996.17697 5.30e-03 1.06e+09 
W  3-0P11  0 11  3 10  988.44400 1.48e-02 1.01e+09 
W  3-0R11  0 11  3 12  978.51695 7.15e-03 1.05e+09 
W  4-0P11  0 11  4 10  970.99936 1.34e-02 7.80e+08 
W  4-0R11  0 11  4 12  962.75561 7.76e-03 9.49e+08 
W  5-0P11  0 11  5 10  956.25570 9.64e-03 9.88e+08 
W  5-0R11  0 11  5 12  947.97351 3.65e-04 7.85e+08 
W  6-0P11  0 11  6 10  942.95686 5.59e-03 9.72e+08 
W  6-0R11  0 11  6 12  935.61841 1.53e-03 9.40e+08 
W  7-0P11  0 11  7 10  931.24411 2.73e-03 8.46e+08 
W  7-0R11  0 11  7 12  924.66068 1.60e-03 8.00e+08 
W  8-0P11  0 11  8 10  921.16767 7.41e-04 5.33e+08 
W  8-0R11  0 11  8 12  915.22877 1.43e-03 2.92e+08 
W  9-0P11  0 11  9 10  911.73511 1.70e-03 2.87e+08 
W  9-0R11  0 11  9 12  907.40816 1.16e-03 1.74e+08 
W  10-0P11  0 11 10 10  904.72233 1.09e-03 2.01e+08 
W  10-0R11  0 11 10 12  900.79329 1.30e-04 1.52e+08 
W  11-0P11  0 11 11 10  899.57553 4.30e-04 1.18e+08 
L  0-0P12  0 12  0 11 1187.17570 5.70e-04 1.71e+09 
L  0-0R12  0 12  0 13 1176.31905 3.52e-04 1.66e+09 
L  1-0P12  0 12  1 11 1170.23420 2.19e-03 1.61e+09 
L  1-0R12  0 12  1 13 1160.03750 1.56e-03 1.56e+09 
L  2-0P12  0 12  2 11 1154.10845 4.68e-03 1.51e+09 
L  2-0R12  0 12  2 13 1144.51519 3.82e-03 1.47e+09 
L  3-0P12  0 12  3 11 1138.77162 7.44e-03 1.42e+09 
L  3-0R12  0 12  3 13 1129.73287 6.88e-03 1.37e+09 
L  4-0P12  0 12  4 11 1124.19082 9.74e-03 1.31e+09 
L  4-0R12  0 12  4 13 1115.66351 1.02e-02 1.25e+09 
L  5-0P12  0 12  5 11 1110.33129 1.12e-02 1.16e+09 
L  5-0R12  0 12  5 13 1102.27697 1.33e-02 9.39e+08 
L  6-0P12  0 12  6 11 1097.15758 1.16e-02 8.87e+08 
L  6-0R12  0 12  6 13 1089.54193 1.58e-02 6.65e+08 
L  7-0P12  0 12  7 11 1084.63528 1.11e-02 6.50e+08 
L  7-0R12  0 12  7 13 1077.42610 1.74e-02 6.19e+08 
L  8-0P12  0 12  8 11 1072.73014 9.86e-03 6.18e+08 
L  8-0R12  0 12  8 13 1065.89933 1.82e-02 5.75e+08 
L  9-0P12  0 12  9 11 1061.42701 6.87e-03 5.67e+08 
L  9-0R12  0 12  9 13 1054.93255 1.86e-02 5.04e+08 
L  10-0P12  0 12 10 11 1050.61782 8.10e-03 4.84e+08 
L  10-0R12  0 12 10 13 1044.57090 2.21e-02 5.18e+08 
L  11-0P12  0 12 11 11 1040.39987 4.69e-03 4.62e+08 
L  11-0R12  0 12 11 13 1034.54137 1.63e-02 4.28e+08 
L  12-0P12  0 12 12 11 1030.56034 7.82e-03 4.29e+08 
L  12-0R12  0 12 12 13 1025.12068 1.75e-02 4.05e+08 
L  13-0P12  0 12 13 11 1021.33268 3.47e-03 3.87e+08 
L  13-0R12  0 12 13 13 1016.03001 1.21e-02 3.73e+08 
L  14-0P12  0 12 14 11 1012.24626 1.26e-02 4.65e+08 
L  14-0R12  0 12 14 13 1007.49181 1.30e-02 3.46e+08 
L  15-0P12  0 12 15 11 1004.02725 2.77e-03 3.35e+08 
L  15-0R12  0 12 15 13  999.18676 7.16e-03 3.42e+08 
L  16-0P12  0 12 16 11  996.24724 2.00e-04 4.36e+08 
L  16-0R12  0 12 16 13  991.47834 9.07e-03 2.99e+08 
L  17-0P12  0 12 17 11  988.30646 2.40e-03 2.99e+08 
L  17-0R12  0 12 17 13  983.66148 6.38e-04 5.29e+08 
L  18-0P12  0 12 18 11  981.14158 2.83e-04 3.01e+08 
L  18-0R12  0 12 18 13  976.92703 5.98e-03 2.65e+08 
L  19-0P12  0 12 19 11  974.01532 2.30e-03 2.75e+08 
L  19-0R12  0 12 19 13  970.35761 8.08e-03 3.22e+08 
L  20-0P12  0 12 20 11  967.51576 4.97e-04 2.54e+08 
L  20-0R12  0 12 20 13  963.70411 3.70e-03 2.40e+08 
L  21-0P12  0 12 21 11  961.00076 2.71e-03 2.86e+08 
L  21-0R12  0 12 21 13  957.69763 4.60e-03 2.38e+08 
L  22-0P12  0 12 22 11  955.17470 5.31e-04 2.20e+08 
L  22-0R12  0 12 22 13  951.69582 2.01e-03 2.33e+08 
L  23-0P12  0 12 23 11  949.03141 4.30e-03 4.93e+08 
L  23-0R12  0 12 23 13  946.28516 2.84e-03 2.02e+08 
L  24-0P12  0 12 24 11  944.02062 5.08e-04 1.96e+08 
L  24-0R12  0 12 24 13  940.78431 6.58e-04 2.96e+08 
L  25-0P12  0 12 25 11  939.14800 1.22e-04 3.24e+08 
L  25-0R12  0 12 25 13  936.02030 1.77e-03 1.80e+08 
L  26-0P12  0 12 26 11  934.00167 4.67e-04 1.82e+08 
L  26-0R12  0 12 26 13  931.76594 2.80e-03 5.08e+08 
L  27-0P12  0 12 27 11  929.59015 4.11e-06 2.13e+08 
L  27-0R12  0 12 27 13  926.88809 1.11e-03 1.41e+08 
L  28-0P12  0 12 28 11  925.12680 4.19e-04 1.51e+08 
L  28-0R12  0 12 28 13  922.97335 1.64e-03 1.50e+08 
L  29-0P12  0 12 29 11  921.29225 3.10e-05 1.33e+08 
L  29-0R12  0 12 29 13  918.97161 6.69e-04 1.23e+08 
L  30-0P12  0 12 30 11  917.52135 3.63e-04 1.29e+08 
L  30-0R12  0 12 30 13  915.67721 9.18e-04 1.07e+08 
L  31-0P12  0 12 31 11  914.41622 4.20e-05 1.01e+08 
L  31-0R12  0 12 31 13  912.56371 3.38e-04 9.18e+07 
L  32-0P12  0 12 32 11  911.55551 3.30e-04 9.30e+07 
L  32-0R12  0 12 32 13  910.23955 4.15e-04 6.47e+07 
L  33-0P12  0 12 33 11  909.59292 4.79e-05 5.28e+07 
L  33-0R12  0 12 33 13  908.75888 4.57e-04 6.83e+07 
L  34-0P12  0 12 34 11  908.50872 1.40e-06 1.76e+07 
W  0-0Q12  0 12  0 12 1051.28770 2.40e-02 1.14e+09 
W  1-0Q12  0 12  1 12 1028.80161 3.70e-02 1.12e+09 
W  2-0Q12  0 12  2 12 1008.57460 3.57e-02 1.10e+09 
W  3-0Q12  0 12  3 12  990.38681 2.84e-02 1.09e+09 
W  4-0Q12  0 12  4 12  974.06437 2.03e-02 1.07e+09 
W  5-0Q12  0 12  5 12  959.47531 1.38e-02 1.06e+09 
W  6-0Q12  0 12  6 12  946.52368 9.19e-03 1.03e+09 
W  7-0Q12  0 12  7 12  935.15102 6.02e-03 9.71e+08 
W  8-0Q12  0 12  8 12  925.34356 3.92e-03 6.74e+08 
W  9-0Q12  0 12  9 12  917.14780 2.52e-03 2.37e+08 
W  10-0Q12  0 12 10 12  910.69945 1.54e-03 1.98e+08 
W  0-0P12  0 12  0 11 1057.62580 1.91e-02 1.14e+09 
W  0-0R12  0 12  0 13 1043.54962 1.24e-03 1.08e+09 
W  1-0P12  0 12  1 11 1034.48690 2.55e-02 1.11e+09 
W  1-0R12  0 12  1 13 1021.74404 7.30e-03 1.10e+09 
W  2-0P12  0 12  2 11 1013.83983 1.67e-02 9.98e+08 
W  2-0R12  0 12  2 13 1002.17301 1.01e-02 1.07e+09 
W  3-0P12  0 12  3 11  994.68836 2.17e-02 9.57e+08 
W  3-0R12  0 12  3 13  984.83686 1.31e-02 8.22e+08 
W  4-0P12  0 12  4 11  978.10320 1.44e-02 1.02e+09 
W  4-0R12  0 12  4 13  968.53032 2.32e-03 9.73e+08 
W  5-0P12  0 12  5 11  963.24192 8.11e-03 9.80e+08 
W  5-0R12  0 12  5 13  954.59744 3.20e-03 9.87e+08 
W  6-0P12  0 12  6 11  950.20733 2.62e-03 7.23e+08 
W  6-0R12  0 12  6 13  942.29623 3.25e-03 8.73e+08 
W  7-0P12  0 12  7 11  937.83258 4.23e-03 8.07e+08 
W  7-0R12  0 12  7 13  930.78809 7.74e-06 5.17e+08 
W  8-0P12  0 12  8 11  927.82720 2.71e-03 7.46e+08 
W  8-0R12  0 12  8 13  921.77996 3.34e-04 3.31e+08 
W  9-0P12  0 12  9 11  919.33945 1.62e-03 3.62e+08 
W  9-0R12  0 12  9 13  914.24802 4.51e-04 2.10e+08 
W  10-0P12  0 12 10 11  912.54547 8.76e-04 2.13e+08 
L  0-0P13  0 13  0 12 1199.21878 5.33e-04 1.69e+09 
L  0-0R13  0 13  0 14 1187.63929 3.13e-04 1.63e+09 
L  1-0P13  0 13  1 12 1182.11847 2.08e-03 1.58e+09 
L  1-0R13  0 13  1 14 1171.22268 1.42e-03 1.53e+09 
L  2-0P13  0 13  2 12 1165.83393 4.55e-03 1.49e+09 
L  2-0R13  0 13  2 14 1155.56893 3.55e-03 1.44e+09 
L  3-0P13  0 13  3 12 1150.34106 7.31e-03 1.39e+09 
L  3-0R13  0 13  3 14 1140.65952 6.52e-03 1.34e+09 
L  4-0P13  0 13  4 12 1135.60859 9.68e-03 1.26e+09 
L  4-0R13  0 13  4 14 1126.46749 9.85e-03 1.14e+09 
L  5-0P13  0 13  5 12 1121.60271 1.12e-02 8.98e+08 
L  5-0R13  0 13  5 14 1112.96296 1.30e-02 7.91e+08 
L  6-0P13  0 13  6 12 1108.28830 1.18e-02 6.82e+08 
L  6-0R13  0 13  6 14 1100.11388 1.55e-02 6.44e+08 
L  7-0P13  0 13  7 12 1095.63010 1.14e-02 6.28e+08 
L  7-0R13  0 13  7 14 1087.88974 1.72e-02 6.11e+08 
L  8-0P13  0 13  8 12 1083.59643 1.02e-02 5.75e+08 
L  8-0R13  0 13  8 14 1076.25851 1.81e-02 5.39e+08 
L  9-0P13  0 13  9 12 1072.15634 8.15e-03 5.16e+08 
L  9-0R13  0 13  9 14 1065.19210 1.85e-02 4.88e+08 
L  10-0P13  0 13 10 12 1061.22775 9.76e-03 4.80e+08 
L  10-0R13  0 13 10 14 1054.66675 1.86e-02 4.58e+08 
L  11-0P13  0 13 11 12 1050.90058 5.72e-03 4.34e+08 
L  11-0R13  0 13 11 14 1044.61029 1.59e-02 4.16e+08 
L  12-0P13  0 13 12 12 1040.70532 2.38e-02 6.44e+08 
L  12-0R13  0 13 12 14 1035.08225 1.61e-02 3.82e+08 
L  13-0P13  0 13 13 12 1031.62679 4.33e-03 3.75e+08 
L  13-0R13  0 13 13 14 1025.88850 9.49e-03 3.86e+08 
L  14-0P13  0 13 14 12 1022.80570 3.73e-04 3.85e+08 
L  14-0R13  0 13 14 14 1017.30248 1.23e-02 3.33e+08 
L  15-0P13  0 13 15 12 1014.12802 3.67e-03 3.28e+08 
L  15-0R13  0 13 15 14 1009.29072 1.77e-02 4.78e+08 
L  16-0P13  0 13 16 12 1006.10120 9.09e-04 3.13e+08 
L  16-0R13  0 13 16 14 1001.14852 8.60e-03 2.94e+08 
L  17-0P13  0 13 17 12  998.21838 3.73e-03 3.02e+08 
L  17-0R13  0 13 17 14  993.74655 1.00e-02 2.93e+08 
L  18-0P13  0 13 18 12  990.95967 9.72e-04 2.71e+08 
L  18-0R13  0 13 18 14  986.46102 5.37e-03 2.63e+08 
L  19-0P13  0 13 19 12  983.67899 5.55e-03 3.56e+08 
L  19-0R13  0 13 19 14  979.74303 6.35e-03 2.45e+08 
L  20-0P13  0 13 20 12  977.21926 9.31e-04 2.40e+08 
L  20-0R13  0 13 20 14  973.08183 2.53e-03 2.72e+08 
L  21-0P13  0 13 21 12  971.23324 1.03e-03 4.66e+08 
L  21-0R13  0 13 21 14  967.05177 4.07e-03 2.14e+08 
L  22-0P13  0 13 22 12  964.76132 8.85e-04 2.14e+08 
L  22-0R13  0 13 22 14  960.69711 2.51e-05 5.67e+08 
L  23-0P13  0 13 23 12  959.17299 3.42e-06 2.46e+08 
L  23-0R13  0 13 23 14  955.57183 2.56e-03 1.96e+08 
L  24-0P13  0 13 24 12  953.49809 8.75e-04 2.04e+08 
L  24-0R13  0 13 24 14  950.46843 3.58e-03 2.67e+08 
L  25-0P13  0 13 25 12  948.45633 9.08e-05 1.98e+08 
L  25-0R13  0 13 25 14  945.24498 1.55e-03 1.77e+08 
L  26-0P13  0 13 26 12  943.37860 9.29e-04 1.83e+08 
L  26-0R13  0 13 26 14  940.65254 2.05e-03 1.73e+08 
L  27-0P13  0 13 27 12  938.93028 1.31e-04 1.42e+08 
L  27-0R13  0 13 27 14  936.06770 8.58e-04 1.49e+08 
L  28-0P13  0 13 28 12  934.40932 1.06e-03 1.68e+08 
L  28-0R13  0 13 28 14  932.07955 1.25e-03 1.22e+08 
L  29-0P13  0 13 29 12  930.64221 1.31e-04 1.19e+08 
L  29-0R13  0 13 29 14  928.13902 3.52e-04 1.35e+08 
L  30-0P13  0 13 30 12  926.72153 1.19e-03 1.59e+08 
L  30-0R13  0 13 30 14  924.91469 7.40e-04 9.79e+07 
L  31-0P13  0 13 31 12  923.84403 1.16e-04 9.13e+07 
L  31-0R13  0 13 31 14  921.71098 5.36e-07 1.47e+08 
L  32-0P13  0 13 32 12  921.35176 4.05e-05 8.31e+07 
L  32-0R13  0 13 32 14  919.75691 3.00e-04 5.81e+07 
L  33-0P13  0 13 33 12  919.30201 1.08e-04 4.71e+07 
W  0-0Q13  0 13  0 13 1057.70422 2.40e-02 1.13e+09 
W  1-0Q13  0 13  1 13 1035.32605 3.70e-02 1.11e+09 
W  2-0Q13  0 13  2 13 1015.20462 3.58e-02 1.10e+09 
W  3-0Q13  0 13  3 13  997.12459 2.85e-02 1.08e+09 
W  4-0Q13  0 13  4 13  980.91801 2.05e-02 1.07e+09 
W  5-0Q13  0 13  5 13  966.45764 1.40e-02 1.05e+09 
W  6-0Q13  0 13  6 13  953.65531 9.29e-03 1.03e+09 
W  7-0Q13  0 13  7 13  942.46097 6.10e-03 5.98e+08 
W  8-0Q13  0 13  8 13  932.87515 3.97e-03 2.74e+08 
W  9-0Q13  0 13  9 13  924.96798 2.53e-03 2.20e+08 
W  10-0Q13  0 13 10 13  918.92575 1.49e-03 1.40e+08 
W  0-0P13  0 13  0 12 1064.49294 1.68e-02 1.13e+09 
W  0-0R13  0 13  0 14 1049.60948 5.43e-03 1.12e+09 
W  1-0P13  0 13  1 12 1041.67220 9.20e-03 8.75e+08 
W  1-0R13  0 13  1 14 1027.96127 1.20e-02 1.08e+09 
W  2-0P13  0 13  2 12 1020.49168 2.85e-02 1.06e+09 
W  2-0R13  0 13  2 14 1008.13769 1.10e-03 9.20e+08 
W  3-0P13  0 13  3 12 1001.96706 1.99e-02 1.05e+09 
W  3-0R13  0 13  3 14  990.84479 5.19e-03 1.04e+09 
W  4-0P13  0 13  4 12  985.44760 1.07e-02 9.49e+08 
W  4-0R13  0 13  4 14  975.32163 5.87e-03 9.94e+08 
W  5-0P13  0 13  5 12  969.96607 9.56e-03 7.85e+08 
W  5-0R13  0 13  5 14  961.76975 6.21e-03 6.54e+08 
W  6-0P13  0 13  6 12  957.03497 6.66e-03 9.40e+08 
W  6-0R13  0 13  6 14  948.88733 9.66e-04 8.77e+08 
W  7-0P13  0 13  7 12  945.57292 3.90e-03 8.00e+08 
W  7-0R13  0 13  7 14  938.35778 1.25e-03 5.82e+08 
W  8-0P13  0 13  8 12  935.71183 2.02e-03 2.92e+08 
W  8-0R13  0 13  8 14  929.42504 1.19e-03 2.43e+08 
W  9-0P13  0 13  9 12  927.53881 7.34e-04 1.74e+08 
W  9-0R13  0 13  9 14  922.33888 1.04e-03 1.39e+08 
W  10-0P13  0 13 10 12  920.62831 1.05e-03 1.52e+08 
L  0-0P14  0 14  0 13 1211.98958 4.96e-04 1.66e+09 
L  0-0R14  0 14  0 15 1199.70766 2.79e-04 1.59e+09 
L  1-0P14  0 14  1 13 1194.71287 1.98e-03 1.56e+09 
L  1-0R14  0 14  1 15 1183.13624 1.30e-03 1.50e+09 
L  2-0P14  0 14  2 13 1178.25530 4.40e-03 1.47e+09 
L  2-0R14  0 14  2 15 1167.33502 3.30e-03 1.41e+09 
L  3-0P14  0 14  3 13 1162.59454 7.19e-03 1.37e+09 
L  3-0R14  0 14  3 15 1152.28468 6.17e-03 1.31e+09 
L  4-0P14  0 14  4 13 1147.70018 9.63e-03 1.25e+09 
L  4-0R14  0 14  4 15 1137.95820 9.44e-03 9.88e+08 
L  5-0P14  0 14  5 13 1133.53868 1.13e-02 9.39e+08 
L  5-0R14  0 14  5 15 1124.32518 1.26e-02 6.91e+08 
L  6-0P14  0 14  6 13 1120.07545 1.19e-02 6.65e+08 
L  6-0R14  0 14  6 15 1111.35437 1.52e-02 6.29e+08 
L  7-0P14  0 14  7 13 1107.27502 1.16e-02 6.19e+08 
L  7-0R14  0 14  7 15 1099.01221 1.71e-02 5.90e+08 
L  8-0P14  0 14  8 13 1095.10434 1.05e-02 5.75e+08 
L  8-0R14  0 14  8 15 1087.26970 1.81e-02 5.18e+08 
L  9-0P14  0 14  9 13 1083.53162 8.83e-03 5.04e+08 
L  9-0R14  0 14  9 15 1076.09614 1.84e-02 4.71e+08 
L  10-0P14  0 14 10 13 1072.60346 1.99e-03 5.18e+08 
L  10-0R14  0 14 10 15 1065.46312 1.82e-02 4.36e+08 
L  11-0P14  0 14 11 13 1062.03111 6.55e-03 4.28e+08 
L  11-0R14  0 14 11 15 1055.24191 9.65e-03 4.90e+08 
L  12-0P14  0 14 12 13 1052.10553 2.77e-03 4.05e+08 
L  12-0R14  0 14 12 15 1045.68930 1.58e-02 3.76e+08 
L  13-0P14  0 14 13 13 1042.53219 5.46e-03 3.73e+08 
L  13-0R14  0 14 13 15 1036.56482 1.76e-02 3.64e+08 
L  14-0P14  0 14 14 13 1033.54473 2.21e-03 3.46e+08 
L  14-0R14  0 14 14 15 1027.73761 1.19e-02 3.22e+08 
L  15-0P14  0 14 15 13 1024.80647 6.01e-03 3.42e+08 
L  15-0R14  0 14 15 15 1019.45113 1.26e-02 3.04e+08 
L  16-0P14  0 14 16 13 1016.69929 1.82e-03 2.99e+08 
L  16-0R14  0 14 16 15 1011.41585 7.59e-03 2.94e+08 
L  17-0P14  0 14 17 13 1008.48133 1.33e-02 5.29e+08 
L  17-0R14  0 14 17 15 1003.91729 8.74e-03 2.67e+08 
L  18-0P14  0 14 18 13 1001.40397 1.60e-03 2.65e+08 
L  18-0R14  0 14 18 15  996.47745 2.20e-03 3.72e+08 
L  19-0P14  0 14 19 13  994.50239 3.22e-05 3.22e+08 
L  19-0R14  0 14 19 15  989.81383 5.83e-03 2.35e+08 
L  20-0P14  0 14 20 13  987.51485 1.52e-03 2.40e+08 
L  20-0R14  0 14 20 15  983.47951 8.14e-03 3.30e+08 
L  21-0P14  0 14 21 13  981.20887 1.56e-04 2.38e+08 
L  21-0R14  0 14 21 15  977.01952 3.67e-03 2.11e+08 
L  22-0P14  0 14 22 13  974.90972 1.67e-03 2.33e+08 
L  22-0R14  0 14 22 15  971.21135 4.49e-03 2.15e+08 
L  23-0P14  0 14 23 13  969.23268 2.77e-04 2.02e+08 
L  23-0R14  0 14 23 15  965.43734 2.09e-03 2.04e+08 
L  24-0P14  0 14 24 13  963.46261 2.36e-03 2.96e+08 
L  24-0R14  0 14 24 15  960.22185 2.78e-03 1.83e+08 
L  25-0P14  0 14 25 13  958.46676 3.08e-04 1.80e+08 
L  25-0R14  0 14 25 15  954.98670 8.02e-04 2.18e+08 
L  26-0P14  0 14 26 13  954.00640 1.12e-03 5.08e+08 
L  26-0R14  0 14 26 15  950.42489 1.75e-03 1.38e+08 
L  27-0P14  0 14 27 13  948.89354 3.04e-04 1.41e+08 
L  27-0R14  0 14 27 15  946.42568 2.66e-03 2.29e+08 
L  28-0P14  0 14 28 13  944.79113 6.30e-05 1.50e+08 
L  28-0R14  0 14 28 15  945.53885 6.09e-09 2.76e+08 
L  29-0P14  0 14 29 13  940.59839 2.80e-04 1.23e+08 
L  29-0R14  0 14 29 15  941.87057 1.08e-03 1.23e+08 
L  30-0P14  0 14 30 13  937.14740 8.97e-07 1.07e+08 
L  30-0R14  0 14 30 15  938.28611 1.50e-03 1.18e+08 
L  31-0P14  0 14 31 13  933.88644 2.64e-04 9.18e+07 
L  31-0R14  0 14 31 15  934.79872 5.94e-04 9.58e+07 
L  32-0P14  0 14 32 13  931.45254 2.87e-05 6.47e+07 
L  32-0R14  0 14 32 15  932.09415 6.86e-04 7.44e+07 
L  33-0P14  0 14 33 13  929.90212 1.85e-04 6.83e+07 
L  33-0R14  0 14 33 15  929.91682 4.02e-05 7.26e+07 
W  0-0Q14  0 14  0 14 1064.44762 2.41e-02 1.12e+09 
W  1-0Q14  0 14  1 14 1042.19287 3.70e-02 1.11e+09 
W  2-0Q14  0 14  2 14 1022.19272 3.59e-02 1.09e+09 
W  3-0Q14  0 14  3 14 1004.23657 2.86e-02 1.08e+09 
W  4-0Q14  0 14  4 14  988.16348 2.06e-02 1.07e+09 
W  5-0Q14  0 14  5 14  973.85179 1.41e-02 1.04e+09 
W  6-0Q14  0 14  6 14  961.22191 9.39e-03 1.02e+09 
W  7-0Q14  0 14  7 14  950.23460 6.17e-03 6.83e+08 
W  8-0Q14  0 14  8 14  940.90877 4.01e-03 2.48e+08 
W  9-0Q14  0 14  9 14  933.34550 2.52e-03 2.07e+08 
W  0-0P14  0 14  0 13 1071.52665 2.45e-02 1.08e+09 
W  0-0R14  0 14  0 15 1056.03234 1.25e-02 1.04e+09 
W  1-0P14  0 14  1 13 1048.54908 2.96e-02 1.10e+09 
W  1-0R14  0 14  1 15 1034.33474 5.26e-03 1.08e+09 
W  2-0P14  0 14  2 13 1027.94806 2.48e-02 1.07e+09 
W  2-0R14  0 14  2 15 1015.05066 8.16e-03 1.07e+09 
W  3-0P14  0 14  3 13 1009.71681 9.79e-03 8.22e+08 
W  3-0R14  0 14  3 15  997.88707 1.05e-02 9.39e+08 
W  4-0P14  0 14  4 13  992.58312 1.57e-02 9.73e+08 
W  4-0R14  0 14  4 15  982.01884 1.51e-03 9.28e+08 
W  5-0P14  0 14  5 13  977.95484 9.79e-03 9.87e+08 
W  5-0R14  0 14  5 15  968.45078 2.75e-03 9.76e+08 
W  6-0P14  0 14  6 13  965.04836 5.02e-03 8.73e+08 
W  6-0R14  0 14  6 15  956.52507 2.87e-03 8.34e+08 
W  7-0P14  0 14  7 13  952.98133 3.57e-03 5.17e+08 
W  7-0R14  0 14  7 15  937.15302 3.69e-04 2.25e+08 
W  8-0P14  0 14  8 13  943.54069 2.88e-03 3.31e+08 
W  8-0R14  0 14  8 15  930.48998 7.03e-04 1.53e+08 
W  9-0P14  0 14  9 13  935.65045 1.77e-03 2.10e+08 
L  0-0P15  0 15  0 14 1225.47803 4.63e-04 1.63e+09 
L  0-0R15  0 15  0 16 1212.51171 2.49e-04 1.56e+09 
L  1-0P15  0 15  1 14 1208.00638 1.89e-03 1.53e+09 
L  1-0R15  0 15  1 16 1195.76589 1.18e-03 1.47e+09 
L  2-0P15  0 15  2 14 1191.36092 4.26e-03 1.44e+09 
L  2-0R15  0 15  2 16 1179.80082 3.09e-03 1.38e+09 
L  3-0P15  0 15  3 14 1175.51994 7.03e-03 1.34e+09 
L  3-0R15  0 15  3 16 1164.59555 5.84e-03 1.28e+09 
L  4-0P15  0 15  4 14 1160.45292 9.56e-03 1.14e+09 
L  4-0R15  0 15  4 16 1150.12250 9.06e-03 1.04e+09 
L  5-0P15  0 15  5 14 1146.12642 1.13e-02 7.91e+08 
L  5-0R15  0 15  5 16 1136.35021 1.22e-02 6.79e+08 
L  6-0P15  0 15  6 14 1132.50488 1.21e-02 6.44e+08 
L  6-0R15  0 15  6 16 1123.24667 1.49e-02 6.15e+08 
L  7-0P15  0 15  7 14 1119.55454 1.19e-02 6.11e+08 
L  7-0R15  0 15  7 16 1110.78109 1.68e-02 5.88e+08 
L  8-0P15  0 15  8 14 1107.24020 1.09e-02 5.39e+08 
L  8-0R15  0 15  8 16 1098.91873 1.80e-02 5.01e+08 
L  9-0P15  0 15  9 14 1095.53096 9.38e-03 4.88e+08 
L  9-0R15  0 15  9 16 1087.63109 1.83e-02 4.62e+08 
L  10-0P15  0 15 10 14 1084.40064 6.91e-03 4.58e+08 
L  10-0R15  0 15 10 16 1076.88832 1.82e-02 4.32e+08 
L  11-0P15  0 15 11 14 1073.77200 7.63e-03 4.16e+08 
L  11-0R15  0 15 11 16 1066.67076 1.82e-02 3.99e+08 
L  12-0P15  0 15 12 14 1063.70712 4.52e-03 3.82e+08 
L  12-0R15  0 15 12 16 1056.91218 1.55e-02 3.69e+08 
L  13-0P15  0 15 13 14 1054.00023 9.47e-03 3.86e+08 
L  13-0R15  0 15 13 16 1047.65533 1.54e-02 3.38e+08 
L  14-0P15  0 15 14 14 1044.93929 3.26e-03 3.33e+08 
L  14-0R15  0 15 14 16 1038.75663 1.02e-02 3.30e+08 
L  15-0P15  0 15 15 14 1036.48811 1.01e-03 4.78e+08 
L  15-0R15  0 15 15 16 1030.39415 1.17e-02 2.95e+08 
L  16-0P15  0 15 16 14 1027.90304 2.68e-03 2.94e+08 
L  16-0R15  0 15 16 16 1022.67223 1.74e-02 5.38e+08 
L  17-0P15  0 15 17 14 1020.10172 2.98e-04 2.93e+08 
L  17-0R15  0 15 17 16 1014.71602 8.23e-03 2.62e+08 
L  18-0P15  0 15 18 14 1012.42611 2.60e-03 2.63e+08 
L  18-0R15  0 15 18 16 1007.52378 9.46e-03 2.65e+08 
L  19-0P15  0 15 19 14 1005.35108 5.54e-04 2.45e+08 
L  19-0R15  0 15 19 16 1000.47483 5.24e-03 2.36e+08 
L  20-0P15  0 15 20 14  998.33837 3.41e-03 2.72e+08 
L  20-0R15  0 15 20 16  993.95338 6.01e-03 2.19e+08 
L  21-0P15  0 15 21 14  991.99224 6.11e-04 2.14e+08 
L  21-0R15  0 15 21 16  987.52616 2.54e-03 2.47e+08 
L  22-0P15  0 15 22 14  985.30671 7.35e-03 5.67e+08 
L  22-0R15  0 15 22 16  981.68432 3.88e-03 1.93e+08 
L  23-0P15  0 15 23 14  979.91623 6.21e-04 1.96e+08 
L  23-0R15  0 15 23 16  975.54941 3.61e-06 5.69e+08 
L  24-0P15  0 15 24 14  974.55021 6.97e-05 2.67e+08 
L  24-0R15  0 15 24 16  970.63876 2.47e-03 1.71e+08 
L  25-0P15  0 15 25 14  969.05948 6.33e-04 1.77e+08 
L  25-0R15  0 15 25 16  965.72786 3.29e-03 2.26e+08 
L  26-0P15  0 15 26 14  964.23331 2.07e-05 1.73e+08 
L  26-0R15  0 15 26 16  960.79902 1.49e-03 1.45e+08 
L  27-0P15  0 15 27 14  959.41631 6.78e-04 1.49e+08 
L  27-0R15  0 15 27 16  956.46515 1.90e-03 1.27e+08 
L  28-0P15  0 15 28 14  955.22717 6.69e-05 1.22e+08 
L  28-0R15  0 15 28 16  952.23821 7.73e-04 1.39e+08 
L  29-0P15  0 15 29 14  951.08892 8.04e-04 1.35e+08 
L  29-0R15  0 15 29 16  948.64114 1.11e-03 1.05e+08 
L  30-0P15  0 15 30 14  947.70345 8.75e-05 9.79e+07 
L  30-0R15  0 15 30 16  945.18995 8.60e-05 1.25e+08 
L  31-0P15  0 15 31 14  944.34021 1.30e-03 1.47e+08 
L  31-0R15  0 15 31 16  942.74662 5.12e-04 6.65e+07 
L  32-0P15  0 15 32 14  942.28913 1.03e-04 5.81e+07 
W  0-0Q15  0 15  0 15 1071.50587 2.41e-02 1.12e+09 
W  1-0Q15  0 15  1 15 1049.39084 3.70e-02 1.10e+09 
W  2-0Q15  0 15  2 15 1029.52831 3.59e-02 1.09e+09 
W  3-0Q15  0 15  3 15 1011.71342 2.87e-02 1.07e+09 
W  4-0Q15  0 15  4 15  995.79297 2.07e-02 1.06e+09 
W  5-0Q15  0 15  5 15  981.65175 1.42e-02 1.04e+09 
W  6-0Q15  0 15  6 15  969.22037 9.49e-03 9.72e+08 
W  7-0Q15  0 15  7 15  958.47337 6.24e-03 7.82e+08 
W  8-0Q15  0 15  8 15  949.45311 4.04e-03 2.41e+08 
W  9-0Q15  0 15  9 15  942.30458 2.49e-03 2.03e+08 
W  0-0P15  0 15  0 14 1079.05491 1.94e-02 1.12e+09 
W  0-0R15  0 15  0 16 1062.61761 4.69e-03 1.11e+09 
W  1-0P15  0 15  1 14 1056.18827 2.44e-02 1.08e+09 
W  1-0R15  0 15  1 16 1041.27944 9.93e-03 1.08e+09 
W  2-0P15  0 15  2 14 1035.27214 2.90e-02 9.20e+08 
W  2-0R15  0 15  2 16 1021.75949 2.12e-04 8.14e+08 
W  3-0P15  0 15  3 14 1017.04424 2.19e-02 1.04e+09 
W  3-0R15  0 15  3 16 1004.85061 4.75e-03 1.03e+09 
W  4-0P15  0 15  4 14 1000.69608 1.35e-02 9.94e+08 
W  4-0R15  0 15  4 16  989.66757 5.49e-03 9.90e+08 
W  5-0P15  0 15  5 14  986.43504 3.78e-03 6.54e+08 
W  5-0R15  0 15  5 16  976.51520 5.98e-03 6.08e+08 
W  6-0P15  0 15  6 14  972.88804 7.04e-03 8.77e+08 
W  6-0R15  0 15  6 16  964.12408 1.08e-03 8.45e+08 
W  7-0P15  0 15  7 14  961.82220 4.36e-03 5.82e+08 
W  7-0R15  0 15  7 16  954.11863 1.33e-03 4.11e+08 
W  8-0P15  0 15  8 14  952.43937 2.39e-03 2.43e+08 
W  8-0R15  0 15  8 16  945.93741 1.42e-03 1.86e+08 
W  9-0P15  0 15  9 14  944.99934 6.10e-04 1.39e+08 
L  0-0P16  0 16  0 15 1239.63848 4.31e-04 1.59e+09 
L  0-0R16  0 16  0 17 1226.00404 2.23e-04 1.53e+09 
L  1-0P16  0 16  1 15 1221.95372 1.80e-03 1.50e+09 
L  1-0R16  0 16  1 17 1209.06499 1.08e-03 1.44e+09 
L  2-0P16  0 16  2 15 1205.10603 4.11e-03 1.41e+09 
L  2-0R16  0 16  2 17 1192.92068 2.87e-03 1.35e+09 
L  3-0P16  0 16  3 15 1189.07266 6.91e-03 1.31e+09 
L  3-0R16  0 16  3 17 1177.54756 5.51e-03 1.05e+09 
L  4-0P16  0 16  4 15 1173.82286 9.49e-03 9.88e+08 
L  4-0R16  0 16  4 17 1162.91659 8.67e-03 7.15e+08 
L  5-0P16  0 16  5 15 1159.32244 1.13e-02 6.91e+08 
L  5-0R16  0 16  5 17 1148.99554 1.18e-02 6.47e+08 
L  6-0P16  0 16  6 15 1145.53652 1.22e-02 6.29e+08 
L  6-0R16  0 16  6 17 1135.75136 1.46e-02 5.99e+08 
L  7-0P16  0 16  7 15 1132.42793 1.21e-02 5.90e+08 
L  7-0R16  0 16  7 17 1123.15205 1.66e-02 5.22e+08 
L  8-0P16  0 16  8 15 1119.96456 1.13e-02 5.18e+08 
L  8-0R16  0 16  8 17 1111.16371 1.78e-02 4.77e+08 
L  9-0P16  0 16  9 15 1108.11256 9.87e-03 4.71e+08 
L  9-0R16  0 16  9 17 1099.75625 1.83e-02 4.46e+08 
L  10-0P16  0 16 10 15 1096.84073 7.95e-03 4.36e+08 
L  10-0R16  0 16 10 17 1088.89950 1.82e-02 4.11e+08 
L  11-0P16  0 16 11 15 1086.01169 1.58e-02 4.90e+08 
L  11-0R16  0 16 11 17 1078.56668 1.77e-02 3.75e+08 
L  12-0P16  0 16 12 15 1075.89654 5.51e-03 3.76e+08 
L  12-0R16  0 16 12 17 1068.67361 1.18e-02 3.84e+08 
L  13-0P16  0 16 13 15 1066.23972 1.41e-03 3.64e+08 
L  13-0R16  0 16 13 17 1059.35301 1.50e-02 3.21e+08 
L  14-0P16  0 16 14 15 1056.90213 4.31e-03 3.22e+08 
L  14-0R16  0 16 14 17 1050.47490 1.64e-02 3.18e+08 
L  15-0P16  0 16 15 15 1048.14068 1.52e-03 3.04e+08 
L  15-0R16  0 16 15 17 1041.91260 1.13e-02 2.85e+08 
L  16-0P16  0 16 16 15 1039.64867 4.34e-03 2.94e+08 
L  16-0R16  0 16 16 17 1033.85097 1.17e-02 2.69e+08 
L  17-0P16  0 16 17 15 1031.72726 1.33e-03 2.67e+08 
L  17-0R16  0 16 17 17 1026.06366 7.25e-03 2.59e+08 
L  18-0P16  0 16 18 15 1023.87115 8.34e-03 3.72e+08 
L  18-0R16  0 16 18 17 1018.77355 8.15e-03 2.32e+08 
L  19-0P16  0 16 19 15 1016.83740 1.20e-03 2.35e+08 
L  19-0R16  0 16 19 17 1011.54537 1.51e-03 3.83e+08 
L  20-0P16  0 16 20 15 1010.15366 3.52e-04 3.30e+08 
L  20-0R16  0 16 20 17 1005.10149 5.48e-03 2.04e+08 
L  21-0P16  0 16 21 15 1003.33972 1.17e-03 2.11e+08 
L  21-0R16  0 16 21 17  998.90580 7.09e-03 2.55e+08 
L  22-0P16  0 16 22 15  997.21538 5.94e-05 2.15e+08 
L  22-0R16  0 16 22 17  992.73083 3.46e-03 1.86e+08 
L  23-0P16  0 16 23 15  991.12900 1.31e-03 2.04e+08 
L  23-0R16  0 16 23 17  987.11187 4.09e-03 1.87e+08 
L  24-0P16  0 16 24 15  985.63302 1.79e-04 1.83e+08 
L  24-0R16  0 16 24 17  981.58989 1.92e-03 1.68e+08 
L  25-0P16  0 16 25 15  980.11792 1.92e-03 2.18e+08 
L  25-0R16  0 16 25 17  976.60217 2.56e-03 1.39e+08 
L  26-0P16  0 16 26 15  975.31345 2.25e-04 1.38e+08 
L  26-0R16  0 16 26 17  971.61013 4.31e-04 2.05e+08 
L  27-0P16  0 16 27 15  971.10251 1.46e-03 2.29e+08 
L  27-0R16  0 16 27 17  967.38051 1.61e-03 1.24e+08 
L  28-0P16  0 16 28 15  970.16886 3.42e-03 2.76e+08 
L  28-0R16  0 16 28 17  963.49565 2.32e-03 1.33e+08 
L  29-0P16  0 16 29 15  966.30737 2.37e-04 1.23e+08 
L  29-0R16  0 16 29 17  959.64832 9.15e-04 9.74e+07 
L  30-0P16  0 16 30 15  962.53487 6.05e-05 1.18e+08 
L  30-0R16  0 16 30 17  956.58226 1.03e-03 8.03e+07 
L  31-0P16  0 16 31 15  958.86526 2.47e-04 9.58e+07 
L  31-0R16  0 16 31 17  954.02697 1.81e-04 6.94e+07 
L  32-0P16  0 16 32 15  956.01984 1.19e-05 7.44e+07 
L  33-0P16  0 16 33 15  953.72943 5.78e-04 7.26e+07 
W  0-0Q16  0 16  0 16 1078.84036 2.41e-02 1.11e+09 
W  1-0Q16  0 16  1 16 1056.88314 3.70e-02 1.09e+09 
W  2-0Q16  0 16  2 16 1037.17656 3.60e-02 1.08e+09 
W  3-0Q16  0 16  3 16 1019.52264 2.88e-02 1.07e+09 
W  4-0Q16  0 16  4 16 1003.77631 2.08e-02 1.05e+09 
W  5-0Q16  0 16  5 16  989.83087 1.43e-02 1.03e+09 
W  6-0Q16  0 16  6 16  977.62796 9.59e-03 7.24e+08 
W  7-0Q16  0 16  7 16  967.16045 6.31e-03 2.70e+08 
W  8-0Q16  0 16  8 16  958.50167 4.04e-03 2.19e+08 
W  0-0P16  0 16  0 15 1086.84890 1.09e-02 1.04e+09 
W  0-0R16  0 16  0 17 1069.65611 9.31e-03 1.07e+09 
W  1-0P16  0 16  1 15 1063.88026 3.19e-02 1.08e+09 
W  1-0R16  0 16  1 17 1048.37847 5.17e-03 1.07e+09 
W  2-0P16  0 16  2 15 1043.48962 2.71e-02 1.07e+09 
W  2-0R16  0 16  2 17 1029.44469 7.90e-03 1.06e+09 
W  3-0P16  0 16  3 15 1025.35939 1.54e-02 9.39e+08 
W  3-0R16  0 16  3 17 1012.66346 1.07e-02 8.84e+08 
W  4-0P16  0 16  4 15 1008.61275 1.60e-02 9.28e+08 
W  4-0R16  0 16  4 17  997.25008 2.25e-03 9.63e+08 
W  5-0P16  0 16  5 15  994.30522 1.04e-02 9.76e+08 
W  5-0R16  0 16  5 17  984.07394 3.03e-03 9.06e+08 
W  6-0P16  0 16  6 15  981.73839 5.70e-03 8.34e+08 
W  6-0R16  0 16  6 17  972.68336 3.26e-03 3.50e+08 
W  7-0P16  0 16  7 15  961.34250 2.95e-03 2.25e+08 
W  7-0R16  0 16  7 17  962.54034 3.33e-04 2.41e+08 
W  8-0P16  0 16  8 15  954.33233 1.30e-03 1.53e+08 
W  8-0R16  0 16  8 17  954.85092 9.55e-04 1.88e+08 
L  0-0P17  0 17  0 16 1254.45646 4.03e-04 1.56e+09 
L  0-0R17  0 17  0 18 1240.16779 2.01e-04 1.49e+09 
L  1-0P17  0 17  1 16 1236.54057 1.71e-03 1.47e+09 
L  1-0R17  0 17  1 18 1223.01748 9.93e-04 1.41e+09 
L  2-0P17  0 17  2 16 1219.47591 3.99e-03 1.38e+09 
L  2-0R17  0 17  2 18 1206.67858 2.68e-03 1.32e+09 
L  3-0P17  0 17  3 16 1203.23782 6.77e-03 1.28e+09 
L  3-0R17  0 17  3 18 1191.12464 5.22e-03 1.11e+09 
L  4-0P17  0 17  4 16 1187.79474 9.41e-03 1.04e+09 
L  4-0R17  0 17  4 18 1176.32459 8.31e-03 7.07e+08 
L  5-0P17  0 17  5 16 1173.11121 1.14e-02 6.79e+08 
L  5-0R17  0 17  5 18 1162.24458 1.15e-02 6.28e+08 
L  6-0P17  0 17  6 16 1159.15137 1.24e-02 6.15e+08 
L  6-0R17  0 17  6 18 1148.85205 1.42e-02 5.88e+08 
L  7-0P17  0 17  7 16 1145.88083 1.24e-02 5.88e+08 
L  7-0R17  0 17  7 18 1136.11046 1.64e-02 5.07e+08 
L  8-0P17  0 17  8 16 1133.26121 1.17e-02 5.01e+08 
L  8-0R17  0 17  8 18 1123.98941 1.77e-02 4.69e+08 
L  9-0P17  0 17  9 16 1121.26089 1.03e-02 4.62e+08 
L  9-0R17  0 17  9 18 1112.45582 1.83e-02 4.40e+08 
L  10-0P17  0 17 10 16 1109.84700 8.62e-03 4.32e+08 
L  10-0R17  0 17 10 18 1101.47917 1.82e-02 4.01e+08 
L  11-0P17  0 17 11 16 1098.99759 6.03e-03 3.99e+08 
L  11-0R17  0 17 11 18 1091.03355 1.77e-02 3.66e+08 
L  12-0P17  0 17 12 16 1088.64143 6.53e-03 3.69e+08 
L  12-0R17  0 17 12 18 1081.09382 1.73e-02 3.38e+08 
L  13-0P17  0 17 13 16 1078.82302 3.82e-03 3.38e+08 
L  13-0R17  0 17 13 18 1071.60910 1.47e-02 3.17e+08 
L  14-0P17  0 17 14 16 1069.38936 7.05e-03 3.30e+08 
L  14-0R17  0 17 14 18 1062.60316 1.44e-02 2.98e+08 
L  15-0P17  0 17 15 16 1060.52850 2.69e-03 2.95e+08 
L  15-0R17  0 17 15 18 1053.95835 9.33e-03 2.98e+08 
L  16-0P17  0 17 16 16 1052.35010 3.38e-03 5.38e+08 
L  16-0R17  0 17 16 18 1045.82480 1.09e-02 2.60e+08 
L  17-0P17  0 17 17 16 1043.92731 2.17e-03 2.62e+08 
L  17-0R17  0 17 17 18 1038.16060 1.44e-02 3.31e+08 
L  18-0P17  0 17 18 16 1036.31657 1.76e-04 2.65e+08 
L  18-0R17  0 17 18 18 1030.59836 7.66e-03 2.26e+08 
L  19-0P17  0 17 19 16 1028.86046 2.12e-03 2.36e+08 
L  19-0R17  0 17 19 18 1023.59059 8.32e-03 2.20e+08 
L  20-0P17  0 17 20 16 1021.96499 4.27e-04 2.19e+08 
L  20-0R17  0 17 20 18 1016.78809 4.78e-03 2.08e+08 
L  21-0P17  0 17 21 16 1015.17164 2.96e-03 2.47e+08 
L  21-0R17  0 17 21 18 1010.46222 5.47e-03 1.90e+08 
L  22-0P17  0 17 22 16 1008.99916 4.94e-04 1.93e+08 
L  22-0R17  0 17 22 18 1004.23879 1.69e-03 2.59e+08 
L  23-0P17  0 17 23 16 1002.51923 7.70e-03 5.69e+08 
L  23-0R17  0 17 23 18  998.63776 3.57e-03 1.67e+08 
L  24-0P17  0 17 24 16  997.33403 5.20e-04 1.71e+08 
L  24-0R17  0 17 24 18  993.39581 5.18e-03 2.97e+08 
L  25-0P17  0 17 25 16  992.15001 4.80e-05 2.26e+08 
L  25-0R17  0 17 25 18  988.08264 2.24e-03 1.42e+08 
L  26-0P17  0 17 26 16  986.94849 5.59e-04 1.45e+08 
L  26-0R17  0 17 26 18  983.38947 2.71e-03 1.31e+08 
L  27-0P17  0 17 27 16  982.37607 2.21e-05 1.27e+08 
L  27-0R17  0 17 27 18  978.85277 1.26e-03 1.31e+08 
L  28-0P17  0 17 28 16  977.91755 6.72e-04 1.39e+08 
L  28-0R17  0 17 28 18  974.89632 1.58e-03 1.06e+08 
L  29-0P17  0 17 29 16  974.12424 7.03e-05 1.05e+08 
L  29-0R17  0 17 29 18  971.14429 2.09e-04 1.21e+08 
L  30-0P17  0 17 30 16  970.48550 1.33e-03 1.25e+08 
L  30-0R17  0 17 30 18  968.30346 7.80e-04 7.13e+07 
L  31-0P17  0 17 31 16  967.90982 1.09e-04 6.65e+07 
W  0-0Q17  0 17  0 17 1086.43822 2.41e-02 1.10e+09 
W  1-0Q17  0 17  1 17 1064.65773 3.69e-02 1.09e+09 
W  2-0Q17  0 17  2 17 1045.12647 3.60e-02 1.07e+09 
W  3-0Q17  0 17  3 17 1027.65481 2.88e-02 1.06e+09 
W  4-0Q17  0 17  4 17 1012.10621 2.09e-02 1.04e+09 
W  5-0Q17  0 17  5 17  998.38461 1.44e-02 1.01e+09 
W  6-0Q17  0 17  6 17  986.44487 9.67e-03 8.16e+08 
W  7-0Q17  0 17  7 17  976.30355 6.34e-03 2.51e+08 
W  8-0Q17  0 17  8 17  968.07652 4.00e-03 2.08e+08 
W  0-0P17  0 17  0 16 1094.69554 2.05e-02 1.11e+09 
W  0-0R17  0 17  0 18 1076.88611 4.67e-03 1.10e+09 
W  1-0P17  0 17  1 16 1072.06335 2.71e-02 1.08e+09 
W  1-0R17  0 17  1 18 1055.94971 1.00e-02 1.06e+09 
W  2-0P17  0 17  2 16 1051.38364 2.72e-02 8.14e+08 
W  2-0R17  0 17  2 18 1037.00178 2.52e-03 9.75e+08 
W  3-0P17  0 17  3 16 1033.48865 2.26e-02 1.03e+09 
W  3-0R17  0 17  3 18 1020.36016 5.54e-03 1.03e+09 
W  4-0P17  0 17  4 16 1017.43476 1.42e-02 9.90e+08 
W  4-0R17  0 17  4 18 1005.62931 6.39e-03 9.35e+08 
W  5-0P17  0 17  5 16 1003.53918 3.67e-03 6.08e+08 
W  5-0R17  0 17  5 18  992.28804 8.43e-04 8.16e+08 
W  6-0P17  0 17  6 16  990.45734 7.25e-03 8.45e+08 
W  6-0R17  0 17  6 18  981.20097 1.75e-03 4.63e+08 
W  7-0P17  0 17  7 16  979.90086 4.42e-03 4.11e+08 
W  7-0R17  0 17  7 18  971.95332 2.02e-03 2.10e+08 
W  8-0P17  0 17  8 16  971.27352 1.81e-03 1.86e+08 
L  0-1R0   1  0  0  1 1161.69317 1.27e-02 1.86e+09 
L  1-1R0   1  0  1  1 1144.19395 3.11e-02 1.74e+09 
L  2-1R0   1  0  2  1 1127.67999 4.31e-02 1.63e+09 
L  3-1R0   1  0  3  1 1112.06328 4.37e-02 1.53e+09 
L  4-1R0   1  0  4  1 1097.27749 3.55e-02 1.45e+09 
L  5-1R0   1  0  5  1 1083.26600 2.39e-02 1.35e+09 
L  6-1R0   1  0  6  1 1069.97886 1.31e-02 1.26e+09 
L  7-1R0   1  0  7  1 1057.37217 6.03e-03 9.82e+08 
L  8-1R0   1  0  8  1 1045.40071 9.09e-04 8.09e+08 
L  9-1R0   1  0  9  1 1034.03249 1.59e-06 6.59e+08 
L  10-1R0  1  0 10  1 1023.22349 1.27e-03 6.32e+08 
L  11-1R0  1  0 11  1 1012.95406 2.85e-03 6.07e+08 
L  12-1R0  1  0 12  1 1003.17445 5.61e-03 4.71e+08 
L  13-1R0  1  0 13  1  993.88305 7.11e-03 4.61e+08 
L  14-1R0  1  0 14  1  984.94744 2.44e-03 6.37e+08 
L  15-1R0  1  0 15  1  976.60389 9.39e-03 3.82e+08 
L  16-1R0  1  0 16  1  968.58717 1.15e-02 3.76e+08 
L  17-1R0  1  0 17  1  960.92993 9.47e-03 3.16e+08 
L  18-1R0  1  0 18  1  953.65012 1.04e-02 3.03e+08 
L  19-1R0  1  0 19  1  946.70111 8.18e-03 2.74e+08 
L  20-1R0  1  0 20  1  940.09119 8.70e-03 2.63e+08 
L  21-1R0  1  0 21  1  933.78040 6.20e-03 2.54e+08 
L  22-1R0  1  0 22  1  927.78442 7.01e-03 2.37e+08 
L  23-1R0  1  0 23  1  922.05194 2.96e-03 2.46e+08 
L  24-1R0  1  0 24  1  916.63263 5.37e-03 2.07e+08 
L  25-1R0  1  0 25  1  911.49427 1.04e-02 2.55e+08 
L  26-1R0  1  0 26  1  906.56275 4.03e-03 1.75e+08 
L  27-1R0  1  0 27  1  901.93235 5.01e-03 1.69e+08 
L  28-1R0  1  0 28  1  897.54473 2.97e-03 1.49e+08 
L  29-1R0  1  0 29  1  893.44378 3.42e-03 1.41e+08 
L  30-1R0  1  0 30  1  889.61117 2.16e-03 1.28e+08 
L  31-1R0  1  0 31  1  886.09937 2.44e-03 1.18e+08 
L  32-1R0  1  0 32  1  882.92534 1.51e-03 1.03e+08 
L  33-1R0  1  0 33  1  880.17663 1.64e-03 8.87e+07 
L  34-1R0  1  0 34  1  877.95264 8.53e-04 6.63e+07 
L  35-1R0  1  0 35  1  876.45292 5.70e-04 3.74e+07 
L  36-1R0  1  0 36  1  875.83037 2.99e-04 1.51e+07 
L  37-1R0  1  0 37  1  875.62945 1.10e-05 6.11e+06 
W  0-1R0   1  0  0  1 1052.72998 1.24e-01 1.18e+09 
W  1-1R0   1  0  1  1 1027.78271 5.37e-02 1.16e+09 
W  2-1R0   1  0  2  1 1005.34825 4.52e-03 1.14e+09 
W  3-1R0   1  0  3  1  985.22187 8.29e-03 9.03e+08 
W  4-1R0   1  0  4  1  966.92984 1.20e-02 1.10e+09 
W  5-1R0   1  0  5  1  950.56275 2.10e-02 1.09e+09 
W  6-1R0   1  0  6  1  935.87663 2.40e-02 1.07e+09 
W  7-1R0   1  0  7  1  922.77124 2.40e-02 1.05e+09 
W  8-1R0   1  0  8  1  911.10445 1.17e-02 9.61e+08 
W  9-1R0   1  0  9  1  900.95894 1.29e-02 9.89e+08 
W  10-1R0  1  0 10  1  892.24946 9.52e-03 6.55e+08 
W  11-1R0  1  0 11  1  885.03815 6.83e-03 6.20e+08 
W  12-1R0  1  0 12  1  879.44885 4.45e-03 4.09e+08 
W  13-1R0  1  0 13  1  875.74278 2.16e-03 2.09e+08 
L  0-1P1   1  1  0  0 1163.74091 4.36e-03 1.87e+09 
L  0-1R1   1  1  0  2 1162.16961 8.30e-03 1.86e+09 
L  1-1P1   1  1  1  0 1146.15493 1.04e-02 1.74e+09 
L  1-1R1   1  1  1  2 1144.70633 2.05e-02 1.73e+09 
L  2-1P1   1  1  2  0 1129.56392 1.42e-02 1.63e+09 
L  2-1R1   1  1  2  2 1128.21918 2.88e-02 1.62e+09 
L  3-1P1   1  1  3  0 1113.87749 1.41e-02 1.53e+09 
L  3-1R1   1  1  3  2 1112.62329 2.95e-02 1.53e+09 
L  4-1P1   1  1  4  0 1099.02791 1.12e-02 1.45e+09 
L  4-1R1   1  1  4  2 1097.85428 2.44e-02 1.44e+09 
L  5-1P1   1  1  5  0 1084.95749 7.29e-03 1.35e+09 
L  5-1R1   1  1  5  2 1083.85669 1.67e-02 1.34e+09 
L  6-1P1   1  1  6  0 1071.61587 3.77e-03 1.26e+09 
L  6-1R1   1  1  6  2 1070.58163 9.45e-03 1.25e+09 
L  7-1P1   1  1  7  0 1058.95768 1.40e-03 9.81e+08 
L  7-1R1   1  1  7  2 1057.98644 4.61e-03 9.86e+08 
L  8-1P1   1  1  8  0 1046.94085 2.35e-04 8.22e+08 
L  8-1R1   1  1  8  2 1046.02040 6.83e-04 7.83e+08 
L  9-1P1   1  1  9  0 1035.52739 1.43e-05 6.59e+08 
L  9-1R1   1  1  9  2 1034.66275 1.57e-05 6.58e+08 
L  10-1P1  1  1 10  0 1024.68098 3.79e-04 6.32e+08 
L  10-1R1  1  1 10  2 1023.85322 9.19e-04 6.32e+08 
L  11-1P1  1  1 11  0 1014.37007 1.01e-03 6.09e+08 
L  11-1R1  1  1 11  2 1013.59587 1.83e-03 6.02e+08 
L  12-1P1  1  1 12  0 1004.56222 1.68e-03 4.68e+08 
L  12-1R1  1  1 12  2 1003.79888 4.08e-03 4.83e+08 
L  13-1P1  1  1 13  0  995.23036 2.25e-03 4.60e+08 
L  13-1R1  1  1 13  2  994.53256 4.82e-03 4.63e+08 
L  14-1P1  1  1 14  0  986.34844 2.67e-03 4.16e+08 
L  14-1R1  1  1 14  2  985.76797 6.73e-03 5.11e+08 
L  15-1P1  1  1 15  0  977.89134 2.92e-03 3.82e+08 
L  15-1R1  1  1 15  2  977.25870 6.42e-03 3.83e+08 
L  16-1P1  1  1 16  0  969.83663 3.02e-03 3.71e+08 
L  16-1R1  1  1 16  2  969.25757 7.91e-03 3.79e+08 
L  17-1P1  1  1 17  0  962.16341 3.00e-03 3.17e+08 
L  17-1R1  1  1 17  2  961.58793 6.42e-03 3.17e+08 
L  18-1P1  1  1 18  0  954.85311 2.88e-03 3.02e+08 
L  18-1R1  1  1 18  2  954.32095 7.33e-03 3.06e+08 
L  19-1P1  1  1 19  0  947.88751 2.72e-03 2.73e+08 
L  19-1R1  1  1 19  2  947.35950 5.38e-03 2.77e+08 
L  20-1P1  1  1 20  0  941.25044 2.51e-03 2.62e+08 
L  20-1R1  1  1 20  2  940.76342 6.17e-03 2.65e+08 
L  21-1P1  1  1 21  0  934.92676 2.28e-03 2.50e+08 
L  21-1R1  1  1 21  2  934.43491 3.60e-03 2.65e+08 
L  22-1P1  1  1 22  0  928.90401 2.06e-03 2.36e+08 
L  22-1R1  1  1 22  2  928.45985 4.89e-03 2.37e+08 
L  23-1P1  1  1 23  0  923.17052 1.84e-03 2.25e+08 
L  23-1R1  1  1 23  2  922.64924 1.77e-04 3.98e+08 
L  24-1P1  1  1 24  0  917.71535 1.63e-03 2.07e+08 
L  24-1R1  1  1 24  2  917.30959 3.70e-03 2.06e+08 
L  25-1P1  1  1 25  0  912.53157 1.44e-03 1.92e+08 
L  25-1R1  1  1 25  2  912.18779 5.88e-03 2.37e+08 
L  26-1P1  1  1 26  0  907.61274 1.26e-03 1.75e+08 
L  26-1R1  1  1 26  2  907.24467 2.74e-03 1.75e+08 
L  27-1P1  1  1 27  0  902.95696 1.10e-03 1.62e+08 
L  27-1R1  1  1 27  2  902.62931 3.52e-03 1.73e+08 
L  28-1P1  1  1 28  0  898.56423 9.56e-04 1.49e+08 
L  28-1R1  1  1 28  2  898.23331 1.99e-03 1.51e+08 
L  29-1P1  1  1 29  0  894.44118 8.24e-04 1.38e+08 
L  29-1R1  1  1 29  2  894.14687 2.44e-03 1.43e+08 
L  30-1P1  1  1 30  0  890.60082 7.06e-04 1.27e+08 
L  30-1R1  1  1 30  2  890.31062 1.42e-03 1.29e+08 
L  31-1P1  1  1 31  0  887.06862 5.98e-04 1.16e+08 
L  31-1R1  1  1 31  2  886.81610 1.74e-03 1.21e+08 
L  32-1P1  1  1 32  0  883.88453 4.96e-04 1.03e+08 
L  32-1R1  1  1 32  2  883.64397 9.91e-04 1.04e+08 
L  33-1P1  1  1 33  0  881.11510 3.92e-04 8.73e+07 
L  33-1R1  1  1 33  2  880.91950 1.16e-03 8.98e+07 
L  34-1P1  1  1 34  0  878.87634 2.83e-04 6.64e+07 
L  34-1R1  1  1 34  2  878.71416 5.50e-04 6.66e+07 
L  35-1P1  1  1 35  0  877.35191 1.55e-04 3.77e+07 
L  35-1R1  1  1 35  2  877.25416 3.87e-04 3.67e+07 
L  36-1P1  1  1 36  0  876.69196 1.59e-05 1.15e+07 
L  36-1R1  1  1 36  2  876.66583 1.54e-04 1.25e+07 
L  37-1P1  1  1 37  0  876.50216 1.69e-05 4.65e+06 
L  37-1R1  1  1 37  2  876.48295 1.86e-04 1.82e+07 
W  0-1Q1   1  1  0  1 1053.99301 6.56e-02 1.18e+09 
W  1-1Q1   1  1  1  1 1028.98687 2.79e-02 1.16e+09 
W  2-1Q1   1  1  2  1 1006.49643 2.48e-03 1.14e+09 
W  3-1Q1   1  1  3  1  986.24504 1.34e-03 1.12e+09 
W  4-1Q1   1  1  4  1  968.00548 7.35e-03 1.11e+09 
W  5-1Q1   1  1  5  1  951.59512 1.15e-02 1.09e+09 
W  6-1Q1   1  1  6  1  936.87153 1.24e-02 1.08e+09 
W  7-1Q1   1  1  7  1  923.72489 1.12e-02 1.07e+09 
W  8-1Q1   1  1  8  1  912.07846 9.23e-03 1.02e+09 
W  9-1Q1   1  1  9  1  901.88981 7.46e-03 1.00e+09 
W  10-1Q1  1  1 10  1  893.15779 5.33e-03 6.56e+08 
W  11-1Q1  1  1 11  1  885.92965 3.79e-03 6.27e+08 
W  12-1Q1  1  1 12  1  880.32718 2.49e-03 4.12e+08 
W  13-1Q1  1  1 13  1  876.61188 1.27e-03 2.20e+08 
W  0-1R1   1  1  0  2 1052.60609 5.87e-02 1.18e+09 
W  1-1R1   1  1  1  2 1027.73201 2.56e-02 1.16e+09 
W  2-1R1   1  1  2  2 1005.37635 1.84e-03 1.13e+09 
W  3-1R1   1  1  3  2  985.12210 7.08e-06 1.03e+09 
W  4-1R1   1  1  4  2  967.04336 5.23e-03 1.10e+09 
W  5-1R1   1  1  5  2  950.73645 9.87e-03 1.08e+09 
W  6-1R1   1  1  6  2  936.11186 1.20e-02 1.06e+09 
W  7-1R1   1  1  7  2  923.11828 1.38e-02 8.91e+08 
W  8-1R1   1  1  8  2  911.41186 5.69e-03 9.73e+08 
W  9-1R1   1  1  9  2  901.32071 5.60e-03 9.80e+08 
W  10-1R1  1  1 10  2  892.66992 4.42e-03 6.33e+08 
W  11-1R1  1  1 11  2  885.52225 3.17e-03 6.00e+08 
W  12-1R1  1  1 12  2  880.00986 2.05e-03 4.29e+08 
W  13-1R1  1  1 13  2  876.41313 9.23e-04 2.23e+08 
L  0-1P2   1  2  0  1 1166.25461 5.25e-03 1.86e+09 
L  0-1R2   1  2  0  3 1163.64381 7.25e-03 1.85e+09 
L  1-1P2   1  2  1  1 1148.61875 1.26e-02 1.74e+09 
L  1-1R2   1  2  1  3 1146.21050 1.82e-02 1.73e+09 
L  2-1P2   1  2  2  1 1131.97774 1.69e-02 1.63e+09 
L  2-1R2   1  2  2  3 1129.74130 2.59e-02 1.62e+09 
L  3-1P2   1  2  3  1 1116.24260 1.68e-02 1.53e+09 
L  3-1R2   1  2  3  3 1114.15647 2.71e-02 1.53e+09 
L  4-1P2   1  2  4  1 1101.34621 1.32e-02 1.45e+09 
L  4-1R2   1  2  4  3 1099.39389 2.26e-02 1.44e+09 
L  5-1P2   1  2  5  1 1087.23128 8.41e-03 1.35e+09 
L  5-1R2   1  2  5  3 1085.39968 1.58e-02 1.33e+09 
L  6-1P2   1  2  6  1 1073.84730 4.23e-03 1.26e+09 
L  6-1R2   1  2  6  3 1072.12622 9.17e-03 1.23e+09 
L  7-1P2   1  2  7  1 1061.14982 1.38e-03 9.82e+08 
L  7-1R2   1  2  7  3 1059.53203 4.62e-03 9.94e+08 
L  8-1P2   1  2  8  1 1049.09315 2.58e-04 8.09e+08 
L  8-1R2   1  2  8  3 1047.56028 6.63e-04 7.46e+08 
L  9-1P2   1  2  9  1 1037.64493 4.01e-05 6.59e+08 
L  9-1R2   1  2  9  3 1036.20522 3.92e-05 6.53e+08 
L  10-1P2  1  2 10  1 1026.76067 4.14e-04 6.32e+08 
L  10-1R2  1  2 10  3 1025.37727 1.02e-03 6.30e+08 
L  11-1P2  1  2 11  1 1016.42048 1.23e-03 6.07e+08 
L  11-1R2  1  2 11  3 1015.12970 1.58e-03 5.85e+08 
L  12-1P2  1  2 12  1 1006.57414 1.88e-03 4.71e+08 
L  12-1R2  1  2 12  3 1005.24052 4.54e-03 5.70e+08 
L  13-1P2  1  2 13  1  997.21995 2.61e-03 4.61e+08 
L  13-1R2  1  2 13  3  996.05780 4.37e-03 4.63e+08 
L  14-1P2  1  2 14  1  988.22451 3.21e-03 6.37e+08 
L  14-1R2  1  2 14  3  987.26838 5.79e-03 4.55e+08 
L  15-1P2  1  2 15  1  979.82559 3.38e-03 3.82e+08 
L  15-1R2  1  2 15  3  978.77258 5.87e-03 3.85e+08 
L  16-1P2  1  2 16  1  971.75610 3.11e-03 3.76e+08 
L  16-1R2  1  2 16  3  970.77690 7.16e-03 3.80e+08 
L  17-1P2  1  2 17  1  964.04888 3.50e-03 3.16e+08 
L  17-1R2  1  2 17  3  963.08885 5.80e-03 3.19e+08 
L  18-1P2  1  2 18  1  956.72192 3.11e-03 3.03e+08 
L  18-1R2  1  2 18  3  955.83032 6.81e-03 3.09e+08 
L  19-1P2  1  2 19  1  949.72823 3.26e-03 2.74e+08 
L  19-1R2  1  2 19  3  948.84330 4.55e-03 2.87e+08 
L  20-1P2  1  2 20  1  943.07611 2.75e-03 2.63e+08 
L  20-1R2  1  2 20  3  942.26302 5.76e-03 2.68e+08 
L  21-1P2  1  2 21  1  936.72533 2.90e-03 2.54e+08 
L  21-1R2  1  2 21  3  935.87935 2.04e-03 3.11e+08 
L  22-1P2  1  2 22  1  930.69158 2.32e-03 2.37e+08 
L  22-1R2  1  2 22  3  929.94985 4.54e-03 2.38e+08 
L  23-1P2  1  2 23  1  924.92324 2.82e-03 2.46e+08 
L  23-1R2  1  2 23  3  924.37947 9.36e-03 4.22e+08 
L  24-1P2  1  2 24  1  919.47022 1.87e-03 2.07e+08 
L  24-1R2  1  2 24  3  918.79354 3.40e-03 2.06e+08 
L  25-1P2  1  2 25  1  914.30009 7.10e-04 2.55e+08 
L  25-1R2  1  2 25  3  913.67607 4.78e-03 2.22e+08 
L  26-1P2  1  2 26  1  909.33825 1.47e-03 1.75e+08 
L  26-1R2  1  2 26  3  908.72428 2.46e-03 1.75e+08 
L  27-1P2  1  2 27  1  904.67953 1.00e-03 1.69e+08 
L  27-1R2  1  2 27  3  904.12087 3.19e-03 1.75e+08 
L  28-1P2  1  2 28  1  900.26520 1.13e-03 1.49e+08 
L  28-1R2  1  2 28  3  899.71279 1.75e-03 1.57e+08 
L  29-1P2  1  2 29  1  896.13941 8.09e-04 1.41e+08 
L  29-1R2  1  2 29  3  895.64179 2.26e-03 1.47e+08 
L  30-1P2  1  2 30  1  892.28369 8.45e-04 1.28e+08 
L  30-1R2  1  2 30  3  891.79829 1.22e-03 1.34e+08 
L  31-1P2  1  2 31  1  888.75080 5.95e-04 1.18e+08 
L  31-1R2  1  2 31  3  888.32526 1.61e-03 1.20e+08 
L  32-1P2  1  2 32  1  885.55777 5.93e-04 1.03e+08 
L  32-1R2  1  2 32  3  885.15722 8.35e-04 1.05e+08 
L  33-1P2  1  2 33  1  882.79268 3.83e-04 8.87e+07 
L  33-1R2  1  2 33  3  882.46470 1.05e-03 9.00e+07 
L  34-1P2  1  2 34  1  880.55547 3.38e-04 6.63e+07 
L  34-1R2  1  2 34  3  880.28649 4.46e-04 6.76e+07 
L  35-1P2  1  2 35  1  879.04685 1.61e-04 3.74e+07 
L  35-1R2  1  2 35  3  878.88847 3.31e-04 3.52e+07 
L  36-1P2  1  2 36  1  878.42061 2.37e-05 1.51e+07 
L  36-1R2  1  2 36  3  878.35349 1.10e-04 1.06e+07 
L  37-1P2  1  2 37  1  878.21850 3.39e-05 6.11e+06 
L  37-1R2  1  2 37  3  878.18302 6.17e-05 6.39e+06 
W  0-1Q2   1  2  0  2 1055.13358 6.58e-02 1.18e+09 
W  1-1Q2   1  2  1  2 1030.14079 2.80e-02 1.16e+09 
W  2-1Q2   1  2  2  2 1007.66267 2.48e-03 1.14e+09 
W  3-1Q2   1  2  3  2  987.42378 1.33e-03 1.12e+09 
W  4-1Q2   1  2  4  2  969.19708 7.32e-03 1.10e+09 
W  5-1Q2   1  2  5  2  952.80091 1.14e-02 1.09e+09 
W  6-1Q2   1  2  6  2  938.09343 1.23e-02 1.08e+09 
W  7-1Q2   1  2  7  2  924.96585 1.12e-02 1.07e+09 
W  8-1Q2   1  2  8  2  913.34227 9.23e-03 1.02e+09 
W  9-1Q2   1  2  9  2  903.18164 7.18e-03 1.00e+09 
W  10-1Q2  1  2 10  2  894.48511 5.33e-03 6.33e+08 
W  11-1Q2  1  2 11  2  887.30302 3.78e-03 6.19e+08 
W  12-1Q2  1  2 12  2  881.76315 2.47e-03 4.39e+08 
W  13-1Q2  1  2 13  2  878.14384 1.21e-03 2.47e+08 
W  0-1P2   1  2  0  1 1056.47448 1.46e-02 1.18e+09 
W  0-1R2   1  2  0  3 1053.04859 4.47e-02 1.18e+09 
W  1-1P2   1  2  1  1 1031.35154 6.06e-03 1.16e+09 
W  1-1R2   1  2  1  3 1028.25881 1.94e-02 1.15e+09 
W  2-1P2   1  2  2  1 1008.76272 5.76e-04 1.14e+09 
W  2-1R2   1  2  2  3 1006.04907 4.80e-04 1.04e+09 
W  3-1P2   1  2  3  1  988.50077 2.43e-04 9.03e+08 
W  3-1R2   1  2  3  3  985.79460 1.35e-04 1.09e+09 
W  4-1P2   1  2  4  1  970.08792 2.03e-03 1.10e+09 
W  4-1R2   1  2  4  3  967.75377 3.97e-03 1.09e+09 
W  5-1P2   1  2  5  1  953.61466 2.67e-03 1.09e+09 
W  5-1R2   1  2  5  3  951.51734 7.85e-03 1.07e+09 
W  6-1P2   1  2  6  1  938.83482 2.61e-03 1.07e+09 
W  6-1R2   1  2  6  3  936.98609 1.06e-02 1.01e+09 
W  7-1P2   1  2  7  1  925.64703 1.83e-03 1.05e+09 
W  7-1R2   1  2  7  3  923.76372 2.01e-03 8.66e+08 
W  8-1P2   1  2  8  1  913.90787 2.98e-03 9.61e+08 
W  8-1R2   1  2  8  3  912.35890 4.70e-03 9.80e+08 
W  9-1P2   1  2  9  1  903.70017 1.91e-03 9.89e+08 
W  9-1R2   1  2  9  3  902.33309 4.34e-03 9.63e+08 
W  10-1P2  1  2 10  1  894.93787 1.28e-03 6.55e+08 
W  10-1R2  1  2 10  3  893.75896 3.44e-03 6.08e+08 
W  11-1P2  1  2 11  1  887.68322 9.07e-04 6.20e+08 
W  11-1R2  1  2 11  3  886.69894 2.48e-03 5.54e+08 
W  12-1P2  1  2 12  1  882.06056 6.00e-04 4.09e+08 
W  12-1R2  1  2 12  3  881.29743 1.60e-03 4.44e+08 
W  13-1P2  1  2 13  1  878.33250 2.85e-04 2.09e+08 
L  0-1P3   1  3  0  2 1169.75071 5.61e-03 1.86e+09 
L  0-1R3   1  3  0  4 1166.11154 6.66e-03 1.84e+09 
L  1-1P3   1  3  1  2 1152.06059 1.34e-02 1.73e+09 
L  1-1R3   1  3  1  4 1148.70081 1.71e-02 1.72e+09 
L  2-1P3   1  3  2  2 1135.36245 1.81e-02 1.62e+09 
L  2-1R3   1  3  2  4 1132.24022 2.46e-02 1.61e+09 
L  3-1P3   1  3  3  2 1119.56983 1.77e-02 1.53e+09 
L  3-1R3   1  3  3  4 1116.65605 2.60e-02 1.52e+09 
L  4-1P3   1  3  4  2 1104.61707 1.39e-02 1.44e+09 
L  4-1R3   1  3  4  4 1101.88916 2.22e-02 1.43e+09 
L  5-1P3   1  3  5  2 1090.44761 8.74e-03 1.34e+09 
L  5-1R3   1  3  5  4 1087.88773 1.58e-02 1.33e+09 
L  6-1P3   1  3  6  2 1077.01161 4.29e-03 1.25e+09 
L  6-1R3   1  3  6  4 1074.60522 9.39e-03 1.18e+09 
L  7-1P3   1  3  7  2 1064.26557 1.25e-03 9.86e+08 
L  7-1R3   1  3  7  4 1062.00111 4.85e-03 9.93e+08 
L  8-1P3   1  3  8  2 1052.15789 2.73e-04 7.83e+08 
L  8-1R3   1  3  8  4 1050.01108 5.99e-04 7.04e+08 
L  9-1P3   1  3  9  2 1040.66730 6.85e-05 6.58e+08 
L  9-1R3   1  3  9  4 1038.65036 6.99e-05 6.38e+08 
L  10-1P3  1  3 10  2 1029.73260 3.70e-04 6.32e+08 
L  10-1R3  1  3 10  4 1027.77046 1.80e-03 6.38e+08 
L  11-1P3  1  3 11  2 1019.35770 1.32e-03 6.02e+08 
L  11-1R3  1  3 11  4 1017.54875 1.44e-03 5.33e+08 
L  12-1P3  1  3 12  2 1009.44956 1.78e-03 4.83e+08 
L  12-1R3  1  3 12  4 1007.91424 9.54e-04 5.64e+08 
L  13-1P3  1  3 13  2 1000.07911 2.71e-03 4.63e+08 
L  13-1R3  1  3 13  4  998.44851 4.19e-03 4.46e+08 
L  14-1P3  1  3 14  2  991.21693 2.00e-03 5.11e+08 
L  14-1R3  1  3 14  4  989.64054 5.38e-03 4.21e+08 
L  15-1P3  1  3 15  2  982.61373 3.49e-03 3.83e+08 
L  15-1R3  1  3 15  4  981.13484 5.64e-03 3.82e+08 
L  16-1P3  1  3 16  2  974.52504 3.01e-03 3.79e+08 
L  16-1R3  1  3 16  4  973.13855 6.81e-03 3.58e+08 
L  17-1P3  1  3 17  2  966.77214 3.70e-03 3.17e+08 
L  17-1R3  1  3 17  4  965.41973 5.37e-03 3.21e+08 
L  18-1P3  1  3 18  2  959.42689 3.06e-03 3.06e+08 
L  18-1R3  1  3 18  4  958.16930 6.58e-03 3.00e+08 
L  19-1P3  1  3 19  2  952.39102 3.57e-03 2.77e+08 
L  19-1R3  1  3 19  4  951.12737 3.50e-03 3.09e+08 
L  20-1P3  1  3 20  2  945.72494 2.77e-03 2.65e+08 
L  20-1R3  1  3 20  4  944.58061 5.59e-03 2.67e+08 
L  21-1P3  1  3 21  2  939.32973 3.49e-03 2.65e+08 
L  21-1R3  1  3 21  4  937.95353 3.36e-06 6.16e+08 
L  22-1P3  1  3 22  2  933.29211 2.36e-03 2.37e+08 
L  22-1R3  1  3 22  4  932.24890 4.37e-03 2.38e+08 
L  23-1P3  1  3 23  2  927.42105 4.80e-03 3.98e+08 
L  23-1R3  1  3 23  4  926.61668 6.60e-03 2.78e+08 
L  24-1P3  1  3 24  2  922.02618 1.94e-03 2.06e+08 
L  24-1R3  1  3 24  4  921.07502 3.22e-03 2.07e+08 
L  25-1P3  1  3 25  2  916.85173 7.44e-04 2.37e+08 
L  25-1R3  1  3 25  4  915.95902 4.29e-03 2.06e+08 
L  26-1P3  1  3 26  2  911.85807 1.56e-03 1.75e+08 
L  26-1R3  1  3 26  4  910.99165 2.26e-03 1.80e+08 
L  27-1P3  1  3 27  2  907.19578 9.08e-04 1.73e+08 
L  27-1R3  1  3 27  4  906.39981 3.01e-03 1.68e+08 
L  28-1P3  1  3 28  2  902.75529 1.23e-03 1.51e+08 
L  28-1R3  1  3 28  4  901.97360 1.51e-03 1.66e+08 
L  29-1P3  1  3 29  2  898.62770 7.55e-04 1.43e+08 
L  29-1R3  1  3 29  4  897.92247 2.16e-03 1.47e+08 
L  30-1P3  1  3 30  2  894.75298 9.26e-04 1.29e+08 
L  30-1R3  1  3 30  4  894.06421 9.89e-04 1.36e+08 
L  31-1P3  1  3 31  2  891.22358 5.57e-04 1.21e+08 
L  31-1R3  1  3 31  4  890.62113 1.53e-03 1.20e+08 
L  32-1P3  1  3 32  2  888.01989 6.51e-04 1.04e+08 
L  32-1R3  1  3 32  4  887.45327 6.60e-04 1.11e+08 
L  33-1P3  1  3 33  2  885.26842 3.57e-04 8.98e+07 
L  33-1R3  1  3 33  4  884.80706 9.90e-04 8.78e+07 
L  34-1P3  1  3 34  2  883.04127 3.70e-04 6.66e+07 
L  34-1R3  1  3 34  4  882.66325 3.05e-04 7.16e+07 
L  35-1P3  1  3 35  2  881.56687 1.54e-04 3.67e+07 
L  35-1R3  1  3 35  4  881.35476 2.80e-04 3.06e+07 
L  36-1P3  1  3 36  2  880.97274 2.83e-05 1.25e+07 
L  36-1R3  1  3 36  4  880.88893 8.32e-05 8.11e+06 
L  37-1P3  1  3 37  2  880.78807 5.74e-08 1.82e+07 
L  37-1R3  1  3 37  4  880.72833 3.01e-05 5.34e+06 
W  0-1Q3   1  3  0  3 1056.83422 6.58e-02 1.18e+09 
W  1-1Q3   1  3  1  3 1031.86172 2.81e-02 1.16e+09 
W  2-1Q3   1  3  2  3 1009.40289 2.51e-03 1.14e+09 
W  3-1Q3   1  3  3  3  989.18299 1.31e-03 1.12e+09 
W  4-1Q3   1  3  4  3  970.97597 7.29e-03 1.10e+09 
W  5-1Q3   1  3  5  3  954.60163 1.14e-02 1.09e+09 
W  6-1Q3   1  3  6  3  939.91879 1.23e-02 1.08e+09 
W  7-1Q3   1  3  7  3  926.82022 1.12e-02 1.07e+09 
W  8-1Q3   1  3  8  3  915.23145 9.22e-03 1.01e+09 
W  9-1Q3   1  3  9  3  905.11351 7.17e-03 9.96e+08 
W  10-1Q3  1  3 10  3  896.47112 5.31e-03 6.02e+08 
W  11-1Q3  1  3 11  3  889.35950 3.76e-03 5.91e+08 
W  12-1Q3  1  3 12  3  883.91594 2.44e-03 4.75e+08 
W  0-1P3   1  3  0  2 1058.82134 2.17e-02 1.18e+09 
W  0-1R3   1  3  0  4 1054.05700 3.83e-02 1.17e+09 
W  1-1P3   1  3  1  2 1033.65615 9.00e-03 1.16e+09 
W  1-1R3   1  3  1  4 1029.38153 1.57e-02 1.13e+09 
W  2-1P3   1  3  2  2 1011.04486 9.85e-04 1.13e+09 
W  2-1R3   1  3  2  4 1006.94307 3.62e-03 1.03e+09 
W  3-1P3   1  3  3  2  990.56389 1.75e-03 1.03e+09 
W  3-1R3   1  3  3  4  987.04036 2.14e-04 1.10e+09 
W  4-1P3   1  3  4  2  972.28672 3.05e-03 1.10e+09 
W  4-1R3   1  3  4  4  969.06474 3.66e-03 1.08e+09 
W  5-1P3   1  3  5  2  955.80401 3.93e-03 1.08e+09 
W  5-1R3   1  3  5  4  952.92267 7.72e-03 1.04e+09 
W  6-1P3   1  3  6  2  941.02431 3.57e-03 1.06e+09 
W  6-1R3   1  3  6  4  938.65328 1.14e-02 7.00e+08 
W  7-1P3   1  3  7  2  927.89495 1.17e-03 8.91e+08 
W  7-1R3   1  3  7  4  925.32575 3.75e-03 9.95e+08 
W  8-1P3   1  3  8  2  916.06785 3.98e-03 9.73e+08 
W  8-1R3   1  3  8  4  913.94370 4.44e-03 9.77e+08 
W  9-1P3   1  3  9  2  905.87390 2.69e-03 9.80e+08 
W  9-1R3   1  3  9  4  904.00105 3.99e-03 9.14e+08 
W  10-1P3  1  3 10  2  897.13592 1.89e-03 6.33e+08 
W  10-1R3  1  3 10  4  895.52405 3.20e-03 5.90e+08 
W  11-1P3  1  3 11  2  889.91684 1.33e-03 6.00e+08 
W  11-1R3  1  3 11  4  888.57635 2.30e-03 4.20e+08 
W  12-1P3  1  3 12  2  884.34978 8.71e-04 4.29e+08 
W  12-1R3  1  3 12  4  883.32270 1.50e-03 3.45e+08 
W  13-1P3  1  3 13  2  880.71755 3.60e-04 2.23e+08 
L  0-1P4   1  4  0  3 1174.21320 5.77e-03 1.85e+09 
L  0-1R4   1  4  0  5 1169.56110 6.22e-03 1.83e+09 
L  1-1P4   1  4  1  3 1156.46417 1.38e-02 1.73e+09 
L  1-1R4   1  4  1  5 1152.16413 1.62e-02 1.71e+09 
L  2-1P4   1  4  2  3 1139.70115 1.86e-02 1.62e+09 
L  2-1R4   1  4  2  5 1135.70235 2.39e-02 1.60e+09 
L  3-1P4   1  4  3  3 1123.84225 1.83e-02 1.53e+09 
L  3-1R4   1  4  3  5 1120.10782 2.57e-02 1.51e+09 
L  4-1P4   1  4  4  3 1108.82361 1.42e-02 1.44e+09 
L  4-1R4   1  4  4  5 1105.32571 2.22e-02 1.42e+09 
L  5-1P4   1  4  5  3 1094.58986 8.84e-03 1.33e+09 
L  5-1R4   1  4  5  5 1091.30609 1.61e-02 1.32e+09 
L  6-1P4   1  4  6  3 1081.09207 4.24e-03 1.23e+09 
L  6-1R4   1  4  6  5 1078.00370 9.84e-03 1.15e+09 
L  7-1P4   1  4  7  3 1068.28762 1.15e-03 9.94e+08 
L  7-1R4   1  4  7  5 1065.37889 5.14e-03 9.84e+08 
L  8-1P4   1  4  8  3 1056.11833 3.13e-04 7.46e+08 
L  8-1R4   1  4  8  5 1053.34963 2.91e-04 6.97e+08 
L  9-1P4   1  4  9  3 1044.57799 9.02e-05 6.53e+08 
L  9-1R4   1  4  9  5 1041.98425 1.07e-04 6.36e+08 
L  10-1P4  1  4 10  3 1033.57528 2.42e-04 6.30e+08 
L  10-1R4  1  4 10  5 1031.42505 4.25e-03 8.13e+08 
L  11-1P4  1  4 11  3 1023.16402 1.34e-03 5.85e+08 
L  11-1R4  1  4 11  5 1020.83796 1.35e-03 5.20e+08 
L  12-1P4  1  4 12  3 1013.11847 1.05e-03 5.70e+08 
L  12-1R4  1  4 12  5 1011.10660 1.79e-03 4.84e+08 
L  13-1P4  1  4 13  3 1003.79192 2.70e-03 4.63e+08 
L  13-1R4  1  4 13  5 1001.69146 4.08e-03 4.48e+08 
L  14-1P4  1  4 14  3  994.86609 2.54e-03 4.55e+08 
L  14-1R4  1  4 14  5  992.86192 5.15e-03 4.15e+08 
L  15-1P4  1  4 15  3  986.23959 3.53e-03 3.85e+08 
L  15-1R4  1  4 15  5  984.32909 5.45e-03 3.86e+08 
L  16-1P4  1  4 16  3  978.12195 2.97e-03 3.80e+08 
L  16-1R4  1  4 16  5  976.32852 6.58e-03 3.55e+08 
L  17-1P4  1  4 17  3  970.31760 3.85e-03 3.19e+08 
L  17-1R4  1  4 17  5  968.55265 4.68e-03 3.39e+08 
L  18-1P4  1  4 18  3  962.95011 2.98e-03 3.09e+08 
L  18-1R4  1  4 18  5  961.32457 6.43e-03 3.02e+08 
L  19-1P4  1  4 19  3  955.85900 3.97e-03 2.87e+08 
L  19-1R4  1  4 19  5  954.08886 8.42e-04 4.92e+08 
L  20-1P4  1  4 20  3  949.18140 2.74e-03 2.68e+08 
L  20-1R4  1  4 20  5  947.70255 5.45e-03 2.70e+08 
L  21-1P4  1  4 21  3  942.70396 4.67e-03 3.11e+08 
L  21-1R4  1  4 21  5  941.52348 8.43e-03 3.39e+08 
L  22-1P4  1  4 22  3  936.68795 2.38e-03 2.38e+08 
L  22-1R4  1  4 22  5  935.33960 4.20e-03 2.40e+08 
L  23-1P4  1  4 23  3  931.03680 5.44e-05 4.22e+08 
L  23-1R4  1  4 23  5  929.68478 5.62e-03 2.46e+08 
L  24-1P4  1  4 24  3  925.37036 2.01e-03 2.06e+08 
L  24-1R4  1  4 24  5  924.13721 2.97e-03 2.10e+08 
L  25-1P4  1  4 25  3  920.17957 8.59e-04 2.22e+08 
L  25-1R4  1  4 25  5  919.02439 3.99e-03 2.00e+08 
L  26-1P4  1  4 26  3  915.15724 1.66e-03 1.75e+08 
L  26-1R4  1  4 26  5  914.02799 1.90e-03 1.95e+08 
L  27-1P4  1  4 27  3  910.48859 8.84e-04 1.75e+08 
L  27-1R4  1  4 27  5  909.45601 2.88e-03 1.67e+08 
L  28-1P4  1  4 28  3  906.01835 1.34e-03 1.57e+08 
L  28-1R4  1  4 28  5  904.98769 1.04e-03 1.98e+08 
L  29-1P4  1  4 29  3  901.89022 7.32e-04 1.47e+08 
L  29-1R4  1  4 29  5  900.97688 2.07e-03 1.49e+08 
L  30-1P4  1  4 30  3  897.99302 1.03e-03 1.34e+08 
L  30-1R4  1  4 30  5  897.07387 5.21e-04 1.61e+08 
L  31-1P4  1  4 31  3  894.47166 5.43e-04 1.20e+08 
L  31-1R4  1  4 31  5  893.69386 1.46e-03 1.20e+08 
L  32-1P4  1  4 32  3  891.25972 7.29e-04 1.05e+08 
L  32-1R4  1  4 32  5  890.50097 2.92e-04 1.43e+08 
L  33-1P4  1  4 33  3  888.53000 3.47e-04 9.00e+07 
L  33-1R4  1  4 33  5  887.93828 9.26e-04 8.61e+07 
L  34-1P4  1  4 34  3  886.32179 4.15e-04 6.76e+07 
L  34-1R4  1  4 34  5  885.80362 1.71e-05 1.45e+08 
L  35-1P4  1  4 35  3  884.90454 1.47e-04 3.52e+07 
L  35-1R4  1  4 35  5  884.65012 2.18e-04 2.70e+07 
L  36-1P4  1  4 36  3  884.36221 2.99e-05 1.06e+07 
L  36-1R4  1  4 36  5  884.26446 6.16e-05 6.71e+06 
L  37-1P4  1  4 37  3  884.18940 9.39e-06 6.39e+06 
W  0-1Q4   1  4  0  4 1059.08071 6.59e-02 1.17e+09 
W  1-1Q4   1  4  1  4 1034.13622 2.82e-02 1.15e+09 
W  2-1Q4   1  4  2  4 1011.70369 2.53e-03 1.13e+09 
W  3-1Q4   1  4  3  4  991.51000 1.30e-03 1.12e+09 
W  4-1Q4   1  4  4  4  973.33017 7.26e-03 1.10e+09 
W  5-1Q4   1  4  5  4  956.98569 1.14e-02 1.09e+09 
W  6-1Q4   1  4  6  4  942.33663 1.23e-02 1.08e+09 
W  7-1Q4   1  4  7  4  929.27769 1.12e-02 1.06e+09 
W  8-1Q4   1  4  8  4  917.73649 9.22e-03 1.01e+09 
W  9-1Q4   1  4  9  4  907.67700 7.16e-03 9.77e+08 
W  10-1Q4  1  4 10  4  899.10860 5.31e-03 5.74e+08 
W  11-1Q4  1  4 11  4  892.09345 3.73e-03 5.10e+08 
W  12-1Q4  1  4 12  4  886.78292 2.38e-03 4.91e+08 
W  0-1P4   1  4  0  3 1061.69691 2.63e-02 1.18e+09 
W  0-1R4   1  4  0  5 1055.63001 3.47e-02 1.17e+09 
W  1-1P4   1  4  1  3 1036.50315 1.10e-02 1.15e+09 
W  1-1R4   1  4  1  5 1030.68387 1.15e-02 9.53e+08 
W  2-1P4   1  4  2  3 1013.93975 1.86e-03 1.04e+09 
W  2-1R4   1  4  2  5 1008.75061 2.42e-03 1.11e+09 
W  3-1P4   1  4  3  3  993.36956 1.35e-03 1.09e+09 
W  3-1R4   1  4  3  5  988.86528 3.05e-04 1.10e+09 
W  4-1P4   1  4  4  3  975.05298 3.55e-03 1.09e+09 
W  4-1R4   1  4  4  5  970.98418 3.99e-03 1.06e+09 
W  5-1P4   1  4  5  3  958.57278 4.47e-03 1.07e+09 
W  5-1R4   1  4  5  5  955.05711 9.83e-03 8.60e+08 
W  6-1P4   1  4  6  3  943.82691 3.30e-03 1.01e+09 
W  6-1R4   1  4  6  5  940.23164 2.46e-03 9.72e+08 
W  7-1P4   1  4  7  3  930.41215 6.68e-03 8.66e+08 
W  7-1R4   1  4  7  5  927.46930 4.32e-03 1.02e+09 
W  8-1P4   1  4  8  3  918.84360 4.44e-03 9.80e+08 
W  8-1R4   1  4  8  5  916.16789 4.57e-03 9.61e+08 
W  9-1P4   1  4  9  3  908.67556 3.11e-03 9.63e+08 
W  9-1R4   1  4  9  5  906.33590 4.18e-03 8.50e+08 
W  10-1P4  1  4 10  3  899.98106 2.18e-03 6.08e+08 
W  10-1R4  1  4 10  5  897.98560 3.44e-03 5.60e+08 
W  11-1P4  1  4 11  3  892.82279 1.52e-03 5.54e+08 
W  11-1R4  1  4 11  5  891.17680 2.50e-03 3.58e+08 
W  12-1P4  1  4 12  3  887.34664 9.82e-04 4.44e+08 
W  12-1R4  1  4 12  5  886.12677 1.67e-03 2.98e+08 
L  0-1P5   1  5  0  4 1179.62713 5.82e-03 1.84e+09 
L  0-1R5   1  5  0  6 1173.98120 5.81e-03 1.82e+09 
L  1-1P5   1  5  1  4 1161.81356 1.40e-02 1.72e+09 
L  1-1R5   1  5  1  6 1156.58776 1.55e-02 1.70e+09 
L  2-1P5   1  5  2  4 1144.97777 1.90e-02 1.61e+09 
L  2-1R5   1  5  2  6 1140.11318 2.33e-02 1.59e+09 
L  3-1P5   1  5  3  4 1129.04346 1.86e-02 1.52e+09 
L  3-1R5   1  5  3  6 1124.49738 2.55e-02 1.50e+09 
L  4-1P5   1  5  4  4 1113.94933 1.44e-02 1.43e+09 
L  4-1R5   1  5  4  6 1109.68874 2.25e-02 1.41e+09 
L  5-1P5   1  5  5  4 1099.64173 8.90e-03 1.33e+09 
L  5-1R5   1  5  5  6 1095.63970 1.66e-02 1.31e+09 
L  6-1P5   1  5  6  4 1086.07244 4.20e-03 1.18e+09 
L  6-1R5   1  5  6  6 1082.30660 1.04e-02 1.11e+09 
L  7-1P5   1  5  7  4 1073.19950 1.10e-03 9.93e+08 
L  7-1R5   1  5  7  6 1069.65028 5.51e-03 9.52e+08 
L  8-1P5   1  5  8  4 1060.95674 4.40e-04 7.04e+08 
L  8-1R5   1  5  8  6 1057.37139 7.05e-03 8.90e+08 
L  9-1P5   1  5  9  4 1049.35924 9.91e-05 6.38e+08 
L  9-1R5   1  5  9  6 1046.19090 1.50e-04 6.30e+08 
L  10-1P5  1  5 10  4 1038.25503 1.09e-05 6.38e+08 
L  10-1R5  1  5 10  6 1035.39444 8.59e-05 6.23e+08 
L  11-1P5  1  5 11  4 1027.82476 1.33e-03 5.33e+08 
L  11-1R5  1  5 11  6 1024.97926 1.29e-03 4.82e+08 
L  12-1P5  1  5 12  4 1017.99562 2.92e-03 5.64e+08 
L  12-1R5  1  5 12  6 1015.20214 1.95e-03 4.66e+08 
L  13-1P5  1  5 13  4 1008.34049 2.67e-03 4.46e+08 
L  13-1R5  1  5 13  6 1005.76555 4.07e-03 4.36e+08 
L  14-1P5  1  5 14  4  999.35791 2.72e-03 4.21e+08 
L  14-1R5  1  5 14  6  996.91703 4.98e-03 3.95e+08 
L  15-1P5  1  5 15  4  990.68508 3.55e-03 3.82e+08 
L  15-1R5  1  5 15  6  988.32541 5.14e-03 3.94e+08 
L  16-1P5  1  5 16  4  982.53302 2.97e-03 3.58e+08 
L  16-1R5  1  5 16  6  980.33401 6.42e-03 3.34e+08 
L  17-1P5  1  5 17  4  974.66504 4.09e-03 3.21e+08 
L  17-1R5  1  5 17  6  972.37436 2.36e-03 4.70e+08 
L  18-1P5  1  5 18  4  967.27562 2.96e-03 3.00e+08 
L  18-1R5  1  5 18  6  965.28218 6.29e-03 2.93e+08 
L  19-1P5  1  5 19  4  960.09970 4.84e-03 3.09e+08 
L  19-1R5  1  5 19  6  958.49202 9.33e-03 3.90e+08 
L  20-1P5  1  5 20  4  953.42927 2.75e-03 2.67e+08 
L  20-1R5  1  5 20  6  951.61377 5.26e-03 2.69e+08 
L  21-1P5  1  5 21  4  946.67789 7.97e-03 6.16e+08 
L  21-1R5  1  5 21  6  945.37036 6.94e-03 2.74e+08 
L  22-1P5  1  5 22  4  940.86698 2.44e-03 2.38e+08 
L  22-1R5  1  5 22  6  939.20480 3.89e-03 2.45e+08 
L  23-1P5  1  5 23  4  935.13047 6.63e-04 2.78e+08 
L  23-1R5  1  5 23  6  933.54077 5.16e-03 2.27e+08 
L  24-1P5  1  5 24  4  929.48681 2.13e-03 2.07e+08 
L  24-1R5  1  5 24  6  927.95497 2.46e-03 2.28e+08 
L  25-1P5  1  5 25  4  924.27720 9.79e-04 2.06e+08 
L  25-1R5  1  5 25  6  922.86126 3.80e-03 1.90e+08 
L  26-1P5  1  5 26  4  919.21945 1.82e-03 1.80e+08 
L  26-1R5  1  5 26  6  917.78441 1.04e-03 2.63e+08 
L  27-1P5  1  5 27  4  914.54450 9.13e-04 1.68e+08 
L  27-1R5  1  5 27  6  913.27579 2.76e-03 1.67e+08 
L  28-1P5  1  5 28  4  910.03859 1.54e-03 1.66e+08 
L  28-1R5  1  5 28  6  908.65104 8.84e-05 3.65e+08 
L  29-1P5  1  5 29  4  905.91485 7.47e-04 1.47e+08 
L  29-1R5  1  5 29  6  904.79273 1.99e-03 1.49e+08 
L  30-1P5  1  5 30  4  901.98776 1.25e-03 1.36e+08 
L  30-1R5  1  5 30  6  901.28943 3.84e-03 3.60e+08 
L  31-1P5  1  5 31  4  898.48349 5.55e-04 1.20e+08 
L  31-1R5  1  5 31  6  897.53112 1.39e-03 1.14e+08 
L  32-1P5  1  5 32  4  895.25956 8.87e-04 1.11e+08 
L  32-1R5  1  5 32  6  894.65004 2.61e-03 1.65e+08 
L  33-1P5  1  5 33  4  892.56666 3.56e-04 8.78e+07 
L  33-1R5  1  5 33  6  891.85023 8.48e-04 8.27e+07 
L  34-1P5  1  5 34  4  890.38513 5.25e-04 7.16e+07 
L  34-1R5  1  5 34  6  889.93902 1.10e-03 7.33e+07 
L  35-1P5  1  5 35  4  889.05366 1.44e-04 3.06e+07 
L  35-1R5  1  5 35  6  888.76999 1.21e-04 2.18e+07 
L  36-1P5  1  5 36  4  888.57966 3.03e-05 8.11e+06 
L  36-1R5  1  5 36  6  888.47308 4.76e-05 5.70e+06 
L  37-1P5  1  5 37  4  888.41625 1.06e-05 5.34e+06 
W  0-1Q5   1  5  0  5 1061.85812 6.61e-02 1.17e+09 
W  1-1Q5   1  5  1  5 1036.95006 2.84e-02 1.15e+09 
W  2-1Q5   1  5  2  5 1014.55182 2.56e-03 1.13e+09 
W  3-1Q5   1  5  3  5  994.39203 1.27e-03 1.11e+09 
W  4-1Q5   1  5  4  5  976.24732 7.22e-03 1.10e+09 
W  5-1Q5   1  5  5  5  959.94154 1.13e-02 1.08e+09 
W  6-1Q5   1  5  6  5  945.33595 1.23e-02 1.07e+09 
W  7-1Q5   1  5  7  5  932.32817 1.12e-02 1.06e+09 
W  8-1Q5   1  5  8  5  920.84813 9.20e-03 1.00e+09 
W  9-1Q5   1  5  9  5  910.86386 7.15e-03 8.93e+08 
W  10-1Q5  1  5 10  5  902.39090 5.29e-03 5.72e+08 
W  11-1Q5  1  5 11  5  895.50087 3.70e-03 2.56e+08 
W  12-1Q5  1  5 12  5  890.36492 2.31e-03 1.75e+08 
W  0-1P5   1  5  0  4 1065.08761 2.96e-02 1.17e+09 
W  0-1R5   1  5  0  6 1057.94917 2.56e-02 9.52e+08 
W  1-1P5   1  5  1  4 1039.89916 1.25e-02 1.13e+09 
W  1-1R5   1  5  1  6 1033.09030 1.43e-02 1.13e+09 
W  2-1P5   1  5  2  4 1017.00493 7.56e-05 1.03e+09 
W  2-1R5   1  5  2  6 1011.06898 1.88e-03 1.11e+09 
W  3-1P5   1  5  3  4  996.70648 1.18e-03 1.10e+09 
W  3-1R5   1  5  3  6  991.27843 5.26e-04 1.08e+09 
W  4-1P5   1  5  4  4  978.38034 3.65e-03 1.08e+09 
W  4-1R5   1  5  4  6  973.60413 6.15e-03 9.25e+08 
W  5-1P5   1  5  5  4  961.92906 4.17e-03 1.04e+09 
W  5-1R5   1  5  5  6  957.13903 1.14e-03 9.54e+08 
W  6-1P5   1  5  6  4  947.39073 5.71e-04 7.00e+08 
W  6-1R5   1  5  6  6  942.92556 3.88e-03 1.02e+09 
W  7-1P5   1  5  7  4  933.81572 6.52e-03 9.95e+08 
W  7-1R5   1  5  7  6  930.22953 1.52e-06 7.68e+08 
W  8-1P5   1  5  8  4  922.22516 4.61e-03 9.77e+08 
W  8-1R5   1  5  8  6  919.06299 5.37e-03 8.87e+08 
W  9-1P5   1  5  9  4  912.10251 3.22e-03 9.14e+08 
W  9-1R5   1  5  9  6  909.42690 5.06e-03 6.13e+08 
W  10-1P5  1  5 10  4  903.47360 2.21e-03 5.90e+08 
W  10-1R5  1  5 10  6  900.66916 4.40e-05 3.43e+08 
W  11-1P5  1  5 11  4  896.40249 1.53e-03 4.20e+08 
W  11-1R5  1  5 11  6  894.14287 1.15e-04 2.19e+08 
W  12-1P5  1  5 12  4  891.05618 9.40e-04 3.45e+08 
W  12-1R5  1  5 12  6  889.46218 8.14e-04 1.96e+08 
L  0-1P6   1  6  0  5 1185.96894 5.80e-03 1.83e+09 
L  0-1R6   1  6  0  7 1179.35168 5.41e-03 1.80e+09 
L  1-1P6   1  6  1  5 1168.08416 1.41e-02 1.71e+09 
L  1-1R6   1  6  1  7 1161.94937 1.49e-02 1.68e+09 
L  2-1P6   1  6  2  5 1151.16765 1.92e-02 1.60e+09 
L  2-1R6   1  6  2  7 1145.45031 2.27e-02 1.58e+09 
L  3-1P6   1  6  3  5 1135.14851 1.88e-02 1.51e+09 
L  3-1R6   1  6  3  7 1129.80129 2.54e-02 1.49e+09 
L  4-1P6   1  6  4  5 1119.96945 1.45e-02 1.42e+09 
L  4-1R6   1  6  4  7 1114.95461 2.28e-02 1.39e+09 
L  5-1P6   1  6  5  5 1105.57831 8.98e-03 1.32e+09 
L  5-1R6   1  6  5  7 1100.86524 1.72e-02 1.28e+09 
L  6-1P6   1  6  6  5 1091.92788 4.19e-03 1.15e+09 
L  6-1R6   1  6  6  7 1087.49057 1.10e-02 1.09e+09 
L  7-1P6   1  6  7  5 1078.97678 1.09e-03 9.84e+08 
L  7-1R6   1  6  7  7 1074.79221 5.93e-03 8.11e+08 
L  8-1P6   1  6  8  5 1066.64027 9.90e-04 6.97e+08 
L  8-1R6   1  6  8  7 1062.76002 4.32e-03 6.47e+08 
L  9-1P6   1  6  9  5 1054.98787 9.33e-05 6.36e+08 
L  9-1R6   1  6  9  7 1051.24814 1.91e-04 6.21e+08 
L  10-1P6  1  6 10  5 1044.16483 8.12e-03 8.13e+08 
L  10-1R6  1  6 10  7 1040.38439 3.05e-06 5.54e+08 
L  11-1P6  1  6 11  5 1033.31597 1.27e-03 5.20e+08 
L  11-1R6  1  6 11  7 1029.94970 1.31e-03 4.78e+08 
L  12-1P6  1  6 12  5 1023.34642 2.58e-03 4.84e+08 
L  12-1R6  1  6 12  7 1020.13314 1.94e-03 4.56e+08 
L  13-1P6  1  6 13  5 1013.70303 2.59e-03 4.48e+08 
L  13-1R6  1  6 13  7 1010.63777 4.19e-03 4.34e+08 
L  14-1P6  1  6 14  5 1004.66143 2.79e-03 4.15e+08 
L  14-1R6  1  6 14  7 1001.78197 4.84e-03 3.88e+08 
L  15-1P6  1  6 15  5  995.92547 3.62e-03 3.86e+08 
L  15-1R6  1  6 15  7  992.99620 3.84e-03 4.99e+08 
L  16-1P6  1  6 16  5  987.73607 3.00e-03 3.55e+08 
L  16-1R6  1  6 16  7  985.13413 6.28e-03 3.30e+08 
L  17-1P6  1  6 17  5  979.77816 4.68e-03 3.39e+08 
L  17-1R6  1  6 17  7  977.63159 8.30e-03 4.22e+08 
L  18-1P6  1  6 18  5  972.38221 3.00e-03 3.02e+08 
L  18-1R6  1  6 18  7  970.01847 6.10e-03 2.95e+08 
L  19-1P6  1  6 19  5  964.97973 7.69e-03 4.92e+08 
L  19-1R6  1  6 19  7  963.11631 7.73e-03 3.01e+08 
L  20-1P6  1  6 20  5  958.44728 2.83e-03 2.70e+08 
L  20-1R6  1  6 20  7  956.28606 4.92e-03 2.72e+08 
L  21-1P6  1  6 21  5  952.12778 4.28e-04 3.39e+08 
L  21-1R6  1  6 21  7  950.01839 6.32e-03 2.55e+08 
L  22-1P6  1  6 22  5  945.80428 2.61e-03 2.40e+08 
L  22-1R6  1  6 22  7  943.80562 3.16e-03 2.65e+08 
L  23-1P6  1  6 23  5  940.02261 1.05e-03 2.46e+08 
L  23-1R6  1  6 23  7  938.15917 4.89e-03 2.19e+08 
L  24-1P6  1  6 24  5  934.35135 2.38e-03 2.10e+08 
L  24-1R6  1  6 24  7  932.43727 9.85e-04 3.37e+08 
L  25-1P6  1  6 25  5  929.12521 1.11e-03 2.00e+08 
L  25-1R6  1  6 25  7  927.44832 3.63e-03 1.87e+08 
L  26-1P6  1  6 26  5  924.01868 2.21e-03 1.95e+08 
L  26-1R6  1  6 26  7  922.87429 6.36e-03 4.80e+08 
L  27-1P6  1  6 27  5  919.34647 9.80e-04 1.67e+08 
L  27-1R6  1  6 27  7  917.84026 2.61e-03 1.71e+08 
L  28-1P6  1  6 28  5  914.78068 2.08e-03 1.98e+08 
L  28-1R6  1  6 28  7  913.63567 4.27e-03 2.50e+08 
L  29-1P6  1  6 29  5  910.68278 7.95e-04 1.49e+08 
L  29-1R6  1  6 29  7  909.35115 1.85e-03 1.44e+08 
L  30-1P6  1  6 30  5  906.69542 1.81e-03 1.61e+08 
L  30-1R6  1  6 30  7  905.68947 2.88e-03 1.54e+08 
L  31-1P6  1  6 31  5  903.24266 5.93e-04 1.20e+08 
L  31-1R6  1  6 31  7  902.11494 1.26e-03 1.14e+08 
L  32-1P6  1  6 32  5  899.98130 1.35e-03 1.43e+08 
L  32-1R6  1  6 32  7  899.16559 1.89e-03 1.07e+08 
L  33-1P6  1  6 33  5  897.36383 3.84e-04 8.61e+07 
L  33-1R6  1  6 33  7  896.52875 7.26e-04 7.73e+07 
L  34-1P6  1  6 34  5  895.18366 1.01e-03 1.45e+08 
L  34-1R6  1  6 34  7  894.69830 7.55e-04 5.04e+07 
L  35-1P6  1  6 35  5  894.00562 1.47e-04 2.70e+07 
L  35-1R6  1  6 35  7  893.79707 7.90e-04 4.85e+07 
L  36-1P6  1  6 36  5  893.61177 3.19e-05 6.71e+06 
L  36-1R6  1  6 36  7  893.64930 1.38e-04 5.65e+07 
L  37-1R6  1  6 37  7  893.49440 3.69e-08 9.81e+06 
W  0-1Q6   1  6  0  6 1065.14399 6.63e-02 1.17e+09 
W  1-1Q6   1  6  1  6 1040.28158 2.84e-02 1.15e+09 
W  2-1Q6   1  6  2  6 1017.92640 2.61e-03 1.13e+09 
W  3-1Q6   1  6  3  6  997.80921 1.24e-03 1.11e+09 
W  4-1Q6   1  6  4  6  979.70867 7.15e-03 1.10e+09 
W  5-1Q6   1  6  5  6  963.45119 1.13e-02 1.08e+09 
W  6-1Q6   1  6  6  6  948.89994 1.22e-02 1.07e+09 
W  7-1Q6   1  6  7  6  935.95564 1.11e-02 1.05e+09 
W  8-1Q6   1  6  8  6  924.55177 9.19e-03 1.01e+09 
W  9-1Q6   1  6  9  6  914.66120 7.14e-03 8.34e+08 
W  10-1Q6  1  6 10  6  906.30723 5.26e-03 6.27e+08 
W  11-1Q6  1  6 11  6  899.57447 3.65e-03 2.84e+08 
W  12-1Q6  1  6 12  6  894.66140 2.21e-03 1.85e+08 
W  0-1P6   1  6  0  5 1068.97863 3.19e-02 1.17e+09 
W  0-1R6   1  6  0  7 1060.28752 2.64e-02 1.16e+09 
W  1-1P6   1  6  1  5 1043.40524 5.52e-03 9.53e+08 
W  1-1R6   1  6  1  7 1035.85766 1.33e-02 1.14e+09 
W  2-1P6   1  6  2  5 1020.93311 5.01e-04 1.11e+09 
W  2-1R6   1  6  2  7 1013.94088 1.36e-03 1.10e+09 
W  3-1P6   1  6  3  5 1000.56942 1.02e-03 1.10e+09 
W  3-1R6   1  6  3  7  994.37195 1.74e-03 9.59e+08 
W  4-1P6   1  6  4  5  982.26646 3.26e-03 1.06e+09 
W  4-1R6   1  6  4  7  976.14468 1.86e-04 9.65e+08 
W  5-1P6   1  6  5  5  965.97022 1.65e-03 8.60e+08 
W  5-1R6   1  6  5  7  960.36027 2.86e-03 1.03e+09 
W  6-1P6   1  6  6  5  950.80669 8.42e-03 9.72e+08 
W  6-1R6   1  6  6  7  946.19751 5.03e-03 1.01e+09 
W  7-1P6   1  6  7  5  937.75765 6.30e-03 1.02e+09 
W  7-1R6   1  6  7  7  933.67630 6.65e-03 8.73e+08 
W  8-1P6   1  6  8  5  926.20567 4.44e-03 9.61e+08 
W  8-1R6   1  6  8  7  921.98750 1.01e-04 6.50e+08 
W  9-1P6   1  6  9  5  916.15824 2.90e-03 8.50e+08 
W  9-1R6   1  6  9  7  912.57820 9.25e-04 6.37e+08 
W  10-1P6  1  6 10  5  907.62682 1.79e-03 5.60e+08 
W  10-1R6  1  6 10  7  904.57699 1.05e-03 3.51e+08 
W  11-1P6  1  6 11  5  900.67159 1.15e-03 3.58e+08 
W  11-1R6  1  6 11  7  898.19676 8.83e-04 2.25e+08 
W  12-1P6  1  6 12  5  895.51370 4.79e-04 2.98e+08 
L  0-1P7   1  7  0  6 1193.22131 5.72e-03 1.82e+09 
L  0-1R7   1  7  0  8 1185.65748 5.06e-03 1.78e+09 
L  1-1P7   1  7  1  6 1175.25745 1.41e-02 1.70e+09 
L  1-1R7   1  7  1  8 1168.23262 1.42e-02 1.67e+09 
L  2-1P7   1  7  2  6 1158.25062 1.92e-02 1.59e+09 
L  2-1R7   1  7  2  8 1151.69585 2.22e-02 1.56e+09 
L  3-1P7   1  7  3  6 1142.13753 1.90e-02 1.50e+09 
L  3-1R7   1  7  3  8 1136.00128 2.54e-02 1.48e+09 
L  4-1P7   1  7  4  6 1126.86379 1.47e-02 1.41e+09 
L  4-1R7   1  7  4  8 1121.10464 2.33e-02 1.38e+09 
L  5-1P7   1  7  5  6 1112.37935 9.08e-03 1.31e+09 
L  5-1R7   1  7  5  8 1106.96356 1.78e-02 1.26e+09 
L  6-1P7   1  7  6  6 1098.63827 4.25e-03 1.11e+09 
L  6-1R7   1  7  6  8 1093.53676 1.16e-02 1.07e+09 
L  7-1P7   1  7  7  6 1085.59940 1.12e-03 9.52e+08 
L  7-1R7   1  7  7  8 1080.78594 6.43e-03 8.04e+08 
L  8-1P7   1  7  8  6 1072.95378 1.72e-02 8.90e+08 
L  8-1R7   1  7  8  8 1068.68366 3.43e-03 6.46e+08 
L  9-1P7   1  7  9  6 1061.44312 7.30e-05 6.30e+08 
L  9-1R7   1  7  9  8 1057.13542 2.07e-04 6.25e+08 
L  10-1P7  1  7 10  6 1050.33124 2.08e-03 6.23e+08 
L  10-1R7  1  7 10  8 1046.21596 3.72e-07 5.52e+08 
L  11-1P7  1  7 11  6 1039.61494 1.15e-03 4.82e+08 
L  11-1R7  1  7 11  8 1035.71712 1.63e-03 4.83e+08 
L  12-1P7  1  7 12  6 1029.55799 2.38e-03 4.66e+08 
L  12-1R7  1  7 12  8 1025.87608 1.90e-03 4.57e+08 
L  13-1P7  1  7 13  6 1019.85390 2.47e-03 4.36e+08 
L  13-1R7  1  7 13  8 1016.15937 4.98e-03 5.59e+08 
L  14-1P7  1  7 14  6 1010.75688 2.81e-03 3.95e+08 
L  14-1R7  1  7 14  8 1007.43832 4.74e-03 3.83e+08 
L  15-1P7  1  7 15  6 1001.92610 3.82e-03 3.94e+08 
L  15-1R7  1  7 15  8  999.09023 5.31e-03 4.41e+08 
L  16-1P7  1  7 16  6  993.71416 3.05e-03 3.34e+08 
L  16-1R7  1  7 16  8  990.70756 6.12e-03 3.28e+08 
L  17-1P7  1  7 17  6  985.53666 6.64e-03 4.70e+08 
L  17-1R7  1  7 17  8  983.05837 7.39e-03 3.29e+08 
L  18-1P7  1  7 18  6  978.25190 3.10e-03 2.93e+08 
L  18-1R7  1  7 18  8  975.50830 5.76e-03 3.01e+08 
L  19-1P7  1  7 19  6  971.27871 3.41e-04 3.90e+08 
L  19-1R7  1  7 19  8  968.56653 7.11e-03 2.82e+08 
L  20-1P7  1  7 20  6  964.21639 3.03e-03 2.69e+08 
L  20-1R7  1  7 20  8  961.67661 3.99e-03 3.03e+08 
L  21-1P7  1  7 21  6  957.80707 1.16e-03 2.74e+08 
L  21-1R7  1  7 21  8  955.42685 5.99e-03 2.47e+08 
L  22-1P7  1  7 22  6  951.47877 2.96e-03 2.45e+08 
L  22-1R7  1  7 22  8  948.99026 8.49e-04 4.49e+08 
L  23-1P7  1  7 23  6  945.66618 1.32e-03 2.27e+08 
L  23-1R7  1  7 23  8  943.52209 4.64e-03 2.15e+08 
L  24-1P7  1  7 24  6  939.93478 3.01e-03 2.28e+08 
L  24-1R7  1  7 24  8  938.28822 7.22e-03 3.77e+08 
L  25-1P7  1  7 25  6  934.70908 1.25e-03 1.90e+08 
L  25-1R7  1  7 25  8  932.76917 3.40e-03 1.90e+08 
L  26-1P7  1  7 26  6  929.50141 3.33e-03 2.63e+08 
L  26-1R7  1  7 26  8  927.97038 4.87e-03 2.23e+08 
L  27-1P7  1  7 27  6  924.87722 1.09e-03 1.67e+08 
L  27-1R7  1  7 27  8  923.12953 2.36e-03 1.80e+08 
L  28-1P7  1  7 28  6  920.13453 3.77e-03 3.65e+08 
L  28-1R7  1  7 28  8  918.85871 3.40e-03 1.80e+08 
L  29-1P7  1  7 29  6  916.17830 8.90e-04 1.49e+08 
L  29-1R7  1  7 29  8  914.62890 1.56e-03 1.51e+08 
L  30-1P7  1  7 30  6  912.58645 3.11e-04 3.60e+08 
L  30-1R7  1  7 30  8  910.95871 2.38e-03 1.33e+08 
L  31-1P7  1  7 31  6  908.73353 6.68e-04 1.14e+08 
L  31-1R7  1  7 31  8  907.42241 9.96e-04 1.23e+08 
L  32-1P7  1  7 32  6  905.78020 1.01e-04 1.65e+08 
L  32-1R7  1  7 32  8  904.51358 1.56e-03 9.86e+07 
L  33-1P7  1  7 33  6  902.91041 4.35e-04 8.27e+07 
L  33-1R7  1  7 33  8  901.95025 4.53e-04 8.36e+07 
L  34-1P7  1  7 34  6  900.95155 1.22e-05 7.33e+07 
L  34-1R7  1  7 34  8  900.26779 5.74e-04 4.39e+07 
L  35-1P7  1  7 35  6  899.75343 1.88e-04 2.18e+07 
L  35-1R7  1  7 35  8  899.50497 1.70e-04 1.03e+07 
L  36-1P7  1  7 36  6  899.44914 2.48e-05 5.70e+06 
W  0-1Q7   1  7  0  7 1068.92001 6.66e-02 1.16e+09 
W  1-1Q7   1  7  1  7 1044.11326 2.86e-02 1.14e+09 
W  2-1Q7   1  7  2  7 1021.81075 2.66e-03 1.12e+09 
W  3-1Q7   1  7  3  7 1001.74554 1.21e-03 1.11e+09 
W  4-1Q7   1  7  4  7  983.69883 7.08e-03 1.09e+09 
W  5-1Q7   1  7  5  7  967.50022 1.12e-02 1.08e+09 
W  6-1Q7   1  7  6  7  953.01512 1.22e-02 1.07e+09 
W  7-1Q7   1  7  7  7  940.14802 1.11e-02 1.04e+09 
W  8-1Q7   1  7  8  7  928.83654 9.17e-03 1.02e+09 
W  9-1Q7   1  7  9  7  919.06012 7.10e-03 7.50e+08 
W  10-1Q7  1  7 10  7  910.85150 5.22e-03 6.66e+08 
W  11-1Q7  1  7 11  7  904.31260 3.58e-03 3.41e+08 
W  12-1Q7  1  7 12  7  899.68155 2.06e-03 2.21e+08 
W  0-1P7   1  7  0  6 1073.54872 1.80e-02 9.52e+08 
W  0-1R7   1  7  0  8 1063.44649 2.61e-02 1.16e+09 
W  1-1P7   1  7  1  6 1047.96021 1.25e-02 1.13e+09 
W  1-1R7   1  7  1  8 1039.14620 1.22e-02 1.13e+09 
W  2-1P7   1  7  2  6 1025.30735 7.88e-04 1.11e+09 
W  2-1R7   1  7  2  8 1017.49015 2.04e-04 9.70e+08 
W  3-1P7   1  7  3  6 1004.96109 7.37e-04 1.08e+09 
W  3-1R7   1  7  3  8  997.37312 1.89e-04 1.01e+09 
W  4-1P7   1  7  4  6  986.79997 1.35e-03 9.25e+08 
W  4-1R7   1  7  4  8  979.85103 1.30e-03 1.05e+09 
W  5-1P7   1  7  5  6  969.88940 9.11e-03 9.54e+08 
W  5-1R7   1  7  5  8  964.11738 4.33e-03 1.01e+09 
W  6-1P7   1  7  6  6  955.29761 7.67e-03 1.02e+09 
W  6-1R7   1  7  6  8  950.19821 7.65e-03 8.18e+08 
W  7-1P7   1  7  7  6  942.26853 8.34e-03 7.68e+08 
W  7-1R7   1  7  7  8  937.08206 6.24e-04 8.24e+08 
W  8-1P7   1  7  8  6  930.81287 3.43e-03 8.87e+08 
W  8-1R7   1  7  8  8  926.25243 1.84e-03 8.78e+08 
W  9-1P7   1  7  9  6  920.93014 1.29e-03 6.13e+08 
W  9-1R7   1  7  9  8  916.86181 2.04e-03 6.85e+08 
W  10-1P7  1  7 10  6  911.95054 3.35e-03 3.43e+08 
W  10-1R7  1  7 10  8  909.01951 1.77e-03 3.87e+08 
W  11-1P7  1  7 11  6  905.26034 2.40e-03 2.19e+08 
W  11-1R7  1  7 11  8  902.88130 1.37e-03 2.52e+08 
W  12-1P7  1  7 12  6  900.46284 1.57e-03 1.96e+08 
L  0-1P8   1  8  0  7 1201.36196 5.59e-03 1.80e+09 
L  0-1R8   1  8  0  9 1192.87828 4.70e-03 1.76e+09 
L  1-1P8   1  8  1  7 1183.30900 1.39e-02 1.68e+09 
L  1-1R8   1  8  1  9 1175.41493 1.35e-02 1.65e+09 
L  2-1P8   1  8  2  7 1166.20225 1.93e-02 1.58e+09 
L  2-1R8   1  8  2  9 1158.82643 2.17e-02 1.55e+09 
L  3-1P8   1  8  3  7 1149.98508 1.92e-02 1.49e+09 
L  3-1R8   1  8  3  9 1143.07335 2.52e-02 1.46e+09 
L  4-1P8   1  8  4  7 1134.60680 1.50e-02 1.39e+09 
L  4-1R8   1  8  4  9 1128.11506 2.37e-02 1.36e+09 
L  5-1P8   1  8  5  7 1120.01962 9.28e-03 1.28e+09 
L  5-1R8   1  8  5  9 1113.91086 1.85e-02 1.22e+09 
L  6-1P8   1  8  6  7 1106.17842 4.35e-03 1.09e+09 
L  6-1R8   1  8  6  9 1100.42089 1.24e-02 1.03e+09 
L  7-1P8   1  8  7  7 1093.04251 1.18e-03 8.11e+08 
L  7-1R8   1  8  7  9 1087.60755 7.00e-03 6.99e+08 
L  8-1P8   1  8  8  7 1080.60059 1.71e-04 6.47e+08 
L  8-1R8   1  8  8  9 1075.43846 3.45e-03 6.27e+08 
L  9-1P8   1  8  9  7 1068.70113 4.03e-05 6.21e+08 
L  9-1R8   1  8  9  9 1063.82039 9.90e-05 6.15e+08 
L  10-1P8  1  8 10  7 1057.47560 1.31e-03 5.54e+08 
L  10-1R8  1  8 10  9 1052.85290 1.75e-06 5.02e+08 
L  11-1P8  1  8 11  7 1046.69703 9.36e-04 4.78e+08 
L  11-1R8  1  8 11  9 1042.07666 6.10e-03 6.58e+08 
L  12-1P8  1  8 12  7 1036.56020 2.25e-03 4.56e+08 
L  12-1R8  1  8 12  9 1032.40375 1.84e-03 4.45e+08 
L  13-1P8  1  8 13  7 1026.75803 2.20e-03 4.34e+08 
L  13-1R8  1  8 13  9 1023.06678 1.74e-03 4.48e+08 
L  14-1P8  1  8 14  7 1017.61875 2.82e-03 3.88e+08 
L  14-1R8  1  8 14  9 1013.86121 4.67e-03 3.80e+08 
L  15-1P8  1  8 15  7 1008.55425 4.37e-03 4.99e+08 
L  15-1R8  1  8 15  9 1005.35927 5.45e-03 3.56e+08 
L  16-1P8  1  8 16  7 1000.44490 3.14e-03 3.30e+08 
L  16-1R8  1  8 16  9  997.02359 5.91e-03 3.33e+08 
L  17-1P8  1  8 17  7  992.70826 5.93e-04 4.22e+08 
L  17-1R8  1  8 17  9  989.32391 6.94e-03 3.09e+08 
L  18-1P8  1  8 18  7  984.85946 3.31e-03 2.95e+08 
L  18-1R8  1  8 18  9  981.69020 4.76e-03 3.40e+08 
L  19-1P8  1  8 19  7  977.74525 1.39e-03 3.01e+08 
L  19-1R8  1  8 19  9  974.77259 6.75e-03 2.75e+08 
L  20-1P8  1  8 20  7  970.70669 3.47e-03 2.72e+08 
L  20-1R8  1  8 20  9  967.51070 6.20e-04 5.94e+08 
L  21-1P8  1  8 21  7  964.24921 1.59e-03 2.55e+08 
L  21-1R8  1  8 21  9  961.56870 5.69e-03 2.43e+08 
L  22-1P8  1  8 22  7  957.84954 3.87e-03 2.65e+08 
L  22-1R8  1  8 22  9  955.66909 7.87e-03 3.21e+08 
L  23-1P8  1  8 23  7  952.03432 1.56e-03 2.19e+08 
L  23-1R8  1  8 23  9  949.60061 4.32e-03 2.15e+08 
L  24-1P8  1  8 24  7  946.14245 5.09e-03 3.37e+08 
L  24-1R8  1  8 24  9  944.21101 5.72e-03 2.22e+08 
L  25-1P8  1  8 25  7  941.00616 1.44e-03 1.87e+08 
L  25-1R8  1  8 25  9  938.78969 2.95e-03 2.07e+08 
L  26-1P8  1  8 26  7  936.29776 4.16e-04 4.80e+08 
L  26-1R8  1  8 26  9  933.95509 4.18e-03 1.87e+08 
L  27-1P8  1  8 27  7  931.11664 1.27e-03 1.71e+08 
L  27-1R8  1  8 27  9  929.09837 1.74e-03 2.14e+08 
L  28-1P8  1  8 28  7  926.78981 8.85e-06 2.50e+08 
L  28-1R8  1  8 28  9  924.84925 3.02e-03 1.63e+08 
L  29-1P8  1  8 29  7  922.38133 1.06e-03 1.44e+08 
L  29-1R8  1  8 29  9  920.56000 8.08e-04 1.74e+08 
L  30-1P8  1  8 30  7  918.61418 7.69e-05 1.54e+08 
L  30-1R8  1  8 30  9  916.97245 2.13e-03 1.18e+08 
L  31-1P8  1  8 31  7  914.93711 8.12e-04 1.14e+08 
L  31-1R8  1  8 31  9  913.36604 2.60e-04 1.48e+08 
L  32-1P8  1  8 32  7  911.90347 8.61e-05 1.07e+08 
L  32-1R8  1  8 32  9  910.61387 1.35e-03 9.13e+07 
L  33-1P8  1  8 33  7  909.19150 5.40e-04 7.73e+07 
L  33-1R8  1  8 33  9  908.43329 1.92e-03 1.17e+08 
L  34-1P8  1  8 34  7  907.30904 1.13e-04 5.04e+07 
L  34-1R8  1  8 34  9  906.62957 3.91e-04 3.63e+07 
L  35-1P8  1  8 35  7  906.38223 2.10e-04 4.85e+07 
L  35-1R8  1  8 35  9  906.08329 7.85e-05 5.98e+06 
L  36-1P8  1  8 36  7  906.23027 6.84e-04 5.65e+07 
L  37-1P8  1  8 37  7  906.07097 1.32e-04 9.81e+06 
W  0-1Q8   1  8  0  8 1073.16288 6.68e-02 1.16e+09 
W  1-1Q8   1  8  1  8 1048.42288 2.88e-02 1.14e+09 
W  2-1Q8   1  8  2  8 1026.18338 2.72e-03 1.12e+09 
W  3-1Q8   1  8  3  8 1006.18067 1.17e-03 1.10e+09 
W  4-1Q8   1  8  4  8  988.19854 7.00e-03 1.09e+09 
W  5-1Q8   1  8  5  8  972.07047 1.11e-02 1.08e+09 
W  6-1Q8   1  8  6  8  957.66462 1.21e-02 1.07e+09 
W  7-1Q8   1  8  7  8  944.88969 1.11e-02 1.02e+09 
W  8-1Q8   1  8  8  8  933.68877 9.14e-03 9.84e+08 
W  9-1Q8   1  8  9  8  924.04942 7.07e-03 5.34e+08 
W  10-1Q8  1  8 10  8  916.01607 5.17e-03 2.39e+08 
W  11-1Q8  1  8 11  8  909.71381 3.49e-03 1.92e+08 
W  0-1P8   1  8  0  7 1078.04449 3.71e-02 1.16e+09 
W  0-1R8   1  8  0  9 1067.09590 2.56e-02 1.15e+09 
W  1-1P8   1  8  1  7 1052.79925 1.42e-02 1.14e+09 
W  1-1R8   1  8  1  9 1043.13325 6.95e-03 9.44e+08 
W  2-1P8   1  8  2  7 1030.16753 1.15e-03 1.10e+09 
W  2-1R8   1  8  2  9 1020.94593 3.06e-03 1.06e+09 
W  3-1P8   1  8  3  7 1009.97349 7.64e-05 9.59e+08 
W  3-1R8   1  8  3  9 1001.49824 2.84e-05 1.07e+09 
W  4-1P8   1  8  4  7  991.17517 7.30e-03 9.65e+08 
W  4-1R8   1  8  4  9  984.05855 2.64e-03 1.01e+09 
W  5-1P8   1  8  5  7  974.90497 7.85e-03 1.03e+09 
W  5-1R8   1  8  5  9  968.69901 8.07e-03 7.11e+08 
W  6-1P8   1  8  6  7  960.31323 6.59e-03 1.01e+09 
W  6-1R8   1  8  6  9  953.99548 1.08e-03 9.31e+08 
W  7-1P8   1  8  7  7  947.41820 3.61e-03 8.73e+08 
W  7-1R8   1  8  7  9  941.72839 2.63e-03 9.41e+08 
W  8-1P8   1  8  8  7  935.38501 6.37e-03 6.50e+08 
W  8-1R8   1  8  8  9  930.97474 3.24e-03 8.45e+08 
W  9-1P8   1  8  9  7  925.70170 5.04e-03 6.37e+08 
W  9-1R8   1  8  9  9  921.77240 3.20e-03 5.10e+08 
W  10-1P8  1  8 10  7  917.46974 3.54e-03 3.51e+08 
W  10-1R8  1  8 10  9  914.17639 2.73e-03 2.04e+08 
W  11-1P8  1  8 11  7  910.90701 2.30e-03 2.25e+08 
W  11-1R8  1  8 11  9  907.94813 3.20e-05 1.33e+08 
L  0-1P9   1  9  0  8 1210.35263 5.42e-03 1.78e+09 
L  0-1R9   1  9  0 10 1200.97731 4.35e-03 1.74e+09 
L  1-1P9   1  9  1  8 1192.19991 1.38e-02 1.67e+09 
L  1-1R9   1  9  1 10 1183.45856 1.29e-02 1.63e+09 
L  2-1P9   1  9  2  8 1174.98265 1.93e-02 1.56e+09 
L  2-1R9   1  9  2 10 1166.80382 2.11e-02 1.53e+09 
L  3-1P9   1  9  3  8 1158.65148 1.94e-02 1.48e+09 
L  3-1R9   1  9  3 10 1150.97937 2.52e-02 1.44e+09 
L  4-1P9   1  9  4  8 1143.15894 1.52e-02 1.38e+09 
L  4-1R9   1  9  4 10 1135.94708 2.39e-02 1.33e+09 
L  5-1P9   1  9  5  8 1128.45967 9.53e-03 1.26e+09 
L  5-1R9   1  9  5 10 1121.66888 1.92e-02 1.18e+09 
L  6-1P9   1  9  6  8 1114.50962 4.52e-03 1.07e+09 
L  6-1R9   1  9  6 10 1108.10568 1.31e-02 8.67e+08 
L  7-1P9   1  9  7  8 1101.26798 1.28e-03 8.04e+08 
L  7-1R9   1  9  7 10 1095.22044 7.61e-03 6.51e+08 
L  8-1P9   1  9  8  8 1088.70531 8.27e-08 6.46e+08 
L  8-1R9   1  9  8 10 1082.97869 3.71e-03 6.20e+08 
L  9-1P9   1  9  9  8 1076.72274 4.51e-06 6.25e+08 
L  9-1R9   1  9  9 10 1071.58372 1.40e-02 7.74e+08 
L  10-1P9  1  9 10  8 1065.39705 1.00e-03 5.52e+08 
L  10-1R9  1  9 10 10 1060.25740 6.87e-06 4.93e+08 
L  11-1P9  1  9 11  8 1054.51172 4.97e-04 4.83e+08 
L  11-1R9  1  9 11 10 1049.80131 1.84e-07 4.80e+08 
L  12-1P9  1  9 12  8 1044.31204 2.11e-03 4.57e+08 
L  12-1R9  1  9 12 10 1039.67807 1.83e-03 4.27e+08 
L  13-1P9  1  9 13  8 1034.24467 1.09e-03 5.59e+08 
L  13-1R9  1  9 13 10 1030.20754 2.34e-03 3.99e+08 
L  14-1P9  1  9 14  8 1025.21180 2.79e-03 3.83e+08 
L  14-1R9  1  9 14 10 1021.00493 4.75e-03 3.77e+08 
L  15-1P9  1  9 15  8 1016.56782 1.59e-03 4.41e+08 
L  15-1R9  1  9 15 10 1012.44579 5.32e-03 3.42e+08 
L  16-1P9  1  9 16  8 1007.89057 3.27e-03 3.28e+08 
L  16-1R9  1  9 16 10 1003.98865 5.29e-03 3.87e+08 
L  17-1P9  1  9 17  8  999.97480 1.84e-03 3.29e+08 
L  17-1R9  1  9 17 10  996.32635 6.68e-03 3.01e+08 
L  18-1P9  1  9 18  8  992.16369 3.72e-03 3.01e+08 
L  18-1R9  1  9 18 10  989.30345 7.23e-03 5.63e+08 
L  19-1P9  1  9 19  8  984.98373 1.94e-03 2.82e+08 
L  19-1R9  1  9 19 10  981.68933 6.47e-03 2.69e+08 
L  20-1P9  1  9 20  8  977.85912 4.62e-03 3.03e+08 
L  20-1R9  1  9 20 10  975.07779 8.00e-03 2.99e+08 
L  21-1P9  1  9 21  8  971.39796 1.94e-03 2.47e+08 
L  21-1R9  1  9 21 10  968.40089 5.28e-03 2.44e+08 
L  22-1P9  1  9 22  8  964.74513 7.23e-03 4.49e+08 
L  22-1R9  1  9 22 10  962.38314 6.58e-03 2.36e+08 
L  23-1P9  1  9 23  8  959.09443 1.85e-03 2.15e+08 
L  23-1R9  1  9 23 10  956.34368 3.58e-03 2.38e+08 
L  24-1P9  1  9 24  8  953.68687 2.32e-05 3.77e+08 
L  24-1R9  1  9 24 10  950.93716 5.11e-03 1.99e+08 
L  25-1P9  1  9 25  8  947.98573 1.75e-03 1.90e+08 
L  25-1R9  1  9 25 10  945.40995 1.56e-03 3.06e+08 
L  26-1P9  1  9 26  8  943.02951 1.96e-04 2.23e+08 
L  26-1R9  1  9 26 10  940.65661 3.81e-03 1.80e+08 
L  27-1P9  1  9 27  8  938.03069 1.61e-03 1.80e+08 
L  27-1R9  1  9 27 10  935.50428 7.25e-05 4.36e+08 
L  28-1P9  1  9 28  8  933.62121 3.33e-04 1.80e+08 
L  28-1R9  1  9 28 10  931.53827 2.75e-03 1.45e+08 
L  29-1P9  1  9 29  8  929.25472 1.42e-03 1.51e+08 
L  29-1R9  1  9 29 10  927.71332 4.14e-03 1.81e+08 
L  30-1P9  1  9 30  8  925.46645 3.24e-04 1.33e+08 
L  30-1R9  1  9 30 10  923.68411 1.91e-03 1.18e+08 
L  31-1P9  1  9 31  8  921.81684 1.14e-03 1.23e+08 
L  31-1R9  1  9 31 10  920.48382 2.71e-03 1.15e+08 
L  32-1P9  1  9 32  8  918.81515 2.56e-04 9.86e+07 
L  32-1R9  1  9 32 10  917.42766 1.14e-03 8.47e+07 
L  33-1P9  1  9 33  8  916.17024 8.44e-04 8.36e+07 
L  33-1R9  1  9 33 10  915.23279 1.27e-03 6.03e+07 
L  34-1P9  1  9 34  8  914.43436 1.79e-04 4.39e+07 
L  34-1R9  1  9 34 10  913.75004 6.39e-05 3.94e+07 
L  35-1P9  1  9 35  8  913.64735 2.36e-05 1.03e+07 
W  0-1Q9   1  9  0  9 1077.83685 6.71e-02 1.16e+09 
W  1-1Q9   1  9  1  9 1053.17602 2.89e-02 1.13e+09 
W  2-1Q9   1  9  2  9 1031.01170 2.79e-03 1.12e+09 
W  3-1Q9   1  9  3  9 1011.08309 1.12e-03 1.10e+09 
W  4-1Q9   1  9  4  9  993.17796 6.89e-03 1.09e+09 
W  5-1Q9   1  9  5  9  977.13351 1.10e-02 1.07e+09 
W  6-1Q9   1  9  6  9  962.82161 1.20e-02 1.06e+09 
W  7-1Q9   1  9  7  9  950.15596 1.10e-02 1.02e+09 
W  8-1Q9   1  9  8  9  939.08600 9.03e-03 9.40e+08 
W  9-1Q9   1  9  9  9  929.60968 7.02e-03 6.15e+08 
W  10-1Q9  1  9 10  9  921.78634 5.11e-03 2.42e+08 
W  11-1Q9  1  9 11  9  915.77272 3.34e-03 1.90e+08 
W  0-1P9   1  9  0  8 1083.27058 3.90e-02 1.16e+09 
W  0-1R9   1  9  0 10 1070.89576 1.11e-02 9.38e+08 
W  1-1P9   1  9  1  8 1058.06659 1.56e-02 1.13e+09 
W  1-1R9   1  9  1 10 1046.98437 1.23e-02 1.11e+09 
W  2-1P9   1  9  2  8 1035.62327 2.36e-03 9.70e+08 
W  2-1R9   1  9  2 10 1025.40797 1.90e-03 1.09e+09 
W  3-1P9   1  9  3  8 1014.79016 2.71e-03 1.01e+09 
W  3-1R9   1  9  3 10 1006.10849 5.28e-04 1.01e+09 
W  4-1P9   1  9  4  8  996.65632 5.70e-03 1.05e+09 
W  4-1R9   1  9  4 10  988.04046 4.17e-04 7.80e+08 
W  5-1P9   1  9  5  8  980.38283 6.29e-03 1.01e+09 
W  5-1R9   1  9  5 10  972.77883 1.16e-03 9.88e+08 
W  6-1P9   1  9  6  8  965.99355 3.05e-03 8.18e+08 
W  6-1R9   1  9  6 10  959.01974 3.15e-03 9.72e+08 
W  7-1P9   1  9  7  8  952.44082 8.53e-03 8.24e+08 
W  7-1R9   1  9  7 10  946.90711 4.74e-03 8.46e+08 
W  8-1P9   1  9  8  8  941.25540 6.39e-03 8.78e+08 
W  8-1R9   1  9  8 10  936.49076 5.33e-03 5.33e+08 
W  9-1P9   1  9  9  8  931.55971 4.48e-03 6.85e+08 
W  9-1R9   1  9  9 10  926.74343 1.94e-04 2.87e+08 
W  10-1P9  1  9 10  8  923.46506 3.02e-03 3.87e+08 
W  10-1R9  1  9 10 10  919.49880 4.88e-04 2.01e+08 
W  11-1P9  1  9 11  8  917.13090 1.84e-03 2.52e+08 
W  11-1R9  1  9 11 10  914.18299 9.72e-04 1.18e+08 
L  0-1P10  1 10  0  9 1220.18434 5.25e-03 1.76e+09 
L  0-1R10  1 10  0 11 1209.94551 3.99e-03 1.71e+09 
L  1-1P10  1 10  1  9 1201.91845 1.36e-02 1.65e+09 
L  1-1R10  1 10  1 11 1192.35273 1.22e-02 1.61e+09 
L  2-1P10  1 10  2  9 1184.57896 1.94e-02 1.55e+09 
L  2-1R10  1 10  2 11 1175.61598 2.06e-02 1.51e+09 
L  3-1P10  1 10  3  9 1168.12291 1.96e-02 1.46e+09 
L  3-1R10  1 10  3 11 1159.70615 2.50e-02 1.42e+09 
L  4-1P10  1 10  4  9 1152.50632 1.56e-02 1.36e+09 
L  4-1R10  1 10  4 11 1144.58789 2.43e-02 1.31e+09 
L  5-1P10  1 10  5  9 1137.68529 9.85e-03 1.22e+09 
L  5-1R10  1 10  5 11 1130.22408 1.99e-02 1.16e+09 
L  6-1P10  1 10  6  9 1123.61697 4.74e-03 1.03e+09 
L  6-1R10  1 10  6 11 1116.57700 1.39e-02 8.87e+08 
L  7-1P10  1 10  7  9 1110.26102 1.41e-03 6.99e+08 
L  7-1R10  1 10  7 11 1103.61012 8.28e-03 6.50e+08 
L  8-1P10  1 10  8  9 1097.58267 2.57e-05 6.27e+08 
L  8-1R10  1 10  8 11 1091.28715 4.09e-03 6.18e+08 
L  9-1P10  1 10  9  9 1085.48392 8.60e-05 6.15e+08 
L  9-1R10  1 10  9 11 1079.59171 2.16e-03 5.67e+08 
L  10-1P10  1 10 10  9 1074.06759 7.96e-04 5.02e+08 
L  10-1R10  1 10 10 11 1068.41134 1.17e-05 4.84e+08 
L  11-1P10  1 10 11  9 1062.85501 1.07e-03 6.58e+08 
L  11-1R10  1 10 11 11 1057.84609 6.84e-05 4.62e+08 
L  12-1P10  1 10 12  9 1052.79437 1.92e-03 4.45e+08 
L  12-1R10  1 10 12 11 1047.67541 2.11e-03 4.29e+08 
L  13-1P10  1 10 13  9 1043.08668 3.28e-03 4.48e+08 
L  13-1R10  1 10 13 11 1038.14013 2.41e-03 3.87e+08 
L  14-1P10  1 10 14  9 1033.51898 2.74e-03 3.80e+08 
L  14-1R10  1 10 14 11 1028.75356 5.56e-03 4.65e+08 
L  15-1P10  1 10 15  9 1024.68560 2.49e-03 3.56e+08 
L  15-1R10  1 10 15 11 1020.26543 5.21e-03 3.35e+08 
L  16-1P10  1 10 16  9 1016.02774 3.50e-03 3.33e+08 
L  16-1R10  1 10 16 11 1012.23273 5.00e-03 4.36e+08 
L  17-1P10  1 10 17  9 1008.03291 2.37e-03 3.09e+08 
L  17-1R10  1 10 17 11 1004.03612 6.49e-03 2.99e+08 
L  18-1P10  1 10 18  9 1000.10891 4.91e-03 3.40e+08 
L  18-1R10  1 10 18 11  996.64221 7.39e-03 3.01e+08 
L  19-1P10  1 10 19  9  992.93024 2.34e-03 2.75e+08 
L  19-1R10  1 10 19 11  989.28985 6.04e-03 2.75e+08 
L  20-1P10  1 10 20  9  985.39633 9.09e-03 5.94e+08 
L  20-1R10  1 10 20 11  982.58554 7.17e-03 2.54e+08 
L  21-1P10  1 10 21  9  979.23330 2.32e-03 2.43e+08 
L  21-1R10  1 10 21 11  975.86672 4.13e-03 2.86e+08 
L  22-1P10  1 10 22  9  973.11564 8.85e-05 3.21e+08 
L  22-1R10  1 10 22 11  969.85958 6.07e-03 2.20e+08 
L  23-1P10  1 10 23  9  966.82429 2.31e-03 2.15e+08 
L  23-1R10  1 10 23 11  963.52657 7.76e-04 4.93e+08 
L  24-1P10  1 10 24  9  961.23798 4.94e-04 2.22e+08 
L  24-1R10  1 10 24 11  958.36195 4.74e-03 1.96e+08 
L  25-1P10  1 10 25  9  955.61996 2.37e-03 2.07e+08 
L  25-1R10  1 10 25 11  953.34056 6.49e-03 3.24e+08 
L  26-1P10  1 10 26  9  950.61091 6.40e-04 1.87e+08 
L  26-1R10  1 10 26 11  948.03795 3.47e-03 1.82e+08 
L  27-1P10  1 10 27  9  945.57989 2.47e-03 2.14e+08 
L  27-1R10  1 10 27 11  943.49316 4.65e-03 2.13e+08 
L  28-1P10  1 10 28  9  941.17904 6.30e-04 1.63e+08 
L  28-1R10  1 10 28 11  938.89564 2.37e-03 1.51e+08 
L  29-1P10  1 10 29  9  936.73735 2.55e-03 1.74e+08 
L  29-1R10  1 10 29 11  934.94634 3.27e-03 1.33e+08 
L  30-1P10  1 10 30  9  933.02286 5.37e-04 1.18e+08 
L  30-1R10  1 10 30 11  931.06307 1.49e-03 1.29e+08 
L  31-1P10  1 10 31  9  929.28935 2.35e-03 1.48e+08 
L  31-1R10  1 10 31 11  927.86577 2.15e-03 1.01e+08 
L  32-1P10  1 10 32  9  926.44053 4.06e-04 9.13e+07 
L  32-1R10  1 10 32 11  924.92042 6.45e-04 9.30e+07 
L  33-1P10  1 10 33  9  924.18358 2.95e-04 1.17e+08 
L  33-1R10  1 10 33 11  922.89993 9.38e-04 5.28e+07 
L  34-1P10  1 10 34  9  922.31685 2.49e-04 3.63e+07 
L  34-1R10  1 10 34 11  921.78379 3.91e-04 1.76e+07 
L  35-1P10  1 10 35  9  921.75150 2.55e-05 5.98e+06 
W  0-1Q10  1 10  0 10 1082.92862 6.75e-02 1.15e+09 
W  1-1Q10  1 10  1 10 1058.35998 2.92e-02 1.13e+09 
W  2-1Q10  1 10  2 10 1036.28339 2.87e-03 1.11e+09 
W  3-1Q10  1 10  3 10 1016.44155 1.07e-03 1.10e+09 
W  4-1Q10  1 10  4 10  998.62659 6.76e-03 1.08e+09 
W  5-1Q10  1 10  5 10  982.67978 1.09e-02 1.07e+09 
W  6-1Q10  1 10  6 10  968.47807 1.19e-02 1.05e+09 
W  7-1Q10  1 10  7 10  955.94024 1.09e-02 1.02e+09 
W  8-1Q10  1 10  8 10  945.02425 9.02e-03 8.61e+08 
W  9-1Q10  1 10  9 10  935.74046 6.94e-03 6.95e+08 
W  10-1Q10  1 10 10 10  928.16788 5.00e-03 2.73e+08 
W  11-1Q10  1 10 11 10  922.50761 3.15e-03 2.06e+08 
W  0-1P10  1 10  0  9 1088.89440 4.05e-02 1.15e+09 
W  0-1R10  1 10  0 11 1075.65952 2.24e-02 1.14e+09 
W  1-1P10  1 10  1  9 1063.95418 1.57e-02 9.44e+08 
W  1-1R10  1 10  1 11 1051.73373 1.14e-02 1.11e+09 
W  2-1P10  1 10  2  9 1040.88210 2.70e-04 1.06e+09 
W  2-1R10  1 10  2 11 1030.39957 5.06e-04 9.98e+08 
W  3-1P10  1 10  3  9 1020.67500 1.54e-03 1.07e+09 
W  3-1R10  1 10  3 11 1010.62347 7.26e-04 9.57e+08 
W  4-1P10  1 10  4  9 1002.56707 4.01e-03 1.01e+09 
W  4-1R10  1 10  4 11  993.50723 6.22e-04 1.02e+09 
W  5-1P10  1 10  5  9  986.62901 1.48e-03 7.11e+08 
W  5-1R10  1 10  5 11  978.17783 3.24e-03 9.80e+08 
W  6-1P10  1 10  6  9  971.38041 9.87e-03 9.31e+08 
W  6-1R10  1 10  6 11  964.73870 6.69e-03 7.23e+08 
W  7-1P10  1 10  7  9  958.66514 7.59e-03 9.41e+08 
W  7-1R10  1 10  7 11  951.98511 3.85e-04 8.07e+08 
W  8-1P10  1 10  8  9  947.52350 5.24e-03 8.45e+08 
W  8-1R10  1 10  8 11  941.67713 1.29e-03 7.46e+08 
W  9-1P10  1 10  9  9  937.99277 3.15e-03 5.10e+08 
W  9-1R10  1 10  9 11  932.93529 1.56e-03 3.62e+08 
W  10-1P10  1 10 10  9  930.12821 1.65e-03 2.04e+08 
W  10-1R10  1 10 10 11  925.93964 1.58e-03 2.13e+08 
W  11-1P10  1 10 11  9  923.68147 2.14e-03 1.33e+08 
L  0-1P11  1 11  0 10 1230.81952 5.04e-03 1.74e+09 
L  0-1R11  1 11  0 12 1219.74543 3.69e-03 1.69e+09 
L  1-1P11  1 11  1 10 1212.42601 1.33e-02 1.63e+09 
L  1-1R11  1 11  1 12 1202.05903 1.16e-02 1.58e+09 
L  2-1P11  1 11  2 10 1194.95200 1.93e-02 1.53e+09 
L  2-1R11  1 11  2 12 1185.22438 2.00e-02 1.49e+09 
L  3-1P11  1 11  3 10 1178.36026 2.00e-02 1.44e+09 
L  3-1R11  1 11  3 12 1169.21540 2.47e-02 1.39e+09 
L  4-1P11  1 11  4 10 1162.60914 1.60e-02 1.33e+09 
L  4-1R11  1 11  4 12 1153.99870 2.47e-02 1.26e+09 
L  5-1P11  1 11  5 10 1147.65724 1.02e-02 1.18e+09 
L  5-1R11  1 11  5 12 1139.53842 2.06e-02 8.98e+08 
L  6-1P11  1 11  6 10 1133.46223 5.03e-03 8.67e+08 
L  6-1R11  1 11  6 12 1125.79739 1.47e-02 6.82e+08 
L  7-1P11  1 11  7 10 1119.98412 1.58e-03 6.51e+08 
L  7-1R11  1 11  7 12 1112.73843 9.00e-03 6.28e+08 
L  8-1P11  1 11  8 10 1107.18577 7.72e-05 6.20e+08 
L  8-1R11  1 11  8 12 1100.32814 4.56e-03 5.75e+08 
L  9-1P11  1 11  9 10 1095.27850 1.74e-02 7.74e+08 
L  9-1R11  1 11  9 12 1088.53395 1.93e-03 5.16e+08 
L  10-1P11  1 11 10 10 1083.44850 6.07e-04 4.93e+08 
L  10-1R11  1 11 10 12 1077.27069 4.48e-07 4.80e+08 
L  11-1P11  1 11 11 10 1072.53236 3.43e-03 4.80e+08 
L  11-1R11  1 11 11 12 1066.63049 7.62e-05 4.34e+08 
L  12-1P11  1 11 12 10 1061.96818 1.65e-03 4.27e+08 
L  12-1R11  1 11 12 12 1056.12926 7.63e-03 6.44e+08 
L  13-1P11  1 11 13 10 1052.08914 2.89e-03 3.99e+08 
L  13-1R11  1 11 13 12 1046.78085 2.39e-03 3.75e+08 
L  14-1P11  1 11 14 10 1042.49328 2.56e-03 3.77e+08 
L  14-1R11  1 11 14 12 1037.69984 2.21e-03 3.85e+08 
L  15-1P11  1 11 15 10 1033.57165 2.73e-03 3.42e+08 
L  15-1R11  1 11 15 12 1028.76869 5.17e-03 3.28e+08 
L  16-1P11  1 11 16 10 1024.75942 4.11e-03 3.87e+08 
L  16-1R11  1 11 16 12 1020.50938 5.65e-03 3.13e+08 
L  17-1P11  1 11 17 10 1016.77806 2.69e-03 3.01e+08 
L  17-1R11  1 11 17 12 1012.40008 6.26e-03 3.02e+08 
L  18-1P11  1 11 18 10 1009.46495 3.10e-05 5.63e+08 
L  18-1R11  1 11 18 12 1004.93443 6.99e-03 2.71e+08 
L  19-1P11  1 11 19 10 1001.53856 2.75e-03 2.69e+08 
L  19-1R11  1 11 19 12  997.44773 4.47e-03 3.56e+08 
L  20-1P11  1 11 20 10  994.65789 5.35e-04 2.99e+08 
L  20-1R11  1 11 20 12  990.80650 6.75e-03 2.40e+08 
L  21-1P11  1 11 21 10  987.71110 2.91e-03 2.44e+08 
L  21-1R11  1 11 21 12  984.65339 7.92e-03 4.66e+08 
L  22-1P11  1 11 22 10  981.45174 9.07e-04 2.36e+08 
L  22-1R11  1 11 22 12  978.00200 5.67e-03 2.14e+08 
L  23-1P11  1 11 23 10  975.17136 3.36e-03 2.38e+08 
L  23-1R11  1 11 23 12  972.25968 6.96e-03 2.46e+08 
L  24-1P11  1 11 24 10  969.55049 1.02e-03 1.99e+08 
L  24-1R11  1 11 24 12  966.42934 4.25e-03 2.04e+08 
L  25-1P11  1 11 25 10  963.80544 4.42e-03 3.06e+08 
L  25-1R11  1 11 25 12  961.25027 5.35e-03 1.98e+08 
L  26-1P11  1 11 26 10  958.86581 1.02e-03 1.80e+08 
L  26-1R11  1 11 26 12  956.03501 2.73e-03 1.83e+08 
L  27-1P11  1 11 27 10  953.51264 5.85e-03 4.36e+08 
L  27-1R11  1 11 27 12  951.46682 3.98e-03 1.42e+08 
L  28-1P11  1 11 28 10  949.39281 9.34e-04 1.45e+08 
L  28-1R11  1 11 28 12  946.82462 1.27e-03 1.68e+08 
L  29-1P11  1 11 29 10  945.42014 1.68e-04 1.81e+08 
L  29-1R11  1 11 29 12  942.95695 2.84e-03 1.19e+08 
L  30-1P11  1 11 30 10  941.23600 7.97e-04 1.18e+08 
L  30-1R11  1 11 30 12  938.93205 2.01e-04 1.59e+08 
L  31-1P11  1 11 31 10  937.91315 8.25e-07 1.15e+08 
L  31-1R11  1 11 31 12  935.97833 1.84e-03 9.13e+07 
L  32-1P11  1 11 32 10  934.74035 6.21e-04 8.47e+07 
L  32-1R11  1 11 32 12  933.42025 2.27e-03 8.31e+07 
L  33-1P11  1 11 33 10  932.46197 6.33e-05 6.03e+07 
L  33-1R11  1 11 33 12  931.31652 6.12e-04 4.71e+07 
L  34-1P11  1 11 34 10  930.92291 6.41e-04 3.94e+07 
W  0-1Q11  1 11  0 11 1088.40280 6.78e-02 1.14e+09 
W  1-1Q11  1 11  1 11 1063.94105 2.94e-02 1.12e+09 
W  2-1Q11  1 11  2 11 1041.96612 2.96e-03 1.11e+09 
W  3-1Q11  1 11  3 11 1022.22512 1.01e-03 1.09e+09 
W  4-1Q11  1 11  4 11 1004.51499 6.63e-03 1.08e+09 
W  5-1Q11  1 11  5 11  988.68187 1.07e-02 1.07e+09 
W  6-1Q11  1 11  6 11  974.60852 1.18e-02 1.03e+09 
W  7-1Q11  1 11  7 11  962.21979 1.08e-02 1.01e+09 
W  8-1Q11  1 11  8 11  951.48375 8.93e-03 5.80e+08 
W  9-1Q11  1 11  9 11  942.42677 6.84e-03 2.47e+08 
W  10-1Q11  1 11 10 11  935.15408 4.84e-03 2.04e+08 
W  0-1P11  1 11  0 10 1094.55979 2.44e-02 9.38e+08 
W  0-1R11  1 11  0 12 1080.63551 2.25e-02 1.13e+09 
W  1-1P11  1 11  1 10 1069.59227 1.41e-02 1.11e+09 
W  1-1R11  1 11  1 12 1057.12503 5.19e-03 8.75e+08 
W  2-1P11  1 11  2 10 1047.08402 8.64e-04 1.09e+09 
W  2-1R11  1 11  2 12 1035.31801 3.34e-03 1.06e+09 
W  3-1P11  1 11  3 10 1026.96797 5.98e-04 1.01e+09 
W  3-1R11  1 11  3 12 1016.25624 6.50e-07 1.05e+09 
W  4-1P11  1 11  4 10 1008.14999 8.47e-03 7.80e+08 
W  4-1R11  1 11  4 12  999.26624 2.59e-03 9.49e+08 
W  5-1P11  1 11  5 10  992.26578 9.49e-03 9.88e+08 
W  5-1R11  1 11  5 12  983.35098 3.64e-05 7.85e+08 
W  6-1P11  1 11  6 10  977.95398 8.09e-03 9.72e+08 
W  6-1R11  1 11  6 12  970.06298 1.21e-03 9.40e+08 
W  7-1P11  1 11  7 10  965.36148 5.08e-03 8.46e+08 
W  7-1R11  1 11  7 12  958.28867 2.48e-03 8.00e+08 
W  8-1P11  1 11  8 10  954.53748 1.55e-03 5.33e+08 
W  8-1R11  1 11  8 12  948.16199 3.22e-03 2.92e+08 
W  9-1P11  1 11  9 10  944.41290 5.27e-03 2.87e+08 
W  9-1R11  1 11  9 12  939.77102 3.35e-03 1.74e+08 
W  10-1P11  1 11 10 10  936.89049 3.74e-03 2.01e+08 
W  10-1R11  1 11 10 12  932.67774 2.66e-04 1.52e+08 
W  11-1P11  1 11 11 10  931.37230 1.60e-03 1.18e+08 
L  0-1P12  1 12  0 11 1242.22522 4.83e-03 1.71e+09 
L  0-1R12  1 12  0 13 1230.34342 3.38e-03 1.66e+09 
L  1-1P12  1 12  1 11 1223.68840 1.31e-02 1.61e+09 
L  1-1R12  1 12  1 13 1212.54332 1.10e-02 1.56e+09 
L  2-1P12  1 12  2 11 1206.06690 1.92e-02 1.51e+09 
L  2-1R12  1 12  2 13 1195.59433 1.93e-02 1.47e+09 
L  3-1P12  1 12  3 11 1189.32806 2.01e-02 1.42e+09 
L  3-1R12  1 12  3 13 1179.47241 2.46e-02 1.37e+09 
L  4-1P12  1 12  4 11 1173.43292 1.64e-02 1.31e+09 
L  4-1R12  1 12  4 13 1164.14530 2.50e-02 1.25e+09 
L  5-1P12  1 12  5 11 1158.34078 1.07e-02 1.16e+09 
L  5-1R12  1 12  5 13 1149.57764 2.13e-02 9.39e+08 
L  6-1P12  1 12  6 11 1144.01057 5.38e-03 8.87e+08 
L  6-1R12  1 12  6 13 1135.73305 1.56e-02 6.65e+08 
L  7-1P12  1 12  7 11 1130.40256 1.78e-03 6.50e+08 
L  7-1R12  1 12  7 13 1122.57434 9.75e-03 6.19e+08 
L  8-1P12  1 12  8 11 1117.47750 1.45e-04 6.18e+08 
L  8-1R12  1 12  8 13 1110.06691 5.09e-03 5.75e+08 
L  9-1P12  1 12  9 11 1105.21711 6.52e-04 5.67e+08 
L  9-1R12  1 12  9 13 1098.17751 2.11e-03 5.04e+08 
L  10-1P12  1 12 10 11 1093.50256 3.83e-04 4.84e+08 
L  10-1R12  1 12 10 13 1086.95345 3.56e-03 5.18e+08 
L  11-1P12  1 12 11 11 1082.43781 2.12e-03 4.62e+08 
L  11-1R12  1 12 11 13 1076.09776 6.19e-05 4.28e+08 
L  12-1P12  1 12 12 11 1071.79114 1.08e-03 4.29e+08 
L  12-1R12  1 12 12 13 1065.90876 1.93e-04 4.05e+08 
L  13-1P12  1 12 13 11 1061.81392 2.66e-03 3.87e+08 
L  13-1R12  1 12 13 13 1056.08375 2.46e-03 3.73e+08 
L  14-1P12  1 12 14 11 1051.99639 1.62e-03 4.65e+08 
L  14-1R12  1 12 14 13 1046.86216 2.87e-03 3.46e+08 
L  15-1P12  1 12 15 11 1043.12204 2.82e-03 3.35e+08 
L  15-1R12  1 12 15 13 1037.89823 5.48e-03 3.42e+08 
L  16-1P12  1 12 16 11 1034.72688 1.14e-03 4.36e+08 
L  16-1R12  1 12 16 13 1029.58343 5.60e-03 2.99e+08 
L  17-1P12  1 12 17 11 1026.16347 2.99e-03 2.99e+08 
L  17-1R12  1 12 17 13 1021.15673 4.51e-03 5.29e+08 
L  18-1P12  1 12 18 11 1018.44132 1.38e-03 3.01e+08 
L  18-1R12  1 12 18 13 1013.90099 6.76e-03 2.65e+08 
L  19-1P12  1 12 19 11 1010.76505 3.38e-03 2.75e+08 
L  19-1R12  1 12 19 13 1006.82669 7.35e-03 3.22e+08 
L  20-1P12  1 12 20 11 1003.76754 1.46e-03 2.54e+08 
L  20-1R12  1 12 20 13  999.66551 6.41e-03 2.40e+08 
L  21-1P12  1 12 21 11  996.75695 4.52e-03 2.86e+08 
L  21-1R12  1 12 21 13  993.20390 7.27e-03 2.38e+08 
L  22-1P12  1 12 22 11  990.49070 1.50e-03 2.20e+08 
L  22-1R12  1 12 22 13  986.75031 4.98e-03 2.33e+08 
L  23-1P12  1 12 23 11  983.88630 7.85e-03 4.93e+08 
L  23-1R12  1 12 23 13  980.93494 6.15e-03 2.02e+08 
L  24-1P12  1 12 24 11  978.50173 1.51e-03 1.96e+08 
L  24-1R12  1 12 24 13  975.02512 2.59e-03 2.96e+08 
L  25-1P12  1 12 25 11  973.26765 6.64e-05 3.24e+08 
L  25-1R12  1 12 25 13  969.90896 4.83e-03 1.80e+08 
L  26-1P12  1 12 26 11  967.74169 1.49e-03 1.82e+08 
L  26-1R12  1 12 26 13  965.34172 5.85e-03 5.08e+08 
L  27-1P12  1 12 27 11  963.00649 7.62e-05 2.13e+08 
L  27-1R12  1 12 27 13  960.10698 3.58e-03 1.41e+08 
L  28-1P12  1 12 28 11  958.21732 1.44e-03 1.51e+08 
L  28-1R12  1 12 28 13  955.90725 4.68e-03 1.50e+08 
L  29-1P12  1 12 29 11  954.10416 1.82e-04 1.33e+08 
L  29-1R12  1 12 29 13  951.61549 2.48e-03 1.23e+08 
L  30-1P12  1 12 30 11  950.06045 1.33e-03 1.29e+08 
L  30-1R12  1 12 30 13  948.08334 3.13e-03 1.07e+08 
L  31-1P12  1 12 31 11  946.73158 2.13e-04 1.01e+08 
L  31-1R12  1 12 31 13  944.74597 1.43e-03 9.18e+07 
L  32-1P12  1 12 32 11  943.66544 1.27e-03 9.30e+07 
L  32-1R12  1 12 32 13  942.25521 1.58e-03 6.47e+07 
L  33-1P12  1 12 33 11  941.56231 2.19e-04 5.28e+07 
L  33-1R12  1 12 33 13  940.66864 1.48e-03 6.83e+07 
L  34-1P12  1 12 34 11  940.40061 1.10e-05 1.76e+07 
W  0-1Q12  1 12  0 12 1094.22826 6.82e-02 1.14e+09 
W  1-1Q12  1 12  1 12 1069.88900 2.97e-02 1.12e+09 
W  2-1Q12  1 12  2 12 1048.03127 3.06e-03 1.10e+09 
W  3-1Q12  1 12  3 12 1028.40644 9.43e-04 1.09e+09 
W  4-1Q12  1 12  4 12 1010.81787 6.46e-03 1.07e+09 
W  5-1Q12  1 12  5 12  995.11597 1.06e-02 1.06e+09 
W  6-1Q12  1 12  6 12  981.19125 1.16e-02 1.03e+09 
W  7-1Q12  1 12  7 12  968.97563 1.07e-02 9.71e+08 
W  8-1Q12  1 12  8 12  958.44986 8.81e-03 6.74e+08 
W  9-1Q12  1 12  9 12  949.65995 6.71e-03 2.37e+08 
W  10-1Q12  1 12 10 12  942.74804 4.64e-03 1.98e+08 
W  0-1P12  1 12  0 11 1101.09639 4.26e-02 1.14e+09 
W  0-1R12  1 12  0 13 1085.84766 1.88e-02 1.08e+09 
W  1-1P12  1 12  1 11 1076.03882 1.64e-02 1.11e+09 
W  1-1R12  1 12  1 13 1062.25855 1.20e-02 1.10e+09 
W  2-1P12  1 12  2 11 1053.71768 2.02e-03 9.98e+08 
W  2-1R12  1 12  2 13 1041.12073 1.81e-03 1.07e+09 
W  3-1P12  1 12  3 11 1033.04537 3.31e-03 9.57e+08 
W  3-1R12  1 12  3 13 1022.42349 1.54e-03 8.22e+08 
W  4-1P12  1 12  4 11 1015.16793 6.48e-03 1.02e+09 
W  4-1R12  1 12  4 13 1004.85960 9.30e-06 9.73e+08 
W  5-1P12  1 12  5 11  999.16819 6.95e-03 9.80e+08 
W  5-1R12  1 12  5 13  989.86997 1.54e-03 9.87e+08 
W  6-1P12  1 12  6 11  985.15024 3.00e-03 7.23e+08 
W  6-1R12  1 12  6 13  976.64920 3.91e-03 8.73e+08 
W  7-1P12  1 12  7 11  971.85498 8.96e-03 8.07e+08 
W  7-1R12  1 12  7 13  964.29216 1.05e-04 5.17e+08 
W  8-1P12  1 12  8 11  961.11465 6.83e-03 7.46e+08 
W  8-1R12  1 12  8 13  954.62724 3.97e-04 3.31e+08 
W  9-1P12  1 12  9 11  952.00994 4.71e-03 3.62e+08 
W  9-1R12  1 12  9 13  946.55128 9.27e-04 2.10e+08 
W  10-1P12  1 12 10 11  944.72642 2.77e-03 2.13e+08 
L  0-1P13  1 13  0 12 1254.38439 4.63e-03 1.69e+09 
L  0-1R13  1 13  0 14 1241.72067 3.10e-03 1.63e+09 
L  1-1P13  1 13  1 12 1235.68688 1.28e-02 1.58e+09 
L  1-1R13  1 13  1 14 1223.78619 1.03e-02 1.53e+09 
L  2-1P13  1 13  2 12 1217.90412 1.92e-02 1.49e+09 
L  2-1R13  1 13  2 14 1206.70610 1.87e-02 1.44e+09 
L  3-1P13  1 13  3 12 1201.00644 2.04e-02 1.39e+09 
L  3-1R13  1 13  3 14 1190.45720 2.42e-02 1.34e+09 
L  4-1P13  1 13  4 12 1184.95669 1.69e-02 1.26e+09 
L  4-1R13  1 13  4 14 1175.00736 2.51e-02 1.14e+09 
L  5-1P13  1 13  5 12 1169.71528 1.12e-02 8.98e+08 
L  5-1R13  1 13  5 14 1160.32151 2.19e-02 7.91e+08 
L  6-1P13  1 13  6 12 1155.24146 5.78e-03 6.82e+08 
L  6-1R13  1 13  6 14 1146.36252 1.64e-02 6.44e+08 
L  7-1P13  1 13  7 12 1141.49465 2.03e-03 6.28e+08 
L  7-1R13  1 13  7 14 1133.09517 1.05e-02 6.11e+08 
L  8-1P13  1 13  8 12 1128.43841 2.32e-04 5.75e+08 
L  8-1R13  1 13  8 14 1120.48283 5.68e-03 5.39e+08 
L  9-1P13  1 13  9 12 1116.03730 2.18e-04 5.16e+08 
L  9-1R13  1 13  9 14 1108.49334 2.39e-03 4.88e+08 
L  10-1P13  1 13 10 12 1104.20078 4.82e-05 4.80e+08 
L  10-1R13  1 13 10 14 1097.09944 8.47e-04 4.58e+08 
L  11-1P13  1 13 11 12 1093.02471 1.64e-03 4.34e+08 
L  11-1R13  1 13 11 14 1086.22167 6.82e-05 4.16e+08 
L  12-1P13  1 13 12 12 1082.00002 1.18e-03 6.44e+08 
L  12-1R13  1 13 12 14 1075.92316 3.50e-04 3.82e+08 
L  13-1P13  1 13 13 12 1072.19013 2.43e-03 3.75e+08 
L  13-1R13  1 13 13 14 1065.99307 3.60e-03 3.86e+08 
L  14-1P13  1 13 14 12 1062.66493 3.56e-03 3.85e+08 
L  14-1R13  1 13 14 14 1056.72567 2.95e-03 3.33e+08 
L  15-1P13  1 13 15 12 1053.30081 2.82e-03 3.28e+08 
L  15-1R13  1 13 15 14 1048.08356 1.07e-03 4.78e+08 
L  16-1P13  1 13 16 12 1044.64456 2.44e-03 3.13e+08 
L  16-1R13  1 13 16 14 1039.30614 5.55e-03 2.94e+08 
L  17-1P13  1 13 17 12 1036.14874 3.41e-03 3.02e+08 
L  17-1R13  1 13 17 14 1031.33144 5.72e-03 2.93e+08 
L  18-1P13  1 13 18 12 1028.33008 2.14e-03 2.71e+08 
L  18-1R13  1 13 18 14 1023.48656 6.58e-03 2.63e+08 
L  19-1P13  1 13 19 12 1020.49209 5.48e-03 3.56e+08 
L  19-1R13  1 13 19 14 1016.25665 7.03e-03 2.45e+08 
L  20-1P13  1 13 20 12 1013.54152 2.05e-03 2.40e+08 
L  20-1R13  1 13 20 14 1009.09151 5.56e-03 2.72e+08 
L  21-1P13  1 13 21 12 1007.10371 2.53e-04 4.66e+08 
L  21-1R13  1 13 21 14 1002.60839 6.77e-03 2.14e+08 
L  22-1P13  1 13 22 12 1000.14662 2.08e-03 2.14e+08 
L  22-1R13  1 13 22 14  995.77949 1.18e-03 5.67e+08 
L  23-1P13  1 13 23 12  994.14212 1.88e-04 2.46e+08 
L  23-1R13  1 13 23 14  990.27412 5.72e-03 1.96e+08 
L  24-1P13  1 13 24 12  988.04720 2.24e-03 2.04e+08 
L  24-1R13  1 13 24 14  984.79438 6.82e-03 2.67e+08 
L  25-1P13  1 13 25 12  982.63449 4.52e-04 1.98e+08 
L  25-1R13  1 13 25 14  979.18795 4.38e-03 1.77e+08 
L  26-1P13  1 13 26 12  977.18526 2.56e-03 1.83e+08 
L  26-1R13  1 13 26 14  974.26062 5.24e-03 1.73e+08 
L  27-1P13  1 13 27 12  972.41322 5.45e-04 1.42e+08 
L  27-1R13  1 13 27 14  969.34317 2.98e-03 1.49e+08 
L  28-1P13  1 13 28 12  967.56490 3.14e-03 1.68e+08 
L  28-1R13  1 13 28 14  965.06708 3.85e-03 1.22e+08 
L  29-1P13  1 13 29 12  963.52629 5.40e-04 1.19e+08 
L  29-1R13  1 13 29 14  960.84333 1.56e-03 1.35e+08 
L  30-1P13  1 13 30 12  959.32427 3.76e-03 1.59e+08 
L  30-1R13  1 13 30 14  957.38818 2.60e-03 9.79e+07 
L  31-1P13  1 13 31 12  956.24107 4.81e-04 9.13e+07 
L  31-1R13  1 13 31 14  953.95598 5.51e-05 1.47e+08 
L  32-1P13  1 13 32 12  953.57119 7.83e-05 8.31e+07 
L  32-1R13  1 13 32 14  951.86296 1.19e-03 5.81e+07 
L  33-1P13  1 13 33 12  951.37576 4.26e-04 4.71e+07 
W  0-1Q13  1 13  0 13 1100.38662 6.84e-02 1.13e+09 
W  1-1Q13  1 13  1 13 1076.18658 3.00e-02 1.11e+09 
W  2-1Q13  1 13  2 13 1054.46224 3.18e-03 1.10e+09 
W  3-1Q13  1 13  3 13 1034.97030 8.74e-04 1.08e+09 
W  4-1Q13  1 13  4 13 1017.52090 6.29e-03 1.07e+09 
W  5-1Q13  1 13  5 13 1001.96977 1.04e-02 1.05e+09 
W  6-1Q13  1 13  6 13  988.21602 1.14e-02 1.03e+09 
W  7-1Q13  1 13  7 13  976.20071 1.05e-02 5.98e+08 
W  8-1Q13  1 13  8 13  965.92002 8.66e-03 2.74e+08 
W  9-1Q13  1 13  9 13  957.44529 6.53e-03 2.20e+08 
W  10-1Q13  1 13 10 13  950.97279 4.32e-03 1.40e+08 
W  0-1P13  1 13  0 12 1107.73621 4.45e-02 1.13e+09 
W  0-1R13  1 13  0 14 1091.62810 2.15e-02 1.12e+09 
W  1-1P13  1 13  1 12 1083.04520 1.71e-02 8.75e+08 
W  1-1R13  1 13  1 14 1068.23124 1.01e-02 1.08e+09 
W  2-1P13  1 13  2 12 1060.16725 2.96e-04 1.06e+09 
W  2-1R13  1 13  2 14 1046.84024 5.56e-03 9.20e+08 
W  3-1P13  1 13  3 12 1040.18830 1.59e-03 1.05e+09 
W  3-1R13  1 13  3 14 1028.20637 1.43e-04 1.04e+09 
W  4-1P13  1 13  4 12 1022.39568 3.57e-03 9.49e+08 
W  4-1R13  1 13  4 14 1011.50035 1.15e-03 9.94e+08 
W  5-1P13  1 13  5 12 1005.74127 1.05e-02 7.85e+08 
W  5-1R13  1 13  5 14  996.93194 6.05e-03 6.54e+08 
W  6-1P13  1 13  6 12  991.84554 9.89e-03 9.40e+08 
W  6-1R13  1 13  6 14  983.09712 4.30e-04 8.77e+08 
W  7-1P13  1 13  7 12  979.53986 7.49e-03 8.00e+08 
W  7-1R13  1 13  7 14  971.79917 1.58e-03 5.82e+08 
W  8-1P13  1 13  8 12  968.96155 4.64e-03 2.92e+08 
W  8-1R13  1 13  8 14  962.22164 2.33e-03 2.43e+08 
W  9-1P13  1 13  9 12  960.20009 1.88e-03 1.74e+08 
W  9-1R13  1 13  9 14  954.62860 2.92e-03 1.39e+08 
W  10-1P13  1 13 10 12  952.79628 3.43e-03 1.52e+08 
L  0-1P14  1 14  0 13 1267.25880 4.42e-03 1.66e+09 
L  0-1R14  1 14  0 15 1253.83737 2.85e-03 1.59e+09 
L  1-1P14  1 14  1 13 1248.38272 1.25e-02 1.56e+09 
L  1-1R14  1 14  1 15 1235.74812 9.74e-03 1.50e+09 
L  2-1P14  1 14  2 13 1230.42441 1.91e-02 1.47e+09 
L  2-1R14  1 14  2 15 1218.52059 1.81e-02 1.41e+09 
L  3-1P14  1 14  3 13 1213.35619 2.08e-02 1.37e+09 
L  3-1R14  1 14  3 15 1202.13070 2.39e-02 1.31e+09 
L  4-1P14  1 14  4 13 1197.14185 1.74e-02 1.25e+09 
L  4-1R14  1 14  4 15 1186.54632 2.53e-02 9.88e+08 
L  5-1P14  1 14  5 13 1181.74213 1.18e-02 9.39e+08 
L  5-1R14  1 14  5 15 1171.73183 2.24e-02 6.91e+08 
L  6-1P14  1 14  6 13 1167.11690 6.24e-03 6.65e+08 
L  6-1R14  1 14  6 15 1157.65100 1.72e-02 6.29e+08 
L  7-1P14  1 14  7 13 1153.22536 2.30e-03 6.19e+08 
L  7-1R14  1 14  7 15 1144.26531 1.14e-02 5.90e+08 
L  8-1P14  1 14  8 13 1140.02961 3.37e-04 5.75e+08 
L  8-1R14  1 14  8 15 1131.54147 6.30e-03 5.18e+08 
L  9-1P14  1 14  9 13 1127.49334 8.85e-05 5.04e+08 
L  9-1R14  1 14  9 15 1119.44450 2.77e-03 4.71e+08 
L  10-1P14  1 14 10 13 1115.66526 7.28e-03 5.18e+08 
L  10-1R14  1 14 10 15 1107.94215 8.54e-04 4.36e+08 
L  11-1P14  1 14 11 13 1104.23150 1.28e-03 4.28e+08 
L  11-1R14  1 14 11 15 1096.89390 2.18e-03 4.90e+08 
L  12-1P14  1 14 12 13 1093.50543 3.81e-03 4.05e+08 
L  12-1R14  1 14 12 15 1086.57598 3.46e-04 3.76e+08 
L  13-1P14  1 14 13 13 1083.16755 2.03e-03 3.73e+08 
L  13-1R14  1 14 13 15 1076.72738 2.99e-04 3.64e+08 
L  14-1P14  1 14 14 13 1073.46908 3.17e-03 3.46e+08 
L  14-1R14  1 14 14 15 1067.20602 3.01e-03 3.22e+08 
L  15-1P14  1 14 15 13 1064.04577 2.56e-03 3.42e+08 
L  15-1R14  1 14 15 15 1058.27363 3.30e-03 3.04e+08 
L  16-1P14  1 14 16 13 1055.30851 2.77e-03 2.99e+08 
L  16-1R14  1 14 16 15 1049.61730 5.77e-03 2.94e+08 
L  17-1P14  1 14 17 13 1046.45726 4.59e-03 5.29e+08 
L  17-1R14  1 14 17 15 1041.54385 5.84e-03 2.67e+08 
L  18-1P14  1 14 18 13 1038.83886 2.59e-03 2.65e+08 
L  18-1R14  1 14 18 15 1033.53810 5.91e-03 3.72e+08 
L  19-1P14  1 14 19 13 1031.41356 4.75e-04 3.22e+08 
L  19-1R14  1 14 19 15 1026.37138 6.82e-03 2.35e+08 
L  20-1P14  1 14 20 13 1023.89966 2.66e-03 2.40e+08 
L  20-1R14  1 14 20 15 1019.56213 6.90e-03 3.30e+08 
L  21-1P14  1 14 21 13 1017.12203 8.52e-04 2.38e+08 
L  21-1R14  1 14 21 15 1012.62111 6.44e-03 2.11e+08 
L  22-1P14  1 14 22 13 1010.35493 3.16e-03 2.33e+08 
L  22-1R14  1 14 22 15 1006.38329 7.03e-03 2.15e+08 
L  23-1P14  1 14 23 13 1004.25886 9.78e-04 2.02e+08 
L  23-1R14  1 14 23 15 1000.18483 5.13e-03 2.04e+08 
L  24-1P14  1 14 24 13  998.06555 4.74e-03 2.96e+08 
L  24-1R14  1 14 24 15  994.58825 5.94e-03 1.83e+08 
L  25-1P14  1 14 25 13  992.70540 1.02e-03 1.80e+08 
L  25-1R14  1 14 25 15  988.97276 2.98e-03 2.18e+08 
L  26-1P14  1 14 26 13  987.92147 1.62e-03 5.08e+08 
L  26-1R14  1 14 26 15  984.08130 4.67e-03 1.38e+08 
L  27-1P14  1 14 27 13  982.43968 1.02e-03 1.41e+08 
L  27-1R14  1 14 27 15  979.79448 5.12e-03 2.29e+08 
L  28-1P14  1 14 28 13  978.04274 4.69e-05 1.50e+08 
L  28-1R14  1 14 28 15  978.84405 2.46e-04 2.76e+08 
L  29-1P14  1 14 29 13  973.55039 9.87e-04 1.23e+08 
L  29-1R14  1 14 29 15  974.91334 3.41e-03 1.23e+08 
L  30-1P14  1 14 30 13  969.85384 3.15e-05 1.07e+08 
L  30-1R14  1 14 30 15  971.07347 4.13e-03 1.18e+08 
L  31-1P14  1 14 31 13  966.36172 9.49e-04 9.18e+07 
L  31-1R14  1 14 31 15  967.33859 2.17e-03 9.58e+07 
L  32-1P14  1 14 32 13  963.75584 1.45e-04 6.47e+07 
L  32-1R14  1 14 32 15  964.44273 2.28e-03 7.44e+07 
L  33-1P14  1 14 33 13  962.09611 4.94e-04 6.83e+07 
L  33-1R14  1 14 33 15  962.11184 2.89e-04 7.26e+07 
W  0-1Q14  1 14  0 14 1106.84410 6.89e-02 1.12e+09 
W  1-1Q14  1 14  1 14 1082.80127 3.02e-02 1.11e+09 
W  2-1Q14  1 14  2 14 1061.22831 3.31e-03 1.09e+09 
W  3-1Q14  1 14  3 14 1041.88753 7.99e-04 1.08e+09 
W  4-1Q14  1 14  4 14 1024.59699 6.08e-03 1.07e+09 
W  5-1Q14  1 14  5 14 1009.21871 1.01e-02 1.04e+09 
W  6-1Q14  1 14  6 14  995.66121 1.12e-02 1.02e+09 
W  7-1Q14  1 14  7 14  983.87730 1.03e-02 6.83e+08 
W  8-1Q14  1 14  8 14  973.88290 8.46e-03 2.48e+08 
W  9-1Q14  1 14  9 14  965.78252 6.26e-03 2.07e+08 
W  0-1P14  1 14  0 13 1114.50031 3.83e-02 1.08e+09 
W  0-1R14  1 14  0 15 1097.74798 1.93e-02 1.04e+09 
W  1-1P14  1 14  1 13 1089.66410 1.53e-02 1.10e+09 
W  1-1R14  1 14  1 15 1074.32134 1.27e-02 1.08e+09 
W  2-1P14  1 14  2 13 1067.43294 1.07e-03 1.07e+09 
W  2-1R14  1 14  2 15 1053.53240 2.51e-03 1.07e+09 
W  3-1P14  1 14  3 13 1047.78760 4.18e-05 8.22e+08 
W  3-1R14  1 14  3 15 1035.05461 4.09e-04 9.39e+08 
W  4-1P14  1 14  4 13 1029.34932 7.90e-03 9.73e+08 
W  4-1R14  1 14  4 15 1017.99240 8.60e-05 9.28e+08 
W  5-1P14  1 14  5 13 1013.62587 8.78e-03 9.87e+08 
W  5-1R14  1 14  5 15 1003.41945 9.54e-04 9.76e+08 
W  6-1P14  1 14  6 13  999.76735 6.52e-03 8.73e+08 
W  6-1R14  1 14  6 15  990.62267 2.96e-03 8.34e+08 
W  7-1P14  1 14  7 13  986.82227 7.79e-03 5.17e+08 
W  7-1R14  1 14  7 15  969.85986 3.84e-04 2.25e+08 
W  8-1P14  1 14  8 13  976.70281 7.16e-03 3.31e+08 
W  8-1R14  1 14  8 15  962.72539 1.60e-03 1.53e+08 
W  9-1P14  1 14  9 13  968.25067 4.95e-03 2.10e+08 
L  0-2R0   2  0  0  1 1217.20455 4.40e-02 1.86e+09 
L  1-2R0   2  0  1  1 1198.00680 6.52e-02 1.74e+09 
L  2-2R0   2  0  2  1 1179.91525 4.75e-02 1.63e+09 
L  3-2R0   2  0  3  1 1162.82923 1.93e-02 1.53e+09 
L  4-2R0   2  0  4  1 1146.67248 2.52e-03 1.45e+09 
L  5-2R0   2  0  5  1 1131.37991 7.37e-04 1.35e+09 
L  6-2R0   2  0  6  1 1116.89414 6.96e-03 1.26e+09 
L  7-2R0   2  0  7  1 1103.16477 1.28e-02 9.82e+08 
L  8-2R0   2  0  8  1 1090.14032 1.89e-02 8.09e+08 
L  9-2R0   2  0  9  1 1077.78399 1.80e-02 6.59e+08 
L  10-2R0  2  0 10  1 1066.04614 1.45e-02 6.32e+08 
L  11-2R0  2  0 11  1 1054.90384 1.08e-02 6.07e+08 
L  12-2R0  2  0 12  1 1044.30168 4.51e-03 4.71e+08 
L  13-2R0  2  0 13  1 1034.23665 3.02e-03 4.61e+08 
L  14-2R0  2  0 14  1 1024.56423 7.13e-03 6.37e+08 
L  15-2R0  2  0 15  1 1015.53907 7.61e-05 3.82e+08 
L  16-2R0  2  0 16  1 1006.87322 4.92e-08 3.76e+08 
L  17-2R0  2  0 17  1  998.60126 6.95e-04 3.16e+08 
L  18-2R0  2  0 18  1  990.74181 1.32e-03 3.03e+08 
L  19-2R0  2  0 19  1  983.24385 2.40e-03 2.74e+08 
L  20-2R0  2  0 20  1  976.11572 3.23e-03 2.63e+08 
L  21-2R0  2  0 21  1  969.31376 3.63e-03 2.54e+08 
L  22-2R0  2  0 22  1  962.85433 4.42e-03 2.37e+08 
L  23-2R0  2  0 23  1  956.68174 3.26e-03 2.46e+08 
L  24-2R0  2  0 24  1  950.84900 4.88e-03 2.07e+08 
L  25-2R0  2  0 25  1  945.32102 8.36e-03 2.55e+08 
L  26-2R0  2  0 26  1  940.01775 4.73e-03 1.75e+08 
L  27-2R0  2  0 27  1  935.04023 5.90e-03 1.69e+08 
L  28-2R0  2  0 28  1  930.32542 4.20e-03 1.49e+08 
L  29-2R0  2  0 29  1  925.92018 4.94e-03 1.41e+08 
L  30-2R0  2  0 30  1  921.80452 3.54e-03 1.28e+08 
L  31-2R0  2  0 31  1  918.03448 4.02e-03 1.18e+08 
L  32-2R0  2  0 32  1  914.62798 2.75e-03 1.03e+08 
L  33-2R0  2  0 33  1  911.67867 2.97e-03 8.87e+07 
L  34-2R0  2  0 34  1  909.29285 1.68e-03 6.63e+07 
L  35-2R0  2  0 35  1  907.68425 1.10e-03 3.74e+07 
L  36-2R0  2  0 36  1  907.01656 3.11e-04 1.51e+07 
L  37-2R0  2  0 37  1  906.80107 5.81e-05 6.11e+06 
W  0-2R0   2  0  0  1 1098.11275 1.38e-01 1.18e+09 
W  1-2R0   2  0  1  1 1070.99589 1.02e-03 1.16e+09 
W  2-2R0   2  0  2  1 1046.65759 4.32e-02 1.14e+09 
W  3-2R0   2  0  3  1 1024.86119 3.30e-02 9.03e+08 
W  4-2R0   2  0  4  1 1005.08240 1.49e-02 1.10e+09 
W  5-2R0   2  0  5  1  987.41003 1.60e-03 1.09e+09 
W  6-2R0   2  0  6  1  971.57275 6.96e-04 1.07e+09 
W  7-2R0   2  0  7  1  957.45611 5.69e-03 1.05e+09 
W  8-2R0   2  0  8  1  944.90174 4.50e-03 9.61e+08 
W  9-2R0   2  0  9  1  933.99408 8.55e-03 9.89e+08 
W  10-2R0  2  0 10  1  924.63751 9.07e-03 6.55e+08 
W  11-2R0  2  0 11  1  916.89544 7.94e-03 6.20e+08 
W  12-2R0  2  0 12  1  910.89788 5.78e-03 4.09e+08 
W  13-2R0  2  0 13  1  906.92262 3.00e-03 2.09e+08 
L  0-2P1   2  1  0  0 1219.36766 1.49e-02 1.87e+09 
L  0-2R1   2  1  0  2 1217.64267 2.89e-02 1.86e+09 
L  1-2P1   2  1  1  0 1200.07421 2.14e-02 1.74e+09 
L  1-2R1   2  1  1  2 1198.48622 4.34e-02 1.73e+09 
L  2-2P1   2  1  2  0 1181.89786 1.52e-02 1.63e+09 
L  2-2R1   2  1  2  2 1180.42571 3.24e-02 1.62e+09 
L  3-2P1   2  1  3  0 1164.73526 5.82e-03 1.53e+09 
L  3-2R1   2  1  3  2 1163.36399 1.36e-02 1.53e+09 
L  4-2P1   2  1  4  0 1148.50859 6.12e-04 1.45e+09 
L  4-2R1   2  1  4  2 1147.22696 2.00e-03 1.44e+09 
L  5-2P1   2  1  5  0 1133.15154 3.81e-04 1.35e+09 
L  5-2R1   2  1  5  2 1131.95083 3.52e-04 1.34e+09 
L  6-2P1   2  1  6  0 1118.60627 2.63e-03 1.26e+09 
L  6-2R1   2  1  6  2 1117.47938 4.27e-03 1.25e+09 
L  7-2P1   2  1  7  0 1104.82075 4.84e-03 9.81e+08 
L  7-2R1   2  1  7  2 1103.76360 8.13e-03 9.86e+08 
L  8-2P1   2  1  8  0 1091.74692 5.83e-03 8.22e+08 
L  8-2R1   2  1  8  2 1090.74603 1.31e-02 7.83e+08 
L  9-2P1   2  1  9  0 1079.34142 5.52e-03 6.59e+08 
L  9-2R1   2  1  9  2 1078.40210 1.24e-02 6.58e+08 
L  10-2P1  2  1 10  0 1067.56296 4.38e-03 6.32e+08 
L  10-2R1  2  1 10  2 1066.66450 1.01e-02 6.32e+08 
L  11-2P1  2  1 11  0 1056.37571 2.97e-03 6.09e+08 
L  11-2R1  2  1 11  2 1055.53608 7.79e-03 6.02e+08 
L  12-2P1  2  1 12  0 1045.74299 1.70e-03 4.68e+08 
L  12-2R1  2  1 12  2 1044.91581 2.36e-03 4.83e+08 
L  13-2P1  2  1 13  0 1035.63421 7.66e-04 4.60e+08 
L  13-2R1  2  1 13  2 1034.87862 2.26e-03 4.63e+08 
L  14-2P1  2  1 14  0 1026.01997 2.21e-04 4.16e+08 
L  14-2R1  2  1 14  2 1025.39188 5.54e-03 5.11e+08 
L  15-2P1  2  1 15  0 1016.87204 1.10e-05 3.82e+08 
L  15-2R1  2  1 15  2 1016.18798 6.97e-05 3.83e+08 
L  16-2P1  2  1 16  0 1008.16523 4.55e-05 3.71e+08 
L  16-2R1  2  1 16  2 1007.53952 4.36e-06 3.79e+08 
L  17-2P1  2  1 17  0  999.87612 2.31e-04 3.17e+08 
L  17-2R1  2  1 17  2  999.25466 4.62e-04 3.17e+08 
L  18-2P1  2  1 18  0  991.98388 4.88e-04 3.02e+08 
L  18-2R1  2  1 18  2  991.40954 8.33e-04 3.06e+08 
L  19-2P1  2  1 19  0  984.46814 7.60e-04 2.73e+08 
L  19-2R1  2  1 19  2  983.89860 1.64e-03 2.77e+08 
L  20-2P1  2  1 20  0  977.31085 1.01e-03 2.62e+08 
L  20-2R1  2  1 20  2  976.78581 2.15e-03 2.65e+08 
L  21-2P1  2  1 21  0  970.49510 1.20e-03 2.50e+08 
L  21-2R1  2  1 21  2  969.96513 2.37e-03 2.65e+08 
L  22-2P1  2  1 22  0  964.00697 1.36e-03 2.36e+08 
L  22-2R1  2  1 22  2  963.52861 3.04e-03 2.37e+08 
L  23-2P1  2  1 23  0  957.83340 1.45e-03 2.25e+08 
L  23-2R1  2  1 23  2  957.27225 9.20e-04 3.98e+08 
L  24-2P1  2  1 24  0  951.96218 1.50e-03 2.07e+08 
L  24-2R1  2  1 24  2  951.52558 3.33e-03 2.06e+08 
L  25-2P1  2  1 25  0  946.38547 1.50e-03 1.92e+08 
L  25-2R1  2  1 25  2  946.01571 4.94e-03 2.37e+08 
L  26-2P1  2  1 26  0  941.09596 1.47e-03 1.75e+08 
L  26-2R1  2  1 26  2  940.70023 3.21e-03 1.75e+08 
L  27-2P1  2  1 27  0  936.09127 1.42e-03 1.62e+08 
L  27-2R1  2  1 27  2  935.73914 4.09e-03 1.73e+08 
L  28-2P1  2  1 28  0  931.37108 1.35e-03 1.49e+08 
L  28-2R1  2  1 28  2  931.01556 2.84e-03 1.51e+08 
L  29-2P1  2  1 29  0  926.94222 1.25e-03 1.38e+08 
L  29-2R1  2  1 29  2  926.62613 3.48e-03 1.43e+08 
L  30-2P1  2  1 30  0  922.81834 1.15e-03 1.27e+08 
L  30-2R1  2  1 30  2  922.50676 2.34e-03 1.29e+08 
L  31-2P1  2  1 31  0  919.02650 1.03e-03 1.16e+08 
L  31-2R1  2  1 31  2  918.75546 2.83e-03 1.21e+08 
L  32-2P1  2  1 32  0  915.60930 8.97e-04 1.03e+08 
L  32-2R1  2  1 32  2  915.35116 1.82e-03 1.04e+08 
L  33-2P1  2  1 33  0  912.63783 7.41e-04 8.73e+07 
L  33-2R1  2  1 33  2  912.42799 2.08e-03 8.98e+07 
L  34-2P1  2  1 34  0  910.23623 5.51e-04 6.64e+07 
L  34-2R1  2  1 34  2  910.06228 1.09e-03 6.66e+07 
L  35-2P1  2  1 35  0  908.60117 3.03e-04 3.77e+07 
L  35-2R1  2  1 35  2  908.49634 7.36e-04 3.67e+07 
L  36-2P1  2  1 36  0  907.89340 1.29e-04 1.15e+07 
L  36-2R1  2  1 36  2  907.86537 2.29e-04 1.25e+07 
L  37-2P1  2  1 37  0  907.68985 4.94e-05 4.65e+06 
L  37-2R1  2  1 37  2  907.66925 3.75e-04 1.82e+07 
W  0-2Q1   2  1  0  1 1099.41783 7.01e-02 1.18e+09 
W  1-2Q1   2  1  1  1 1072.23761 7.03e-04 1.16e+09 
W  2-2Q1   2  1  2  1 1047.83920 2.27e-02 1.14e+09 
W  3-2Q1   2  1  3  1 1025.90808 2.08e-02 1.12e+09 
W  4-2Q1   2  1  4  1 1006.18664 7.74e-03 1.11e+09 
W  5-2Q1   2  1  5  1  988.46804 7.81e-04 1.09e+09 
W  6-2Q1   2  1  6  1  972.59083 3.47e-04 1.08e+09 
W  7-2Q1   2  1  7  1  958.43020 2.40e-03 1.07e+09 
W  8-2Q1   2  1  8  1  945.89813 4.29e-03 1.02e+09 
W  9-2Q1   2  1  9  1  934.94442 5.19e-03 1.00e+09 
W  10-2Q1  2  1 10  1  925.56393 5.16e-03 6.56e+08 
W  11-2Q1  2  1 11  1  917.80404 4.48e-03 6.27e+08 
W  12-2Q1  2  1 12  1  911.79255 3.37e-03 4.12e+08 
W  13-2Q1  2  1 13  1  907.80752 1.85e-03 2.20e+08 
W  0-2R1   2  1  0  2 1097.90888 6.72e-02 1.18e+09 
W  1-2R1   2  1  1  2 1070.87512 3.90e-04 1.16e+09 
W  2-2R1   2  1  2  2 1046.62527 2.12e-02 1.13e+09 
W  3-2R1   2  1  3  2 1024.69305 1.37e-02 1.03e+09 
W  4-2R1   2  1  4  2 1005.14716 7.12e-03 1.10e+09 
W  5-2R1   2  1  5  2  987.54157 7.82e-04 1.08e+09 
W  6-2R1   2  1  6  2  971.77216 4.03e-04 1.06e+09 
W  7-2R1   2  1  7  2  957.77716 4.19e-03 8.91e+08 
W  8-2R1   2  1  8  2  945.18119 2.15e-03 9.73e+08 
W  9-2R1   2  1  9  2  934.33285 3.80e-03 9.80e+08 
W  10-2R1  2  1 10  2  925.04003 4.13e-03 6.33e+08 
W  11-2R1  2  1 11  2  917.36681 3.64e-03 6.00e+08 
W  12-2R1  2  1 12  2  911.45215 2.62e-03 4.29e+08 
W  13-2R1  2  1 13  2  907.59437 1.40e-03 2.23e+08 
L  0-2P2   2  2  0  1 1221.95461 1.80e-02 1.86e+09 
L  0-2R2   2  2  0  3 1219.08878 2.55e-02 1.85e+09 
L  1-2P2   2  2  1  1 1202.60793 2.56e-02 1.74e+09 
L  1-2R2   2  2  1  3 1199.96822 3.90e-02 1.73e+09 
L  2-2P2   2  2  2  1 1184.37819 1.80e-02 1.63e+09 
L  2-2R2   2  2  2  3 1181.93013 2.99e-02 1.62e+09 
L  3-2P2   2  2  3  1 1167.16363 6.74e-03 1.53e+09 
L  3-2R2   2  2  3  3 1164.88302 1.31e-02 1.53e+09 
L  4-2P2   2  2  4  1 1150.88705 6.46e-04 1.45e+09 
L  4-2R2   2  2  4  3 1148.75531 2.16e-03 1.44e+09 
L  5-2P2   2  2  5  1 1135.48261 5.29e-04 1.35e+09 
L  5-2R2   2  2  5  3 1133.48497 2.02e-04 1.33e+09 
L  6-2P2   2  2  6  1 1120.89227 3.31e-03 1.26e+09 
L  6-2R2   2  2  6  3 1119.01722 3.52e-03 1.23e+09 
L  7-2P2   2  2  7  1 1107.06503 6.16e-03 9.82e+08 
L  7-2R2   2  2  7  3 1105.30433 7.05e-03 9.94e+08 
L  8-2P2   2  2  8  1 1093.94888 6.72e-03 8.09e+08 
L  8-2R2   2  2  8  3 1092.28223 1.24e-02 7.46e+08 
L  9-2P2   2  2  9  1 1081.50655 6.33e-03 6.59e+08 
L  9-2R2   2  2  9  3 1079.94265 1.16e-02 6.53e+08 
L  10-2P2  2  2 10  1 1069.68792 5.02e-03 6.32e+08 
L  10-2R2  2  2 10  3 1068.18651 9.51e-03 6.30e+08 
L  11-2P2  2  2 11  1 1058.46976 3.22e-03 6.07e+08 
L  11-2R2  2  2 11  3 1057.07005 7.50e-03 5.85e+08 
L  12-2P2  2  2 12  1 1047.79617 2.21e-03 4.71e+08 
L  12-2R2  2  2 12  3 1046.35116 2.94e-04 5.70e+08 
L  13-2P2  2  2 13  1 1037.66399 8.05e-04 4.61e+08 
L  13-2R2  2  2 13  3 1036.40572 2.25e-03 4.63e+08 
L  14-2P2  2  2 14  1 1027.92766 2.53e-03 6.37e+08 
L  14-2R2  2  2 14  3 1026.89320 2.72e-03 4.55e+08 
L  15-2P2  2  2 15  1 1018.84341 8.73e-06 3.82e+08 
L  15-2R2  2  2 15  3 1017.70491 7.87e-05 3.85e+08 
L  16-2P2  2  2 16  1 1010.12131 1.23e-04 3.76e+08 
L  16-2R2  2  2 16  3 1009.06331 7.67e-06 3.80e+08 
L  17-2P2  2  2 17  1 1001.79612 2.69e-04 3.16e+08 
L  17-2R2  2  2 17  3 1000.75948 4.27e-04 3.19e+08 
L  18-2P2  2  2 18  1  993.88650 6.07e-04 3.03e+08 
L  18-2R2  2  2 18  3  992.92432 7.16e-04 3.09e+08 
L  19-2P2  2  2 19  1  986.34105 8.75e-04 2.74e+08 
L  19-2R2  2  2 19  3  985.38662 1.52e-03 2.87e+08 
L  20-2P2  2  2 20  1  979.16810 1.18e-03 2.63e+08 
L  20-2R2  2  2 20  3  978.29161 1.94e-03 2.68e+08 
L  21-2P2  2  2 21  1  972.32368 1.44e-03 2.54e+08 
L  21-2R2  2  2 21  3  971.41221 1.91e-03 3.11e+08 
L  22-2P2  2  2 22  1  965.82421 1.55e-03 2.37e+08 
L  22-2R2  2  2 22  3  965.02545 2.78e-03 2.38e+08 
L  23-2P2  2  2 23  1  959.61361 1.95e-03 2.46e+08 
L  23-2R2  2  2 23  3  959.02830 4.30e-03 4.22e+08 
L  24-2P2  2  2 24  1  953.74517 1.73e-03 2.07e+08 
L  24-2R2  2  2 24  3  953.01711 3.05e-03 2.06e+08 
L  25-2P2  2  2 25  1  948.18357 9.95e-04 2.55e+08 
L  25-2R2  2  2 25  3  947.51245 4.13e-03 2.22e+08 
L  26-2P2  2  2 26  1  942.84822 1.72e-03 1.75e+08 
L  26-2R2  2  2 26  3  942.18818 2.89e-03 1.75e+08 
L  27-2P2  2  2 27  1  937.84076 1.38e-03 1.69e+08 
L  27-2R2  2  2 27  3  937.24041 3.69e-03 1.75e+08 
L  28-2P2  2  2 28  1  933.09773 1.58e-03 1.49e+08 
L  28-2R2  2  2 28  3  932.50431 2.50e-03 1.57e+08 
L  29-2P2  2  2 29  1  928.66627 1.27e-03 1.41e+08 
L  29-2R2  2  2 29  3  928.13187 3.18e-03 1.47e+08 
L  30-2P2  2  2 30  1  924.52621 1.36e-03 1.28e+08 
L  30-2R2  2  2 30  3  924.00511 2.04e-03 1.34e+08 
L  31-2P2  2  2 31  1  920.73392 1.04e-03 1.18e+08 
L  31-2R2  2  2 31  3  920.27721 2.61e-03 1.20e+08 
L  32-2P2  2  2 32  1  917.30740 1.07e-03 1.03e+08 
L  32-2R2  2  2 32  3  916.87762 1.55e-03 1.05e+08 
L  33-2P2  2  2 33  1  914.34080 7.41e-04 8.87e+07 
L  33-2R2  2  2 33  3  913.98898 1.88e-03 9.00e+07 
L  34-2P2  2  2 34  1  911.94106 6.52e-04 6.63e+07 
L  34-2R2  2  2 34  3  911.65257 8.90e-04 6.76e+07 
L  35-2P2  2  2 35  1  910.32307 3.20e-04 3.74e+07 
L  35-2R2  2  2 35  3  910.15322 6.29e-04 3.52e+07 
L  36-2P2  2  2 36  1  909.65150 1.65e-05 1.51e+07 
L  36-2R2  2  2 36  3  909.57952 1.88e-04 1.06e+07 
L  37-2P2  2  2 37  1  909.43476 8.33e-05 6.11e+06 
L  37-2R2  2  2 37  3  909.39671 1.57e-04 6.39e+06 
W  0-2Q2   2  2  0  2 1100.51850 7.03e-02 1.18e+09 
W  1-2Q2   2  2  1  2 1073.35709 7.05e-04 1.16e+09 
W  2-2Q2   2  2  2  2 1048.97573 2.28e-02 1.14e+09 
W  3-2Q2   2  2  3  2 1027.06132 2.09e-02 1.12e+09 
W  4-2Q2   2  2  4  2 1007.35652 7.77e-03 1.10e+09 
W  5-2Q2   2  2  5  2  989.65562 7.91e-04 1.09e+09 
W  6-2Q2   2  2  6  2  973.79783 3.40e-04 1.08e+09 
W  7-2Q2   2  2  7  2  959.65947 2.37e-03 1.07e+09 
W  8-2Q2   2  2  8  2  947.15348 4.26e-03 1.02e+09 
W  9-2Q2   2  2  9  2  936.23114 5.16e-03 1.00e+09 
W  10-2Q2  2  2 10  2  926.88981 5.13e-03 6.33e+08 
W  11-2Q2  2  2 11  2  919.18016 4.43e-03 6.19e+08 
W  12-2Q2  2  2 12  2  913.23642 3.31e-03 4.39e+08 
W  13-2Q2  2  2 13  2  909.35470 1.76e-03 2.47e+08 
W  0-2P2   2  2  0  1 1101.97731 1.45e-02 1.18e+09 
W  0-2R2   2  2  0  3 1098.25048 5.22e-02 1.18e+09 
W  1-2P2   2  2  1  1 1074.67162 2.38e-04 1.16e+09 
W  1-2R2   2  2  1  3 1071.31406 3.13e-04 1.15e+09 
W  2-2P2   2  2  2  1 1050.16789 4.97e-03 1.14e+09 
W  2-2R2   2  2  2  3 1047.22723 1.81e-02 1.04e+09 
W  3-2P2   2  2  3  1 1028.22657 2.33e-03 9.03e+08 
W  3-2R2   2  2  3  3 1025.29884 1.20e-02 1.09e+09 
W  4-2P2   2  2  4  1 1008.31893 1.62e-03 1.10e+09 
W  4-2R2   2  2  4  3 1005.79742 5.41e-03 1.09e+09 
W  5-2P2   2  2  5  1  990.53357 1.47e-04 1.09e+09 
W  5-2R2   2  2  5  3  988.27090 5.58e-04 1.07e+09 
W  6-2P2   2  2  6  1  974.59675 6.91e-05 1.07e+09 
W  6-2R2   2  2  6  3  972.60464 5.44e-04 1.01e+09 
W  7-2P2   2  2  7  1  960.39273 3.02e-04 1.05e+09 
W  7-2R2   2  2  7  3  958.36553 4.90e-05 8.66e+08 
W  8-2P2   2  2  8  1  947.76174 1.72e-03 9.61e+08 
W  8-2R2   2  2  8  3  946.09599 1.81e-03 9.80e+08 
W  9-2P2   2  2  9  1  936.78833 1.40e-03 9.89e+08 
W  9-2R2   2  2  9  3  935.31939 2.92e-03 9.63e+08 
W  10-2P2  2  2 10  1  927.37598 1.28e-03 6.55e+08 
W  10-2R2  2  2 10  3  926.11012 3.19e-03 6.08e+08 
W  11-2P2  2  2 11  1  919.58818 1.10e-03 6.20e+08 
W  11-2R2  2  2 11  3  918.53191 2.82e-03 5.54e+08 
W  12-2P2  2  2 12  1  913.55545 8.56e-04 4.09e+08 
W  12-2R2  2  2 12  3  912.73688 2.01e-03 4.44e+08 
W  13-2P2  2  2 13  1  909.55702 4.52e-04 2.09e+08 
L  0-2P3   2  3  0  2 1225.53510 1.93e-02 1.86e+09 
L  0-2R3   2  3  0  4 1221.54115 2.38e-02 1.84e+09 
L  1-2P3   2  3  1  2 1206.13149 2.74e-02 1.73e+09 
L  1-2R3   2  3  1  4 1202.44944 3.73e-02 1.72e+09 
L  2-2P3   2  3  2  2 1187.84159 1.90e-02 1.62e+09 
L  2-2R3   2  3  2  4 1184.42449 2.95e-02 1.61e+09 
L  3-2P3   2  3  3  2 1170.56639 7.04e-03 1.53e+09 
L  3-2R3   2  3  3  4 1167.38149 1.33e-02 1.52e+09 
L  4-2P3   2  3  4  2 1154.23033 6.28e-04 1.44e+09 
L  4-2R3   2  3  4  4 1151.25221 2.47e-03 1.43e+09 
L  5-2P3   2  3  5  2 1138.76838 6.28e-04 1.34e+09 
L  5-2R3   2  3  5  4 1135.97689 1.00e-04 1.33e+09 
L  6-2P3   2  3  6  2 1124.12321 3.68e-03 1.25e+09 
L  6-2R3   2  3  6  4 1121.50195 3.03e-03 1.18e+09 
L  7-2P3   2  3  7  2 1110.24487 6.86e-03 9.86e+08 
L  7-2R3   2  3  7  4 1107.78075 6.53e-03 9.93e+08 
L  8-2P3   2  3  8  2 1097.07489 6.86e-03 7.83e+08 
L  8-2R3   2  3  8  4 1094.74108 1.27e-02 7.04e+08 
L  9-2P3   2  3  9  2 1084.58811 6.50e-03 6.58e+08 
L  9-2R3   2  3  9  4 1082.39751 1.13e-02 6.38e+08 
L  10-2P3  2  3 10  2 1072.71621 5.19e-03 6.32e+08 
L  10-2R3  2  3 10  4 1070.58701 9.12e-03 6.38e+08 
L  11-2P3  2  3 11  2 1061.46182 3.16e-03 6.02e+08 
L  11-2R3  2  3 11  4 1059.50049 7.62e-03 5.33e+08 
L  12-2P3  2  3 12  2 1050.72258 2.92e-03 4.83e+08 
L  12-2R3  2  3 12  4 1049.05926 1.10e-02 5.64e+08 
L  13-2P3  2  3 13  2 1040.57406 7.70e-04 4.63e+08 
L  13-2R3  2  3 13  4 1038.80886 2.33e-03 4.46e+08 
L  14-2P3  2  3 14  2 1030.98310 2.75e-04 5.11e+08 
L  14-2R3  2  3 14  4 1029.27781 2.06e-03 4.21e+08 
L  15-2P3  2  3 15  2 1021.67901 7.57e-06 3.83e+08 
L  15-2R3  2  3 15  4 1020.08028 8.26e-05 3.82e+08 
L  16-2P3  2  3 16  2 1012.93723 1.81e-04 3.79e+08 
L  16-2R3  2  3 16  4 1011.43938 1.04e-05 3.58e+08 
L  17-2P3  2  3 17  2 1004.56373 2.69e-04 3.17e+08 
L  17-2R3  2  3 17  4 1003.10360 4.46e-04 3.21e+08 
L  18-2P3  2  3 18  2  996.63536 6.58e-04 3.06e+08 
L  18-2R3  2  3 18  4  995.27840 6.53e-04 3.00e+08 
L  19-2P3  2  3 19  2  989.04533 8.94e-04 2.77e+08 
L  19-2R3  2  3 19  4  987.68261 1.55e-03 3.09e+08 
L  20-2P3  2  3 20  2  981.85821 1.20e-03 2.65e+08 
L  20-2R3  2  3 20  4  980.62481 1.84e-03 2.67e+08 
L  21-2P3  2  3 21  2  974.96675 1.55e-03 2.65e+08 
L  21-2R3  2  3 21  4  973.48424 8.11e-04 6.16e+08 
L  22-2P3  2  3 22  2  968.46391 1.59e-03 2.37e+08 
L  22-2R3  2  3 22  4  967.34065 2.65e-03 2.38e+08 
L  23-2P3  2  3 23  2  962.14350 2.54e-03 3.98e+08 
L  23-2R3  2  3 23  4  961.27781 3.63e-03 2.78e+08 
L  24-2P3  2  3 24  2  956.33837 1.78e-03 2.06e+08 
L  24-2R3  2  3 24  4  955.31513 2.90e-03 2.07e+08 
L  25-2P3  2  3 25  2  950.77279 1.05e-03 2.37e+08 
L  25-2R3  2  3 25  4  949.81284 3.76e-03 2.06e+08 
L  26-2P3  2  3 26  2  945.40387 1.80e-03 1.75e+08 
L  26-2R3  2  3 26  4  944.47257 2.68e-03 1.80e+08 
L  27-2P3  2  3 27  2  940.39318 1.29e-03 1.73e+08 
L  27-2R3  2  3 27  4  939.53792 3.49e-03 1.68e+08 
L  28-2P3  2  3 28  2  935.62261 1.69e-03 1.51e+08 
L  28-2R3  2  3 28  4  934.78299 2.22e-03 1.66e+08 
L  29-2P3  2  3 29  2  931.18973 1.21e-03 1.43e+08 
L  29-2R3  2  3 29  4  930.43249 3.02e-03 1.47e+08 
L  30-2P3  2  3 30  2  927.02978 1.47e-03 1.29e+08 
L  30-2R3  2  3 30  4  926.29044 1.72e-03 1.36e+08 
L  31-2P3  2  3 31  2  923.24169 9.95e-04 1.21e+08 
L  31-2R3  2  3 31  4  922.59519 2.48e-03 1.20e+08 
L  32-2P3  2  3 32  2  919.80412 1.15e-03 1.04e+08 
L  32-2R3  2  3 32  4  919.19622 1.27e-03 1.11e+08 
L  33-2P3  2  3 33  2  916.85248 6.97e-04 8.98e+07 
L  33-2R3  2  3 33  4  916.35763 1.76e-03 8.78e+07 
L  34-2P3  2  3 34  2  914.46380 7.02e-04 6.66e+07 
L  34-2R3  2  3 34  4  914.05840 6.22e-04 7.16e+07 
L  35-2P3  2  3 35  2  912.88269 3.05e-04 3.67e+07 
L  35-2R3  2  3 35  4  912.65524 5.31e-04 3.06e+07 
L  36-2P3  2  3 36  2  912.24562 4.38e-05 1.25e+07 
L  36-2R3  2  3 36  4  912.15575 1.52e-04 8.11e+06 
L  37-2P3  2  3 37  2  912.04760 3.14e-06 1.82e+07 
L  37-2R3  2  3 37  4  911.98356 1.44e-04 5.34e+06 
W  0-2Q3   2  3  0  3 1102.15998 7.03e-02 1.18e+09 
W  1-2Q3   2  3  1  3 1075.02699 7.05e-04 1.16e+09 
W  2-2Q3   2  3  2  3 1050.67202 2.27e-02 1.14e+09 
W  3-2Q3   2  3  3  3 1028.78288 2.08e-02 1.12e+09 
W  4-2Q3   2  3  4  3 1009.10342 7.80e-03 1.10e+09 
W  5-2Q3   2  3  5  3  991.42959 8.06e-04 1.09e+09 
W  6-2Q3   2  3  6  3  975.60138 3.28e-04 1.08e+09 
W  7-2Q3   2  3  7  3  961.49686 2.34e-03 1.07e+09 
W  8-2Q3   2  3  8  3  949.03051 4.23e-03 1.01e+09 
W  9-2Q3   2  3  9  3  938.15592 5.12e-03 9.96e+08 
W  10-2Q3  2  3 10  3  928.87424 5.08e-03 6.02e+08 
W  11-2Q3  2  3 11  3  921.24141 4.38e-03 5.91e+08 
W  12-2Q3  2  3 12  3  915.40186 3.23e-03 4.75e+08 
W  0-2P3   2  3  0  2 1104.32138 2.12e-02 1.18e+09 
W  0-2R3   2  3  0  4 1099.13977 4.45e-02 1.17e+09 
W  1-2P3   2  3  1  2 1076.97484 3.88e-04 1.16e+09 
W  1-2R3   2  3  1  4 1072.33523 6.05e-04 1.13e+09 
W  2-2P3   2  3  2  2 1052.45111 7.02e-03 1.13e+09 
W  2-2R3   2  3  2  4 1048.00722 5.19e-03 1.03e+09 
W  3-2P3   2  3  3  2 1030.27664 6.87e-03 1.03e+09 
W  3-2R3   2  3  3  4 1026.46546 1.07e-02 1.10e+09 
W  4-2P3   2  3  4  2 1010.51920 2.38e-03 1.10e+09 
W  4-2R3   2  3  4  4 1007.03931 4.55e-03 1.08e+09 
W  5-2P3   2  3  5  2  992.72659 2.21e-04 1.08e+09 
W  5-2R3   2  3  5  4  989.61870 3.45e-04 1.04e+09 
W  6-2P3   2  3  6  2  976.79249 7.38e-05 1.06e+09 
W  6-2R3   2  3  6  4  974.23803 1.49e-03 7.00e+08 
W  7-2P3   2  3  7  2  962.65357 5.85e-05 8.91e+08 
W  7-2R3   2  3  7  4  959.88856 4.08e-04 9.95e+08 
W  8-2P3   2  3  8  2  949.92986 2.18e-03 9.73e+08 
W  8-2R3   2  3  8  4  947.64597 1.77e-03 9.77e+08 
W  9-2P3   2  3  9  2  938.97287 2.07e-03 9.80e+08 
W  9-2R3   2  3  9  4  936.96081 2.72e-03 9.14e+08 
W  10-2P3  2  3 10  2  929.58799 1.89e-03 6.33e+08 
W  10-2R3  2  3 10  4  927.85750 3.00e-03 5.90e+08 
W  11-2P3  2  3 11  2  921.83945 1.60e-03 6.00e+08 
W  11-2R3  2  3 11  4  920.40113 2.65e-03 4.20e+08 
W  12-2P3  2  3 12  2  915.86716 1.24e-03 4.29e+08 
W  12-2R3  2  3 12  4  914.76562 1.90e-03 3.45e+08 
W  13-2P3  2  3 13  2  911.97199 4.98e-04 2.23e+08 
L  0-2P4   2  4  0  3 1230.08931 1.99e-02 1.85e+09 
L  0-2R4   2  4  0  5 1224.98489 2.25e-02 1.83e+09 
L  1-2P4   2  4  1  3 1210.62488 2.84e-02 1.73e+09 
L  1-2R4   2  4  1  5 1205.91346 3.62e-02 1.71e+09 
L  2-2P4   2  4  2  3 1192.26743 1.97e-02 1.62e+09 
L  2-2R4   2  4  2  5 1187.89196 2.95e-02 1.60e+09 
L  3-2P4   2  4  3  3 1174.92301 7.21e-03 1.53e+09 
L  3-2R4   2  4  3  5 1170.84201 1.39e-02 1.51e+09 
L  4-2P4   2  4  4  3 1158.51806 6.10e-04 1.44e+09 
L  4-2R4   2  4  4  5 1154.70014 2.88e-03 1.42e+09 
L  5-2P4   2  4  5  3 1142.98882 6.96e-04 1.33e+09 
L  5-2R4   2  4  5  5 1139.40871 3.21e-05 1.32e+09 
L  6-2P4   2  4  6  3 1128.27900 3.92e-03 1.23e+09 
L  6-2R4   2  4  6  5 1124.91558 2.62e-03 1.15e+09 
L  7-2P4   2  4  7  3 1114.33960 7.25e-03 9.94e+08 
L  7-2R4   2  4  7  5 1111.17507 6.18e-03 9.84e+08 
L  8-2P4   2  4  8  3 1101.10500 6.66e-03 7.46e+08 
L  8-2R4   2  4  8  5 1098.09575 1.49e-02 6.97e+08 
L  9-2P4   2  4  9  3 1088.56642 6.48e-03 6.53e+08 
L  9-2R4   2  4  9  5 1085.74992 1.14e-02 6.36e+08 
L  10-2P4  2  4 10  3 1076.62282 5.27e-03 6.30e+08 
L  10-2R4  2  4 10  5 1074.28994 6.41e-03 8.13e+08 
L  11-2P4  2  4 11  3 1065.33100 3.04e-03 5.85e+08 
L  11-2R4  2  4 11  5 1062.80949 7.84e-03 5.20e+08 
L  12-2P4  2  4 12  3 1054.44478 5.82e-03 5.70e+08 
L  12-2R4  2  4 12  5 1052.26561 7.49e-03 4.84e+08 
L  13-2P4  2  4 13  3 1044.34563 7.41e-04 4.63e+08 
L  13-2R4  2  4 13  5 1042.07221 2.39e-03 4.48e+08 
L  14-2P4  2  4 14  3 1034.68748 3.33e-05 4.55e+08 
L  14-2R4  2  4 14  5 1032.51983 1.85e-03 4.15e+08 
L  15-2P4  2  4 15  3 1025.35981 9.56e-06 3.85e+08 
L  15-2R4  2  4 15  5 1023.29490 6.79e-05 3.86e+08 
L  16-2P4  2  4 16  3 1016.58828 2.06e-04 3.80e+08 
L  16-2R4  2  4 16  5 1014.65116 1.40e-05 3.55e+08 
L  17-2P4  2  4 17  3 1008.16066 2.43e-04 3.19e+08 
L  17-2R4  2  4 17  5 1006.25549 5.84e-04 3.39e+08 
L  18-2P4  2  4 18  3 1000.20964 6.75e-04 3.09e+08 
L  18-2R4  2  4 18  5  998.45599 6.08e-04 3.02e+08 
L  19-2P4  2  4 19  3  992.56135 8.56e-04 2.87e+08 
L  19-2R4  2  4 19  5  990.65279 1.73e-03 4.92e+08 
L  20-2P4  2  4 20  3  985.36302 1.19e-03 2.68e+08 
L  20-2R4  2  4 20  5  983.76938 1.77e-03 2.70e+08 
L  21-2P4  2  4 21  3  978.38417 1.64e-03 3.11e+08 
L  21-2R4  2  4 21  5  977.11270 2.17e-03 3.39e+08 
L  22-2P4  2  4 22  3  971.90570 1.59e-03 2.38e+08 
L  22-2R4  2  4 22  5  970.45414 2.57e-03 2.40e+08 
L  23-2P4  2  4 23  3  965.82300 4.19e-04 4.22e+08 
L  23-2R4  2  4 23  5  964.36814 3.29e-03 2.46e+08 
L  24-2P4  2  4 24  3  959.72661 1.80e-03 2.06e+08 
L  24-2R4  2  4 24  5  958.40025 2.74e-03 2.10e+08 
L  25-2P4  2  4 25  3  954.14439 1.14e-03 2.22e+08 
L  25-2R4  2  4 25  5  952.90242 3.53e-03 2.00e+08 
L  26-2P4  2  4 26  3  948.74554 1.87e-03 1.75e+08 
L  26-2R4  2  4 26  5  947.53194 2.39e-03 1.95e+08 
L  27-2P4  2  4 27  3  943.72885 1.26e-03 1.75e+08 
L  27-2R4  2  4 27  5  942.61954 3.32e-03 1.67e+08 
L  28-2P4  2  4 28  3  938.92711 1.80e-03 1.57e+08 
L  28-2R4  2  4 28  5  937.82027 1.72e-03 1.98e+08 
L  29-2P4  2  4 29  3  934.49437 1.17e-03 1.47e+08 
L  29-2R4  2  4 29  5  933.51384 2.91e-03 1.49e+08 
L  30-2P4  2  4 30  3  930.31096 1.59e-03 1.34e+08 
L  30-2R4  2  4 30  5  929.32450 1.07e-03 1.61e+08 
L  31-2P4  2  4 31  3  926.53212 9.70e-04 1.20e+08 
L  31-2R4  2  4 31  5  925.69759 2.36e-03 1.20e+08 
L  32-2P4  2  4 32  3  923.08624 1.25e-03 1.05e+08 
L  32-2R4  2  4 32  5  922.27236 6.84e-04 1.43e+08 
L  33-2P4  2  4 33  3  920.15841 6.76e-04 9.00e+07 
L  33-2R4  2  4 33  5  919.52383 1.64e-03 8.61e+07 
L  34-2P4  2  4 34  3  917.79039 7.63e-04 6.76e+07 
L  34-2R4  2  4 34  5  917.23479 1.18e-04 1.45e+08 
L  35-2P4  2  4 35  3  916.27081 2.90e-04 3.52e+07 
L  35-2R4  2  4 35  5  915.99803 4.15e-04 2.70e+07 
L  36-2P4  2  4 36  3  915.68937 5.55e-05 1.06e+07 
L  36-2R4  2  4 36  5  915.58457 1.21e-04 6.71e+06 
L  37-2P4  2  4 37  3  915.50410 3.56e-05 6.39e+06 
W  0-2Q4   2  4  0  4 1104.32552 7.06e-02 1.17e+09 
W  1-2Q4   2  4  1  4 1077.23146 7.05e-04 1.15e+09 
W  2-2Q4   2  4  2  4 1052.91232 2.28e-02 1.13e+09 
W  3-2Q4   2  4  3  4 1031.05783 2.09e-02 1.12e+09 
W  4-2Q4   2  4  4  4 1011.41319 7.85e-03 1.10e+09 
W  5-2Q4   2  4  5  4  993.77628 8.26e-04 1.09e+09 
W  6-2Q4   2  4  6  4  977.98851 3.14e-04 1.08e+09 
W  7-2Q4   2  4  7  4  963.93012 2.30e-03 1.06e+09 
W  8-2Q4   2  4  8  4  951.51788 4.17e-03 1.01e+09 
W  9-2Q4   2  4  9  4  940.70855 5.05e-03 9.77e+08 
W  10-2Q4  2  4 10  4  931.50833 5.01e-03 5.74e+08 
W  11-2Q4  2  4 11  4  923.98060 4.29e-03 5.10e+08 
W  12-2Q4  2  4 12  4  918.28486 3.11e-03 4.91e+08 
W  0-2P4   2  4  0  3 1107.17032 2.54e-02 1.18e+09 
W  0-2R4   2  4  0  5 1100.57421 3.77e-02 1.17e+09 
W  1-2P4   2  4  1  3 1079.80003 4.39e-04 1.15e+09 
W  1-2R4   2  4  1  5 1073.48591 3.44e-03 9.53e+08 
W  2-2P4   2  4  2  3 1055.33446 5.92e-03 1.04e+09 
W  2-2R4   2  4  2  5 1049.71415 7.53e-03 1.11e+09 
W  3-2P4   2  4  3  3 1033.06884 8.60e-03 1.09e+09 
W  3-2R4   2  4  3  5 1028.19823 9.76e-03 1.10e+09 
W  4-2P4   2  4  4  3 1013.27358 2.91e-03 1.09e+09 
W  4-2R4   2  4  4  5 1008.88026 3.88e-03 1.06e+09 
W  5-2P4   2  4  5  3  995.48785 2.97e-04 1.07e+09 
W  5-2R4   2  4  5  5  991.69672 1.80e-05 8.60e+08 
W  6-2P4   2  4  6  3  979.59379 1.91e-05 1.01e+09 
W  6-2R4   2  4  6  5  975.72142 4.13e-05 9.72e+08 
W  7-2P4   2  4  7  3  965.15082 2.35e-03 8.66e+08 
W  7-2R4   2  4  7  5  961.98449 6.32e-04 1.02e+09 
W  8-2P4   2  4  8  3  952.70805 2.34e-03 9.80e+08 
W  8-2R4   2  4  8  5  949.83178 1.93e-03 9.61e+08 
W  9-2P4   2  4  9  3  941.78116 2.36e-03 9.63e+08 
W  9-2R4   2  4  9  5  939.26814 3.01e-03 8.50e+08 
W  10-2P4  2  4 10  3  932.44484 2.15e-03 6.08e+08 
W  10-2R4  2  4 10  5  930.30300 3.39e-03 5.60e+08 
W  11-2P4  2  4 11  3  924.76304 1.81e-03 5.54e+08 
W  11-2R4  2  4 11  5  922.99729 3.00e-03 3.58e+08 
W  12-2P4  2  4 12  3  918.88936 1.38e-03 4.44e+08 
W  12-2R4  2  4 12  5  917.58129 2.28e-03 2.98e+08 
L  0-2P5   2  5  0  4 1235.59986 2.02e-02 1.84e+09 
L  0-2R5   2  5  0  6 1229.40682 2.14e-02 1.82e+09 
L  1-2P5   2  5  1  4 1216.06968 2.88e-02 1.72e+09 
L  1-2R5   2  5  1  6 1210.34560 3.56e-02 1.70e+09 
L  2-2P5   2  5  2  4 1197.63721 2.01e-02 1.61e+09 
L  2-2R5   2  5  2  6 1192.31591 2.97e-02 1.59e+09 
L  3-2P5   2  5  3  4 1180.21465 7.35e-03 1.52e+09 
L  3-2R5   2  5  3  6 1175.24805 1.47e-02 1.50e+09 
L  4-2P5   2  5  4  4 1163.73129 6.10e-04 1.43e+09 
L  4-2R5   2  5  4  6 1159.08217 3.38e-03 1.41e+09 
L  5-2P5   2  5  5  4 1148.12527 7.34e-04 1.33e+09 
L  5-2R5   2  5  5  6 1143.76326 1.22e-06 1.31e+09 
L  6-2P5   2  5  6  4 1133.34109 4.06e-03 1.18e+09 
L  6-2R5   2  5  6  6 1129.24095 2.25e-03 1.11e+09 
L  7-2P5   2  5  7  4 1119.33048 7.45e-03 9.93e+08 
L  7-2R5   2  5  7  6 1115.47012 5.84e-03 9.52e+08 
L  8-2P5   2  5  8  4 1106.01912 6.11e-03 7.04e+08 
L  8-2R5   2  5  8  6 1102.12330 4.20e-02 8.90e+08 
L  9-2P5   2  5  9  4 1093.42138 6.38e-03 6.38e+08 
L  9-2R5   2  5  9  6 1089.98181 1.15e-02 6.30e+08 
L  10-2P5  2  5 10  4 1081.37042 5.54e-03 6.38e+08 
L  10-2R5  2  5 10  6 1078.26768 9.78e-03 6.23e+08 
L  11-2P5  2  5 11  4 1070.06061 2.94e-03 5.33e+08 
L  11-2R5  2  5 11  6 1066.97680 8.11e-03 4.82e+08 
L  12-2P5  2  5 12  4 1059.41125 2.42e-05 5.64e+08 
L  12-2R5  2  5 12  6 1056.38620 6.76e-03 4.66e+08 
L  13-2P5  2  5 13  4 1048.95857 7.46e-04 4.46e+08 
L  13-2R5  2  5 13  6 1046.17229 2.39e-03 4.36e+08 
L  14-2P5  2  5 14  4 1039.24123 1.66e-06 4.21e+08 
L  14-2R5  2  5 14  6 1036.60189 1.80e-03 3.95e+08 
L  15-2P5  2  5 15  4 1029.86559 1.93e-05 3.82e+08 
L  15-2R5  2  5 15  6 1027.31581 1.54e-05 3.94e+08 
L  16-2P5  2  5 16  4 1021.05883 2.03e-04 3.58e+08 
L  16-2R5  2  5 16  6 1018.68420 1.88e-05 3.34e+08 
L  17-2P5  2  5 17  4 1012.56441 1.82e-04 3.21e+08 
L  17-2R5  2  5 17  6 1010.09234 1.42e-03 4.70e+08 
L  18-2P5  2  5 18  4 1004.59149 6.67e-04 3.00e+08 
L  18-2R5  2  5 18  6 1002.44145 5.77e-04 2.93e+08 
L  19-2P5  2  5 19  4  996.85343 7.36e-04 3.09e+08 
L  19-2R5  2  5 19  6  995.12043 4.19e-04 3.90e+08 
L  20-2P5  2  5 20  4  989.66444 1.17e-03 2.67e+08 
L  20-2R5  2  5 20  6  987.70846 1.73e-03 2.69e+08 
L  21-2P5  2  5 21  4  982.39210 1.47e-03 6.16e+08 
L  21-2R5  2  5 21  6  980.98411 2.15e-03 2.74e+08 
L  22-2P5  2  5 22  4  976.13592 1.58e-03 2.38e+08 
L  22-2R5  2  5 22  6  974.34691 2.47e-03 2.45e+08 
L  23-2P5  2  5 23  4  969.96268 9.47e-04 2.78e+08 
L  23-2R5  2  5 23  6  968.25245 3.11e-03 2.27e+08 
L  24-2P5  2  5 24  4  963.89212 1.85e-03 2.07e+08 
L  24-2R5  2  5 24  6  962.24488 2.46e-03 2.28e+08 
L  25-2P5  2  5 25  4  958.29087 1.23e-03 2.06e+08 
L  25-2R5  2  5 25  6  956.76888 3.36e-03 1.90e+08 
L  26-2P5  2  5 26  4  952.85511 1.97e-03 1.80e+08 
L  26-2R5  2  5 26  6  951.31322 1.67e-03 2.63e+08 
L  27-2P5  2  5 27  4  947.83271 1.28e-03 1.68e+08 
L  27-2R5  2  5 27  6  946.47002 3.19e-03 1.67e+08 
L  28-2P5  2  5 28  4  942.99367 1.99e-03 1.66e+08 
L  28-2R5  2  5 28  6  941.50389 4.37e-04 3.65e+08 
L  29-2P5  2  5 29  4  938.56659 1.18e-03 1.47e+08 
L  29-2R5  2  5 29  6  937.36218 2.77e-03 1.49e+08 
L  30-2P5  2  5 30  4  934.35196 1.83e-03 1.36e+08 
L  30-2R5  2  5 30  6  933.60265 4.35e-03 3.60e+08 
L  31-2P5  2  5 31  4  930.59224 9.74e-04 1.20e+08 
L  31-2R5  2  5 31  6  929.57062 2.24e-03 1.14e+08 
L  32-2P5  2  5 32  4  927.13420 1.46e-03 1.11e+08 
L  32-2R5  2  5 32  6  926.48053 3.54e-03 1.65e+08 
L  33-2P5  2  5 33  4  924.24645 6.81e-04 8.78e+07 
L  33-2R5  2  5 33  6  923.47828 1.50e-03 8.27e+07 
L  34-2P5  2  5 34  4  921.90752 8.97e-04 7.16e+07 
L  34-2R5  2  5 34  6  921.42927 1.71e-03 7.33e+07 
L  35-2P5  2  5 35  4  920.48018 2.76e-04 3.06e+07 
L  35-2R5  2  5 35  6  920.17610 2.46e-04 2.18e+07 
L  36-2P5  2  5 36  4  919.97209 5.90e-05 8.11e+06 
L  36-2R5  2  5 36  6  919.85785 9.02e-05 5.70e+06 
L  37-2P5  2  5 37  4  919.79693 6.36e-05 5.34e+06 
W  0-2Q5   2  5  0  5 1106.99873 7.07e-02 1.17e+09 
W  1-2Q5   2  5  1  5 1079.95489 7.05e-04 1.15e+09 
W  2-2Q5   2  5  2  5 1055.68206 2.27e-02 1.13e+09 
W  3-2Q5   2  5  3  5 1033.87213 2.10e-02 1.11e+09 
W  4-2Q5   2  5  4  5 1014.27223 7.90e-03 1.10e+09 
W  5-2Q5   2  5  5  5  996.68294 8.52e-04 1.08e+09 
W  6-2Q5   2  5  6  5  980.94707 2.96e-04 1.07e+09 
W  7-2Q5   2  5  7  5  966.94807 2.24e-03 1.06e+09 
W  8-2Q5   2  5  8  5  954.60527 4.08e-03 1.00e+09 
W  9-2Q5   2  5  9  5  943.87983 4.97e-03 8.93e+08 
W  10-2Q5  2  5 10  5  934.78457 4.91e-03 5.72e+08 
W  11-2Q5  2  5 11  5  927.39301 4.18e-03 2.56e+08 
W  12-2Q5  2  5 12  5  921.88585 2.96e-03 1.75e+08 
W  0-2P5   2  5  0  4 1110.50909 2.89e-02 1.17e+09 
W  0-2R5   2  5  0  6 1102.75103 7.48e-03 9.52e+08 
W  1-2P5   2  5  1  4 1083.15406 2.58e-04 1.13e+09 
W  1-2R5   2  5  1  6 1075.76899 2.56e-04 1.13e+09 
W  2-2P5   2  5  2  4 1058.33836 1.31e-02 1.03e+09 
W  2-2R5   2  5  2  6 1051.91163 7.74e-03 1.11e+09 
W  3-2P5   2  5  3  4 1036.37425 9.71e-03 1.10e+09 
W  3-2R5   2  5  3  6 1030.50681 9.14e-03 1.08e+09 
W  4-2P5   2  5  4  4 1016.57485 3.35e-03 1.08e+09 
W  4-2R5   2  5  4  6 1011.41943 2.65e-03 9.25e+08 
W  5-2P5   2  5  5  4  998.82568 4.39e-04 1.04e+09 
W  5-2R5   2  5  5  6  993.66212 1.17e-03 9.54e+08 
W  6-2P5   2  5  6  4  983.15975 1.87e-04 7.00e+08 
W  6-2R5   2  5  6  6  978.35191 3.53e-06 1.02e+09 
W  7-2P5   2  5  7  4  968.54824 1.86e-03 9.95e+08 
W  7-2R5   2  5  7  6  964.69087 4.04e-03 7.68e+08 
W  8-2P5   2  5  8  4  956.08519 2.31e-03 9.77e+08 
W  8-2R5   2  5  8  6  952.68699 2.61e-03 8.87e+08 
W  9-2P5   2  5  9  4  945.20996 2.36e-03 9.14e+08 
W  9-2R5   2  5  9  6  942.33690 4.19e-03 6.13e+08 
W  10-2P5  2  5 10  4  935.94645 2.11e-03 5.90e+08 
W  10-2R5  2  5 10  6  932.93712 4.66e-06 3.43e+08 
W  11-2P5  2  5 11  4  928.36003 1.75e-03 4.20e+08 
W  11-2R5  2  5 11  6  925.93664 2.99e-05 2.19e+08 
W  12-2P5  2  5 12  4  922.62694 1.27e-03 3.45e+08 
W  12-2R5  2  5 12  6  920.91809 1.95e-03 1.96e+08 
L  0-2P6   2  6  0  5 1242.04594 2.02e-02 1.83e+09 
L  0-2R6   2  6  0  7 1234.79001 2.03e-02 1.80e+09 
L  1-2P6   2  6  1  5 1222.44382 2.92e-02 1.71e+09 
L  1-2R6   2  6  1  7 1215.72639 3.48e-02 1.68e+09 
L  2-2P6   2  6  2  5 1203.92866 2.06e-02 1.60e+09 
L  2-2R6   2  6  2  7 1197.67665 3.03e-02 1.58e+09 
L  3-2P6   2  6  3  5 1186.41864 7.54e-03 1.51e+09 
L  3-2R6   2  6  3  7 1180.57872 1.56e-02 1.49e+09 
L  4-2P6   2  6  4  5 1169.84746 6.32e-04 1.42e+09 
L  4-2R6   2  6  4  7 1164.37709 3.96e-03 1.39e+09 
L  5-2P6   2  6  5  5 1154.15493 7.45e-04 1.32e+09 
L  5-2R6   2  6  5  7 1149.01956 1.40e-05 1.28e+09 
L  6-2P6   2  6  6  5 1139.28668 4.15e-03 1.15e+09 
L  6-2R6   2  6  6  7 1134.45698 1.89e-03 1.09e+09 
L  7-2P6   2  6  7  5 1125.19505 7.53e-03 9.84e+08 
L  7-2R6   2  6  7  7 1120.64506 5.52e-03 8.11e+08 
L  8-2P6   2  6  8  5 1111.78559 4.56e-03 6.97e+08 
L  8-2R6   2  6  8  7 1107.57058 5.07e-03 6.47e+08 
L  9-2P6   2  6  9  5 1099.13180 6.25e-03 6.36e+08 
L  9-2R6   2  6  9  7 1095.07316 1.18e-02 6.21e+08 
L  10-2P6  2  6 10  5 1087.38911 1.19e-03 8.13e+08 
L  10-2R6  2  6 10  7 1083.28982 1.02e-02 5.54e+08 
L  11-2P6  2  6 11  5 1075.62852 2.89e-03 5.20e+08 
L  11-2R6  2  6 11  7 1071.98141 8.43e-03 4.78e+08 
L  12-2P6  2  6 12  5 1064.83005 3.73e-04 4.84e+08 
L  12-2R6  2  6 12  7 1061.35142 6.64e-03 4.56e+08 
L  13-2P6  2  6 13  5 1054.39297 8.10e-04 4.48e+08 
L  13-2R6  2  6 13  7 1051.07709 2.08e-03 4.34e+08 
L  14-2P6  2  6 14  5 1044.61444 2.17e-06 4.15e+08 
L  14-2R6  2  6 14  7 1041.50176 1.83e-03 3.88e+08 
L  15-2P6  2  6 15  5 1035.17311 5.56e-05 3.86e+08 
L  15-2R6  2  6 15  7 1032.00878 3.52e-04 4.99e+08 
L  16-2P6  2  6 16  5 1026.32840 1.84e-04 3.55e+08 
L  16-2R6  2  6 16  7 1023.51945 2.36e-05 3.30e+08 
L  17-2P6  2  6 17  5 1017.73919 6.99e-05 3.39e+08 
L  17-2R6  2  6 17  7 1015.42326 2.50e-04 4.22e+08 
L  18-2P6  2  6 18  5 1009.76136 6.39e-04 3.02e+08 
L  18-2R6  2  6 18  7 1007.21265 5.67e-04 2.95e+08 
L  19-2P6  2  6 19  5 1001.78117 3.21e-04 4.92e+08 
L  19-2R6  2  6 19  7  999.77305 6.80e-04 3.01e+08 
L  20-2P6  2  6 20  5  994.74278 1.14e-03 2.70e+08 
L  20-2R6  2  6 20  7  992.41497 1.72e-03 2.72e+08 
L  21-2P6  2  6 21  5  987.93729 9.03e-04 3.39e+08 
L  21-2R6  2  6 21  7  985.66644 2.08e-03 2.55e+08 
L  22-2P6  2  6 22  5  981.13089 1.59e-03 2.40e+08 
L  22-2R6  2  6 22  7  978.98031 2.32e-03 2.65e+08 
L  23-2P6  2  6 23  5  974.91067 1.16e-03 2.46e+08 
L  23-2R6  2  6 23  7  972.90650 2.96e-03 2.19e+08 
L  24-2P6  2  6 24  5  968.81200 1.93e-03 2.10e+08 
L  24-2R6  2  6 24  7  966.75429 1.62e-03 3.37e+08 
L  25-2P6  2  6 25  5  963.19442 1.31e-03 2.00e+08 
L  25-2R6  2  6 25  7  961.39240 3.23e-03 1.87e+08 
L  26-2P6  2  6 26  5  957.70763 2.21e-03 1.95e+08 
L  26-2R6  2  6 26  7  956.47832 4.19e-03 4.80e+08 
L  27-2P6  2  6 27  5  952.68944 1.32e-03 1.67e+08 
L  27-2R6  2  6 27  7  951.07210 3.04e-03 1.71e+08 
L  28-2P6  2  6 28  5  947.78734 2.44e-03 1.98e+08 
L  28-2R6  2  6 28  7  946.55827 4.31e-03 2.50e+08 
L  29-2P6  2  6 29  5  943.38911 1.22e-03 1.49e+08 
L  29-2R6  2  6 29  7  941.96018 2.61e-03 1.44e+08 
L  30-2P6  2  6 30  5  939.11087 2.45e-03 1.61e+08 
L  30-2R6  2  6 30  7  938.03175 3.67e-03 1.54e+08 
L  31-2P6  2  6 31  5  935.40732 1.01e-03 1.20e+08 
L  31-2R6  2  6 31  7  934.19790 2.05e-03 1.14e+08 
L  32-2P6  2  6 32  5  931.91000 2.03e-03 1.43e+08 
L  32-2R6  2  6 32  7  931.03541 2.77e-03 1.07e+08 
L  33-2P6  2  6 33  5  929.10381 7.13e-04 8.61e+07 
L  33-2R6  2  6 33  7  928.20863 1.31e-03 7.73e+07 
L  34-2P6  2  6 34  5  926.76688 1.70e-03 1.45e+08 
L  34-2R6  2  6 34  7  926.24668 1.25e-03 5.04e+07 
L  35-2P6  2  6 35  5  925.50431 2.68e-04 2.70e+07 
L  35-2R6  2  6 35  7  925.28080 1.22e-03 4.85e+07 
L  36-2P6  2  6 36  5  925.08222 6.34e-05 6.71e+06 
L  36-2R6  2  6 36  7  925.12244 1.07e-04 5.65e+07 
L  37-2R6  2  6 37  7  924.95643 5.88e-07 9.81e+06 
W  0-2Q6   2  6  0  6 1110.16007 7.11e-02 1.17e+09 
W  1-2Q6   2  6  1  6 1083.17835 7.04e-04 1.15e+09 
W  2-2Q6   2  6  2  6 1058.96295 2.27e-02 1.13e+09 
W  3-2Q6   2  6  3  6 1037.20840 2.10e-02 1.11e+09 
W  4-2Q6   2  6  4  6 1017.66421 7.98e-03 1.10e+09 
W  5-2Q6   2  6  5  6 1000.13392 8.85e-04 1.08e+09 
W  6-2Q6   2  6  6  6  984.46252 2.73e-04 1.07e+09 
W  7-2Q6   2  6  7  6  970.53693 2.17e-03 1.05e+09 
W  8-2Q6   2  6  8  6  958.28031 3.99e-03 1.01e+09 
W  9-2Q6   2  6  9  6  947.65908 4.86e-03 8.34e+08 
W  10-2Q6  2  6 10  6  938.69443 4.78e-03 6.27e+08 
W  11-2Q6  2  6 11  6  931.47380 4.03e-03 2.84e+08 
W  12-2Q6  2  6 12  6  926.20713 2.77e-03 1.85e+08 
W  0-2P6   2  6  0  5 1114.32631 3.29e-02 1.17e+09 
W  0-2R6   2  6  0  7 1104.88545 4.16e-02 1.16e+09 
W  1-2P6   2  6  1  5 1086.56536 4.66e-03 9.53e+08 
W  1-2R6   2  6  1  7 1078.38291 5.85e-05 1.14e+09 
W  2-2P6   2  6  2  5 1062.21736 1.37e-02 1.11e+09 
W  2-2R6   2  6  2  7 1054.65029 8.02e-03 1.10e+09 
W  3-2P6   2  6  3  5 1040.19122 1.06e-02 1.10e+09 
W  3-2R6   2  6  3  7 1033.49484 8.35e-03 9.59e+08 
W  4-2P6   2  6  4  5 1020.42430 3.78e-03 1.06e+09 
W  4-2R6   2  6  4  7 1013.81927 3.50e-03 9.65e+08 
W  5-2P6   2  6  5  5 1002.84869 8.73e-04 8.60e+08 
W  5-2R6   2  6  5  7  996.80355 7.32e-04 1.03e+09 
W  6-2P6   2  6  6  5  986.51503 7.09e-04 9.72e+08 
W  6-2R6   2  6  6  7  981.55405 7.83e-05 1.01e+09 
W  7-2P6   2  6  7  5  972.47469 1.58e-03 1.02e+09 
W  7-2R6   2  6  7  7  968.08626 1.73e-03 8.73e+08 
W  8-2P6   2  6  8  5  960.05720 2.08e-03 9.61e+08 
W  8-2R6   2  6  8  7  955.52582 6.54e-05 6.50e+08 
W  9-2P6   2  6  9  5  949.26618 1.98e-03 8.50e+08 
W  9-2R6   2  6  9  7  945.42327 3.08e-04 6.37e+08 
W  10-2P6  2  6 10  5  940.11010 1.57e-03 5.60e+08 
W  10-2R6  2  6 10  7  936.83845 6.88e-04 3.51e+08 
W  11-2P6  2  6 11  5  932.65016 1.21e-03 3.58e+08 
W  11-2R6  2  6 11  7  929.99673 8.15e-04 2.25e+08 
W  12-2P6  2  6 12  5  927.12062 5.74e-04 2.98e+08 
L  0-2P7   2  7  0  6 1249.39857 2.01e-02 1.82e+09 
L  0-2R7   2  7  0  8 1241.10824 1.93e-02 1.78e+09 
L  1-2P7   2  7  1  6 1229.71735 2.95e-02 1.70e+09 
L  1-2R7   2  7  1  8 1222.02853 3.43e-02 1.67e+09 
L  2-2P7   2  7  2  6 1211.11034 2.10e-02 1.59e+09 
L  2-2R7   2  7  2  8 1203.94547 3.08e-02 1.56e+09 
L  3-2P7   2  7  3  6 1193.50414 7.79e-03 1.50e+09 
L  3-2R7   2  7  3  8 1186.80515 1.67e-02 1.48e+09 
L  4-2P7   2  7  4  6 1176.83568 6.78e-04 1.41e+09 
L  4-2R7   2  7  4  8 1170.55584 4.66e-03 1.38e+09 
L  5-2P7   2  7  5  6 1161.04710 7.27e-04 1.31e+09 
L  5-2R7   2  7  5  8 1155.14832 7.91e-05 1.26e+09 
L  6-2P7   2  7  6  6 1146.08544 4.16e-03 1.11e+09 
L  6-2R7   2  7  6  8 1140.53488 1.54e-03 1.07e+09 
L  7-2P7   2  7  7  6 1131.90329 7.54e-03 9.52e+08 
L  7-2R7   2  7  7  8 1126.67145 5.18e-03 8.04e+08 
L  8-2P7   2  7  8  6 1118.16274 2.53e-03 8.90e+08 
L  8-2R7   2  7  8  8 1113.52598 6.89e-03 6.46e+08 
L  9-2P7   2  7  9  6 1105.66730 6.12e-03 6.30e+08 
L  9-2R7   2  7  9  8 1100.99396 1.25e-02 6.25e+08 
L  10-2P7  2  7 10  6 1093.61545 3.79e-03 6.23e+08 
L  10-2R7  2  7 10  8 1089.15472 1.05e-02 5.52e+08 
L  11-2P7  2  7 11  6 1082.00260 2.91e-03 4.82e+08 
L  11-2R7  2  7 11  8 1077.78109 8.74e-03 4.83e+08 
L  12-2P7  2  7 12  6 1071.11313 6.81e-04 4.66e+08 
L  12-2R7  2  7 12  8 1067.12858 6.75e-03 4.57e+08 
L  13-2P7  2  7 13  6 1060.61387 9.92e-04 4.36e+08 
L  13-2R7  2  7 13  8 1056.61870 3.70e-04 5.59e+08 
L  14-2P7  2  7 14  6 1050.77867 1.39e-05 3.95e+08 
L  14-2R7  2  7 14  8 1047.19257 1.88e-03 3.83e+08 
L  15-2P7  2  7 15  6 1041.23802 2.30e-04 3.94e+08 
L  15-2R7  2  7 15  8 1038.17558 2.93e-03 4.41e+08 
L  16-2P7  2  7 16  6 1032.37188 1.51e-04 3.34e+08 
L  16-2R7  2  7 16  8 1029.12718 2.39e-05 3.28e+08 
L  17-2P7  2  7 17  6 1023.54858 1.05e-04 4.70e+08 
L  17-2R7  2  7 17  8 1020.87568 1.40e-05 3.29e+08 
L  18-2P7  2  7 18  6 1015.69327 5.87e-04 2.93e+08 
L  18-2R7  2  7 18  8 1012.73596 6.08e-04 3.01e+08 
L  19-2P7  2  7 19  6 1008.17814 1.20e-03 3.90e+08 
L  19-2R7  2  7 19  8 1005.25628 7.28e-04 2.82e+08 
L  20-2P7  2  7 20  6 1000.57113 1.10e-03 2.69e+08 
L  20-2R7  2  7 20  8  997.83649 1.79e-03 3.03e+08 
L  21-2P7  2  7 21  6  993.67111 1.12e-03 2.74e+08 
L  21-2R7  2  7 21  8  991.10955 2.00e-03 2.47e+08 
L  22-2P7  2  7 22  6  986.86171 1.61e-03 2.45e+08 
L  22-2R7  2  7 22  8  984.18494 1.66e-03 4.49e+08 
L  23-2P7  2  7 23  6  980.61020 1.27e-03 2.27e+08 
L  23-2R7  2  7 23  8  978.30491 2.85e-03 2.15e+08 
L  24-2P7  2  7 24  6  974.44878 2.15e-03 2.28e+08 
L  24-2R7  2  7 24  8  972.67919 3.33e-03 3.77e+08 
L  25-2P7  2  7 25  6  968.83340 1.39e-03 1.90e+08 
L  25-2R7  2  7 25  8  966.74943 3.08e-03 1.90e+08 
L  26-2P7  2  7 26  6  963.23969 2.87e-03 2.63e+08 
L  26-2R7  2  7 26  8  961.59560 3.93e-03 2.23e+08 
L  27-2P7  2  7 27  6  958.27462 1.40e-03 1.67e+08 
L  27-2R7  2  7 27  8  956.39855 2.83e-03 1.80e+08 
L  28-2P7  2  7 28  6  953.18417 3.74e-03 3.65e+08 
L  28-2R7  2  7 28  8  951.81512 3.69e-03 1.80e+08 
L  29-2P7  2  7 29  6  948.93929 1.31e-03 1.49e+08 
L  29-2R7  2  7 29  8  947.27720 2.30e-03 1.51e+08 
L  30-2P7  2  7 30  6  945.08650 1.39e-04 3.60e+08 
L  30-2R7  2  7 30  8  943.34087 3.16e-03 1.33e+08 
L  31-2P7  2  7 31  6  940.95489 1.10e-03 1.14e+08 
L  31-2R7  2  7 31  8  939.54922 1.71e-03 1.23e+08 
L  32-2P7  2  7 32  6  937.78878 4.00e-05 1.65e+08 
L  32-2R7  2  7 32  8  936.43112 2.35e-03 9.86e+07 
L  33-2P7  2  7 33  6  934.71292 7.73e-04 8.27e+07 
L  33-2R7  2  7 33  8  933.68398 8.93e-04 8.36e+07 
L  34-2P7  2  7 34  6  932.61380 5.32e-05 7.33e+07 
L  34-2R7  2  7 34  8  931.88116 9.68e-04 4.39e+07 
L  35-2P7  2  7 35  6  931.33005 3.27e-04 2.18e+07 
L  35-2R7  2  7 35  8  931.06385 2.87e-04 1.03e+07 
L  36-2P7  2  7 36  6  931.00404 3.69e-05 5.70e+06 
W  0-2Q7   2  7  0  7 1113.78258 7.14e-02 1.16e+09 
W  1-2Q7   2  7  1  7 1086.87607 7.01e-04 1.14e+09 
W  2-2Q7   2  7  2  7 1062.73043 2.29e-02 1.12e+09 
W  3-2Q7   2  7  3  7 1041.04302 2.11e-02 1.11e+09 
W  4-2Q7   2  7  4  7 1021.56639 8.06e-03 1.09e+09 
W  5-2Q7   2  7  5  7 1004.10770 9.25e-04 1.08e+09 
W  6-2Q7   2  7  6  7  988.51455 2.48e-04 1.07e+09 
W  7-2Q7   2  7  7  7  974.67796 2.09e-03 1.04e+09 
W  8-2Q7   2  7  8  7  962.52570 3.88e-03 1.02e+09 
W  9-2Q7   2  7  9  7  952.03124 4.73e-03 7.50e+08 
W  10-2Q7  2  7 10  7  943.22591 4.64e-03 6.66e+08 
W  11-2Q7  2  7 11  7  936.21572 3.85e-03 3.41e+08 
W  12-2Q7  2  7 12  7  931.25304 2.48e-03 2.21e+08 
W  0-2P7   2  7  0  6 1118.80889 3.69e-02 9.52e+08 
W  0-2R7   2  7  0  8 1107.84126 3.71e-02 1.16e+09 
W  1-2P7   2  7  1  6 1091.04521 2.09e-03 1.13e+09 
W  1-2R7   2  7  1  8 1081.49486 1.00e-10 1.13e+09 
W  2-2P7   2  7  2  6 1066.51320 1.42e-02 1.11e+09 
W  2-2R7   2  7  2  8 1058.05763 9.74e-03 9.70e+08 
W  3-2P7   2  7  3  6 1044.51624 1.11e-02 1.08e+09 
W  3-2R7   2  7  3  8 1036.32162 5.47e-03 1.01e+09 
W  4-2P7   2  7  4  6 1024.91129 4.03e-03 9.25e+08 
W  4-2R7   2  7  4  8 1017.41727 3.41e-03 1.05e+09 
W  5-2P7   2  7  5  6 1006.68134 2.12e-05 9.54e+08 
W  5-2R7   2  7  5  8 1000.46452 4.01e-04 1.01e+09 
W  6-2P7   2  7  6  6  990.97048 4.08e-04 1.02e+09 
W  6-2R7   2  7  6  8  985.48421 6.40e-04 8.18e+08 
W  7-2P7   2  7  7  6  976.95729 2.46e-04 7.68e+08 
W  7-2R7   2  7  7  8  971.38306 3.33e-05 8.24e+08 
W  8-2P7   2  7  8  6  964.64815 1.37e-03 8.87e+08 
W  8-2R7   2  7  8  8  959.75102 4.21e-04 8.78e+08 
W  9-2P7   2  7  9  6  954.03798 6.40e-04 6.13e+08 
W  9-2R7   2  7  9  8  949.67258 1.09e-03 6.85e+08 
W  10-2P7  2  7 10  6  944.40451 3.84e-03 3.43e+08 
W  10-2R7  2  7 10  8  941.26152 1.40e-03 3.87e+08 
W  11-2P7  2  7 11  6  937.23154 3.14e-03 2.19e+08 
W  11-2R7  2  7 11  8  934.68173 1.38e-03 2.52e+08 
W  12-2P7  2  7 12  6  932.09015 1.91e-03 1.96e+08 
L  0-2P8   2  8  0  7 1257.63210 1.99e-02 1.80e+09 
L  0-2R8   2  8  0  9 1248.33815 1.84e-02 1.76e+09 
L  1-2P8   2  8  1  7 1237.86230 2.98e-02 1.68e+09 
L  1-2R8   2  8  1  9 1229.22623 3.37e-02 1.65e+09 
L  2-2P8   2  8  2  7 1219.15433 2.14e-02 1.58e+09 
L  2-2R8   2  8  2  9 1211.09582 3.12e-02 1.55e+09 
L  3-2P8   2  8  3  7 1201.44221 8.12e-03 1.49e+09 
L  3-2R8   2  8  3  9 1193.90013 1.78e-02 1.46e+09 
L  4-2P8   2  8  4  7 1184.66695 7.56e-04 1.39e+09 
L  4-2R8   2  8  4  9 1177.59152 5.44e-03 1.36e+09 
L  5-2P8   2  8  5  7 1168.77319 6.85e-04 1.28e+09 
L  5-2R8   2  8  5  9 1162.12261 2.05e-04 1.22e+09 
L  6-2P8   2  8  6  7 1153.70886 4.12e-03 1.09e+09 
L  6-2R8   2  8  6  9 1147.44733 1.21e-03 1.03e+09 
L  7-2P8   2  8  7  7 1139.42714 7.49e-03 8.11e+08 
L  7-2R8   2  8  7  9 1133.52236 4.78e-03 6.99e+08 
L  8-2P8   2  8  8  7 1125.91337 1.22e-02 6.47e+08 
L  8-2R8   2  8  8  9 1120.31035 7.34e-03 6.27e+08 
L  9-2P8   2  8  9  7 1113.00099 5.88e-03 6.21e+08 
L  9-2R8   2  8  9  9 1107.70823 1.45e-02 6.15e+08 
L  10-2P8  2  8 10  7 1100.83082 4.18e-03 5.54e+08 
L  10-2R8  2  8 10  9 1095.82220 1.09e-02 5.02e+08 
L  11-2P8  2  8 11  7 1089.15519 3.00e-03 4.78e+08 
L  11-2R8  2  8 11  9 1084.15328 7.44e-03 6.58e+08 
L  12-2P8  2  8 12  7 1078.18362 8.73e-04 4.56e+08 
L  12-2R8  2  8 12  9 1073.68738 6.99e-03 4.45e+08 
L  13-2P8  2  8 13  7 1067.58245 1.57e-03 4.34e+08 
L  13-2R8  2  8 13  9 1063.59240 6.86e-03 4.48e+08 
L  14-2P8  2  8 14  7 1057.70545 3.67e-05 3.88e+08 
L  14-2R8  2  8 14  9 1053.64663 1.92e-03 3.80e+08 
L  15-2P8  2  8 15  7 1047.91618 1.98e-03 4.99e+08 
L  15-2R8  2  8 15  9 1044.46736 1.60e-03 3.56e+08 
L  16-2P8  2  8 16  7 1039.16423 1.06e-04 3.30e+08 
L  16-2R8  2  8 16  9 1035.47346 9.63e-06 3.33e+08 
L  17-2P8  2  8 17  7 1030.81965 1.80e-03 4.22e+08 
L  17-2R8  2  8 17  9 1027.17093 1.44e-06 3.09e+08 
L  18-2P8  2  8 18  7 1022.35920 5.03e-04 2.95e+08 
L  18-2R8  2  8 18  9 1018.94442 8.92e-04 3.40e+08 
L  19-2P8  2  8 19  7 1014.69502 1.08e-03 3.01e+08 
L  19-2R8  2  8 19  9 1011.49381 7.25e-04 2.75e+08 
L  20-2P8  2  8 20  7 1007.11649 1.03e-03 2.72e+08 
L  20-2R8  2  8 20  9 1003.67667 1.97e-03 5.94e+08 
L  21-2P8  2  8 21  7 1000.16723 1.18e-03 2.55e+08 
L  21-2R8  2  8 21  9  997.28360 1.95e-03 2.43e+08 
L  22-2P8  2  8 22  7  993.28361 1.68e-03 2.65e+08 
L  22-2R8  2  8 22  9  990.93905 1.99e-03 3.21e+08 
L  23-2P8  2  8 23  7  987.03159 1.35e-03 2.19e+08 
L  23-2R8  2  8 23  9  984.41591 2.74e-03 2.15e+08 
L  24-2P8  2  8 24  7  980.70002 2.76e-03 3.37e+08 
L  24-2R8  2  8 24  9  978.62507 3.26e-03 2.22e+08 
L  25-2P8  2  8 25  7  975.18277 1.48e-03 1.87e+08 
L  25-2R8  2  8 25  9  972.80258 2.84e-03 2.07e+08 
L  26-2P8  2  8 26  7  970.12707 1.29e-05 4.80e+08 
L  26-2R8  2  8 26  9  967.61228 3.58e-03 1.87e+08 
L  27-2P8  2  8 27  7  964.56590 1.53e-03 1.71e+08 
L  27-2R8  2  8 27  9  962.40018 2.33e-03 2.14e+08 
L  28-2P8  2  8 28  7  959.92339 1.40e-04 2.50e+08 
L  28-2R8  2  8 28  9  957.84175 3.37e-03 1.63e+08 
L  29-2P8  2  8 29  7  955.19487 1.46e-03 1.44e+08 
L  29-2R8  2  8 29  9  953.24178 1.49e-03 1.74e+08 
L  30-2P8  2  8 30  7  951.15550 2.48e-04 1.54e+08 
L  30-2R8  2  8 30  9  949.39551 2.85e-03 1.18e+08 
L  31-2P8  2  8 31  7  947.21386 1.26e-03 1.14e+08 
L  31-2R8  2  8 31  9  945.53009 6.91e-04 1.48e+08 
L  32-2P8  2  8 32  7  943.96278 2.33e-04 1.07e+08 
L  32-2R8  2  8 32  9  942.58098 2.08e-03 9.13e+07 
L  33-2P8  2  8 33  7  941.05708 9.01e-04 7.73e+07 
L  33-2R8  2  8 33  9  940.24481 2.37e-03 1.17e+08 
L  34-2P8  2  8 34  7  939.04050 2.39e-04 5.04e+07 
L  34-2R8  2  8 34  9  938.31270 6.76e-04 3.63e+07 
L  35-2P8  2  8 35  7  938.04776 1.87e-04 4.85e+07 
L  35-2R8  2  8 35  9  937.72757 1.27e-04 5.98e+06 
L  36-2P8  2  8 36  7  937.88500 9.38e-04 5.65e+07 
L  37-2P8  2  8 37  7  937.71438 1.67e-04 9.81e+06 
W  0-2Q8   2  8  0  8 1117.84114 7.17e-02 1.16e+09 
W  1-2Q8   2  8  1  8 1091.02403 7.00e-04 1.14e+09 
W  2-2Q8   2  8  2  8 1066.96120 2.29e-02 1.12e+09 
W  3-2Q8   2  8  3  8 1045.35393 2.11e-02 1.10e+09 
W  4-2Q8   2  8  4  8 1025.95786 8.16e-03 1.09e+09 
W  5-2Q8   2  8  5  8 1008.58457 9.75e-04 1.08e+09 
W  6-2Q8   2  8  6  8  993.08475 2.17e-04 1.07e+09 
W  7-2Q8   2  8  7  8  979.35414 2.00e-03 1.02e+09 
W  8-2Q8   2  8  8  8  967.32642 3.75e-03 9.84e+08 
W  9-2Q8   2  8  9  8  956.98386 4.57e-03 5.34e+08 
W  10-2Q8  2  8 10  8  948.37034 4.45e-03 2.39e+08 
W  11-2Q8  2  8 11  8  941.61666 3.62e-03 1.92e+08 
W  0-2P8   2  8  0  7 1123.13868 2.92e-02 1.16e+09 
W  0-2R8   2  8  0  9 1111.26002 3.27e-02 1.15e+09 
W  1-2P8   2  8  1  7 1095.76408 1.67e-03 1.14e+09 
W  1-2R8   2  8  1  9 1085.29696 1.60e-03 9.44e+08 
W  2-2P8   2  8  2  7 1071.26895 1.42e-02 1.10e+09 
W  2-2R8   2  8  2  9 1061.30039 3.43e-03 1.06e+09 
W  3-2P8   2  8  3  7 1049.44844 9.98e-03 9.59e+08 
W  3-2R8   2  8  3  9 1040.30073 6.64e-03 1.07e+09 
W  4-2P8   2  8  4  7 1029.16669 2.61e-03 9.65e+08 
W  4-2R8   2  8  4  9 1021.49616 2.88e-03 1.01e+09 
W  5-2P8   2  8  5  7 1011.63635 1.94e-04 1.03e+09 
W  5-2R8   2  8  5  9 1004.95554 3.37e-06 7.11e+08 
W  6-2P8   2  8  6  7  995.93321 1.93e-04 1.01e+09 
W  6-2R8   2  8  6  9  989.13974 2.05e-04 9.31e+08 
W  7-2P8   2  8  7  7  982.07073 4.84e-04 8.73e+08 
W  7-2R8   2  8  7  9  975.95844 2.03e-04 9.41e+08 
W  8-2P8   2  8  8  7  969.14720 4.09e-03 6.50e+08 
W  8-2R8   2  8  8  9  964.41362 1.15e-03 8.45e+08 
W  9-2P8   2  8  9  7  958.75613 4.10e-03 6.37e+08 
W  9-2R8   2  8  9  9  954.54185 2.12e-03 5.10e+08 
W  10-2P8  2  8 10  7  949.92860 3.57e-03 3.51e+08 
W  10-2R8  2  8 10  9  946.39854 2.57e-03 2.04e+08 
W  11-2P8  2  8 11  7  942.89507 2.69e-03 2.25e+08 
W  11-2R8  2  8 11  9  939.72509 6.04e-07 1.33e+08 
L  0-2P9   2  9  0  8 1266.72023 1.97e-02 1.78e+09 
L  0-2R9   2  9  0 10 1256.45504 1.74e-02 1.74e+09 
L  1-2P9   2  9  1  8 1246.85123 3.00e-02 1.67e+09 
L  1-2R9   2  9  1 10 1237.29331 3.30e-02 1.63e+09 
L  2-2P9   2  9  2  8 1228.03174 2.20e-02 1.56e+09 
L  2-2R9   2  9  2 10 1219.10053 3.18e-02 1.53e+09 
L  3-2P9   2  9  3  8 1210.20381 8.51e-03 1.48e+09 
L  3-2R9   2  9  3 10 1201.83626 1.89e-02 1.44e+09 
L  4-2P9   2  9  4  8 1193.31201 8.63e-04 1.38e+09 
L  4-2R9   2  9  4 10 1185.45564 6.29e-03 1.33e+09 
L  5-2P9   2  9  5  8 1177.30370 6.19e-04 1.26e+09 
L  5-2R9   2  9  5 10 1169.91425 4.01e-04 1.18e+09 
L  6-2P9   2  9  6  8 1162.12801 4.04e-03 1.07e+09 
L  6-2R9   2  9  6 10 1155.16687 9.07e-04 8.67e+08 
L  7-2P9   2  9  7  8 1147.73798 7.40e-03 8.04e+08 
L  7-2R9   2  9  7 10 1141.17082 4.38e-03 6.51e+08 
L  8-2P9   2  9  8  8 1134.09930 1.00e-02 6.46e+08 
L  8-2R9   2  9  8 10 1127.88654 7.38e-03 6.20e+08 
L  9-2P9   2  9  9  8 1121.10263 5.46e-03 6.25e+08 
L  9-2R9   2  9  9 10 1115.53234 1.17e-03 7.74e+08 
L  10-2P9  2  9 10  8 1108.82939 4.32e-03 5.52e+08 
L  10-2R9  2  9 10 10 1103.26323 1.13e-02 4.93e+08 
L  11-2P9  2  9 11  8 1097.04336 3.29e-03 4.83e+08 
L  11-2R9  2  9 11 10 1091.94624 8.65e-03 4.80e+08 
L  12-2P9  2  9 12  8 1086.00863 1.03e-03 4.57e+08 
L  12-2R9  2  9 12 10 1080.99811 7.32e-03 4.27e+08 
L  13-2P9  2  9 13  8 1075.12547 5.64e-03 5.59e+08 
L  13-2R9  2  9 13 10 1070.76355 5.68e-03 3.99e+08 
L  14-2P9  2  9 14  8 1065.36777 7.92e-05 3.83e+08 
L  14-2R9  2  9 14 10 1060.82562 1.81e-03 3.77e+08 
L  15-2P9  2  9 15  8 1056.03646 1.72e-03 4.41e+08 
L  15-2R9  2  9 15 10 1051.58885 1.40e-03 3.42e+08 
L  16-2P9  2  9 16  8 1046.67544 4.92e-05 3.28e+08 
L  16-2R9  2  9 16 10 1042.46806 6.97e-05 3.87e+08 
L  17-2P9  2  9 17  8 1038.14131 8.86e-04 3.29e+08 
L  17-2R9  2  9 17 10 1034.20958 4.70e-07 3.01e+08 
L  18-2P9  2  9 18  8 1029.72507 3.58e-04 3.01e+08 
L  18-2R9  2  9 18 10 1026.64450 6.32e-04 5.63e+08 
L  19-2P9  2  9 19  8 1021.99330 9.77e-04 2.82e+08 
L  19-2R9  2  9 19 10 1018.44713 7.25e-04 2.69e+08 
L  20-2P9  2  9 20  8 1014.32532 8.60e-04 3.03e+08 
L  20-2R9  2  9 20 10 1011.33300 6.58e-04 2.99e+08 
L  21-2P9  2  9 21  8 1007.37499 1.19e-03 2.47e+08 
L  21-2R9  2  9 21 10 1004.15217 1.94e-03 2.44e+08 
L  22-2P9  2  9 22  8 1000.22205 1.76e-03 4.49e+08 
L  22-2R9  2  9 22 10  997.68338 2.16e-03 2.36e+08 
L  23-2P9  2  9 23  8  994.14943 1.42e-03 2.15e+08 
L  23-2R9  2  9 23 10  991.19423 2.60e-03 2.38e+08 
L  24-2P9  2  9 24  8  988.34055 2.14e-04 3.77e+08 
L  24-2R9  2  9 24 10  985.38769 3.07e-03 1.99e+08 
L  25-2P9  2  9 25  8  982.21889 1.62e-03 1.90e+08 
L  25-2R9  2  9 25 10  979.45399 2.15e-03 3.06e+08 
L  26-2P9  2  9 26  8  976.89926 5.21e-04 2.23e+08 
L  26-2R9  2  9 26 10  974.35308 3.35e-03 1.80e+08 
L  27-2P9  2  9 27  8  971.53594 1.76e-03 1.80e+08 
L  27-2R9  2  9 27 10  968.82608 6.03e-04 4.36e+08 
L  28-2P9  2  9 28  8  966.80663 6.36e-04 1.80e+08 
L  28-2R9  2  9 28 10  964.57316 3.13e-03 1.45e+08 
L  29-2P9  2  9 29  8  962.12499 1.78e-03 1.51e+08 
L  29-2R9  2  9 29 10  960.47271 3.78e-03 1.81e+08 
L  30-2P9  2  9 30  8  958.06456 6.11e-04 1.33e+08 
L  30-2R9  2  9 30 10  956.15458 2.61e-03 1.18e+08 
L  31-2P9  2  9 31  8  954.15386 1.61e-03 1.23e+08 
L  31-2R9  2  9 31 10  952.72575 3.20e-03 1.15e+08 
L  32-2P9  2  9 32  8  950.93824 4.97e-04 9.86e+07 
L  32-2R9  2  9 32 10  949.45212 1.79e-03 8.47e+07 
L  33-2P9  2  9 33  8  948.10545 1.27e-03 8.36e+07 
L  33-2R9  2  9 33 10  947.10154 1.80e-03 6.03e+07 
L  34-2P9  2  9 34  8  946.24657 3.29e-04 4.39e+07 
L  34-2R9  2  9 34 10  945.51382 1.85e-04 3.94e+07 
L  35-2P9  2  9 35  8  945.40387 5.18e-05 1.03e+07 
W  0-2Q9   2  9  0  9 1122.31052 7.23e-02 1.16e+09 
W  1-2Q9   2  9  1  9 1095.59781 6.95e-04 1.13e+09 
W  2-2Q9   2  9  2  9 1071.63230 2.29e-02 1.12e+09 
W  3-2Q9   2  9  3  9 1050.11881 2.12e-02 1.10e+09 
W  4-2Q9   2  9  4  9 1030.81763 8.27e-03 1.09e+09 
W  5-2Q9   2  9  5  9 1013.54460 1.03e-03 1.07e+09 
W  6-2Q9   2  9  6  9  998.15461 1.87e-04 1.06e+09 
W  7-2Q9   2  9  7  9  984.54888 1.89e-03 1.02e+09 
W  8-2Q9   2  9  8  9  972.66803 3.63e-03 9.40e+08 
W  9-2Q9   2  9  9  9  962.50550 4.37e-03 6.15e+08 
W  10-2Q9  2  9 10  9  954.12118 4.23e-03 2.42e+08 
W  11-2Q9  2  9 11  9  947.67974 3.34e-03 1.90e+08 
W  0-2P9   2  9  0  8 1128.20314 3.33e-02 1.16e+09 
W  0-2R9   2  9  0 10 1114.78681 4.43e-02 9.38e+08 
W  1-2P9   2  9  1  8 1100.89129 1.35e-03 1.13e+09 
W  1-2R9   2  9  1 10 1088.89890 6.90e-04 1.11e+09 
W  2-2P9   2  9  2  8 1076.61528 1.07e-02 9.70e+08 
W  2-2R9   2  9  2 10 1065.57960 5.06e-03 1.09e+09 
W  3-2P9   2  9  3  8 1054.11822 1.08e-02 1.01e+09 
W  3-2R9   2  9  3 10 1044.75370 6.71e-03 1.01e+09 
W  4-2P9   2  9  4  8 1034.56513 3.85e-03 1.05e+09 
W  4-2R9   2  9  4 10 1025.28444 2.89e-03 7.80e+08 
W  5-2P9   2  9  5  8 1017.04103 4.30e-04 1.01e+09 
W  5-2R9   2  9  5 10 1008.86011 1.06e-03 9.88e+08 
W  6-2P9   2  9  6  8 1001.56404 4.76e-06 8.18e+08 
W  6-2R9   2  9  6 10  994.06918 1.29e-07 9.72e+08 
W  7-2P9   2  9  7  8  987.00236 2.84e-03 8.24e+08 
W  7-2R9   2  9  7 10  981.06101 9.41e-04 8.46e+08 
W  8-2P9   2  9  8  8  974.99556 3.32e-03 8.78e+08 
W  8-2R9   2  9  8 10  969.88413 3.02e-03 5.33e+08 
W  9-2P9   2  9  9  8  964.59614 3.25e-03 6.85e+08 
W  9-2R9   2  9  9 10  959.43315 3.89e-08 2.87e+08 
W  10-2P9  2  9 10  8  955.91986 2.79e-03 3.87e+08 
W  10-2R9  2  9 10 10  951.67055 1.82e-04 2.01e+08 
W  11-2P9  2  9 11  8  949.13428 1.97e-03 2.52e+08 
W  11-2R9  2  9 11 10  945.97741 8.76e-04 1.18e+08 
L  0-2P10  2 10  0  9 1276.63051 1.93e-02 1.76e+09 
L  0-2R10  2 10  0 11 1265.42682 1.65e-02 1.71e+09 
L  1-2P10  2 10  1  9 1256.64940 3.02e-02 1.65e+09 
L  1-2R10  2 10  1 11 1246.19645 3.24e-02 1.61e+09 
L  2-2P10  2 10  2  9 1237.70725 2.24e-02 1.55e+09 
L  2-2R10  2 10  2 11 1227.92558 3.24e-02 1.51e+09 
L  3-2P10  2 10  3  9 1219.75317 8.98e-03 1.46e+09 
L  3-2R10  2 10  3 11 1210.57886 2.01e-02 1.42e+09 
L  4-2P10  2 10  4  9 1202.73565 1.01e-03 1.36e+09 
L  4-2R10  2 10  4 11 1194.11454 7.23e-03 1.31e+09 
L  5-2P10  2 10  5  9 1186.60362 5.37e-04 1.22e+09 
L  5-2R10  2 10  5 11 1178.48927 6.70e-04 1.16e+09 
L  6-2P10  2 10  6  9 1171.30760 3.91e-03 1.03e+09 
L  6-2R10  2 10  6 11 1163.65938 6.31e-04 8.87e+08 
L  7-2P10  2 10  7  9 1156.80116 7.30e-03 6.99e+08 
L  7-2R10  2 10  7 11 1149.58279 3.93e-03 6.50e+08 
L  8-2P10  2 10  8  9 1143.04421 9.30e-03 6.27e+08 
L  8-2R10  2 10  8 11 1136.21799 7.25e-03 6.18e+08 
L  9-2P10  2 10  9  9 1129.92844 4.19e-03 6.15e+08 
L  9-2R10  2 10  9 11 1123.54526 7.11e-03 5.67e+08 
L  10-2P10  2 10 10  9 1117.56343 4.37e-03 5.02e+08 
L  10-2R10  2 10 10 11 1111.44109 1.20e-02 4.84e+08 
L  11-2P10  2 10 11  9 1105.42945 4.59e-03 6.58e+08 
L  11-2R10  2 10 11 11 1100.01223 9.44e-03 4.62e+08 
L  12-2P10  2 10 12  9 1094.55080 1.19e-03 4.45e+08 
L  12-2R10  2 10 12 11 1089.01879 7.75e-03 4.29e+08 
L  13-2P10  2 10 13  9 1084.06161 1.88e-04 4.48e+08 
L  13-2R10  2 10 13 11 1078.71979 5.62e-03 3.87e+08 
L  14-2P10  2 10 14  9 1073.73119 1.70e-04 3.80e+08 
L  14-2R10  2 10 14 11 1068.58864 6.52e-04 4.65e+08 
L  15-2P10  2 10 15  9 1064.20022 3.52e-04 3.56e+08 
L  15-2R10  2 10 15 11 1059.43336 1.38e-03 3.35e+08 
L  16-2P10  2 10 16  9 1054.86478 3.15e-07 3.33e+08 
L  16-2R10  2 10 16 11 1050.77469 2.52e-03 4.36e+08 
L  17-2P10  2 10 17  9 1046.24968 5.98e-04 3.09e+08 
L  17-2R10  2 10 17 11 1041.94474 4.92e-08 2.99e+08 
L  18-2P10  2 10 18  9 1037.71600 8.54e-05 3.40e+08 
L  18-2R10  2 10 18 11 1033.98416 2.19e-07 3.01e+08 
L  19-2P10  2 10 19  9 1029.98938 8.78e-04 2.75e+08 
L  19-2R10  2 10 19 11 1026.07271 8.00e-04 2.75e+08 
L  20-2P10  2 10 20  9 1021.88489 2.15e-04 5.94e+08 
L  20-2R10  2 10 20 11 1018.86240 8.42e-04 2.54e+08 
L  21-2P10  2 10 21  9 1015.25852 1.18e-03 2.43e+08 
L  21-2R10  2 10 21 11 1011.64013 2.08e-03 2.86e+08 
L  22-2P10  2 10 22  9 1008.68396 7.66e-04 3.21e+08 
L  22-2R10  2 10 22 11 1005.18596 2.12e-03 2.20e+08 
L  23-2P10  2 10 23  9 1001.92590 1.50e-03 2.15e+08 
L  23-2R10  2 10 23 11  998.38481 1.85e-03 4.93e+08 
L  24-2P10  2 10 24  9  995.92785 8.61e-04 2.22e+08 
L  24-2R10  2 10 24 11  992.84082 2.95e-03 1.96e+08 
L  25-2P10  2 10 25  9  989.89829 1.86e-03 2.07e+08 
L  25-2R10  2 10 25 11  987.45264 2.99e-03 3.24e+08 
L  26-2P10  2 10 26  9  984.52446 9.35e-04 1.87e+08 
L  26-2R10  2 10 26 11  981.76490 3.15e-03 1.82e+08 
L  27-2P10  2 10 27  9  979.12908 2.30e-03 2.14e+08 
L  27-2R10  2 10 27 11  976.89182 3.64e-03 2.13e+08 
L  28-2P10  2 10 28  9  974.41118 9.41e-04 1.63e+08 
L  28-2R10  2 10 28 11  971.96390 2.84e-03 1.51e+08 
L  29-2P10  2 10 29  9  969.65108 2.69e-03 1.74e+08 
L  29-2R10  2 10 29 11  967.73213 3.41e-03 1.33e+08 
L  30-2P10  2 10 30  9  965.67154 8.59e-04 1.18e+08 
L  30-2R10  2 10 30 11  963.57234 2.20e-03 1.29e+08 
L  31-2P10  2 10 31  9  961.67273 2.78e-03 1.48e+08 
L  31-2R10  2 10 31 11  960.14828 2.72e-03 1.01e+08 
L  32-2P10  2 10 32  9  958.62222 6.89e-04 9.13e+07 
L  32-2R10  2 10 32 11  956.99476 1.19e-03 9.30e+07 
L  33-2P10  2 10 33  9  956.20596 1.95e-04 1.17e+08 
L  33-2R10  2 10 33 11  954.83187 1.38e-03 5.28e+07 
L  34-2P10  2 10 34  9  954.20776 4.05e-04 3.63e+07 
L  34-2R10  2 10 34 11  953.63721 5.35e-04 1.76e+07 
L  35-2P10  2 10 35  9  953.60265 4.50e-05 5.98e+06 
W  0-2Q10  2 10  0 10 1127.15986 7.28e-02 1.15e+09 
W  1-2Q10  2 10  1 10 1100.56792 6.88e-04 1.13e+09 
W  2-2Q10  2 10  2 10 1076.71520 2.28e-02 1.11e+09 
W  3-2Q10  2 10  3 10 1055.31085 2.14e-02 1.10e+09 
W  4-2Q10  2 10  4 10 1036.12019 8.39e-03 1.08e+09 
W  5-2Q10  2 10  5 10 1018.96373 1.10e-03 1.07e+09 
W  6-2Q10  2 10  6 10 1003.70205 1.54e-04 1.05e+09 
W  7-2Q10  2 10  7 10  990.24196 1.78e-03 1.02e+09 
W  8-2Q10  2 10  8 10  978.53333 3.42e-03 8.61e+08 
W  9-2Q10  2 10  9 10  968.58295 4.16e-03 6.95e+08 
W  10-2Q10  2 10 10 10  960.47178 3.98e-03 2.73e+08 
W  11-2Q10  2 10 11 10  954.41194 3.00e-03 2.06e+08 
W  0-2P10  2 10  0  9 1133.62439 3.70e-02 1.15e+09 
W  0-2R10  2 10  0 11 1119.28701 3.64e-02 1.14e+09 
W  1-2P10  2 10  1  9 1106.61849 9.57e-05 9.44e+08 
W  1-2R10  2 10  1 11 1093.40440 1.59e-04 1.11e+09 
W  2-2P10  2 10  2  9 1081.68062 1.67e-02 1.06e+09 
W  2-2R10  2 10  2 11 1070.36471 6.79e-03 9.98e+08 
W  3-2P10  2 10  3  9 1059.87499 1.27e-02 1.07e+09 
W  3-2R10  2 10  3 11 1049.04066 4.28e-03 9.57e+08 
W  4-2P10  2 10  4  9 1040.36275 4.55e-03 1.01e+09 
W  4-2R10  2 10  4 11 1030.61026 3.21e-03 1.02e+09 
W  5-2P10  2 10  5  9 1023.21061 1.13e-03 7.11e+08 
W  5-2R10  2 10  5 11 1014.12401 4.68e-04 9.80e+08 
W  6-2P10  2 10  6  9 1006.81969 8.37e-04 9.31e+08 
W  6-2R10  2 10  6 11  999.68630 5.69e-04 7.23e+08 
W  7-2P10  2 10  7  9  993.16622 1.86e-03 9.41e+08 
W  7-2R10  2 10  7 11  985.99853 1.20e-04 8.07e+08 
W  8-2P10  2 10  8  9  981.21320 2.25e-03 8.45e+08 
W  8-2R10  2 10  8 11  974.94508 1.61e-04 7.46e+08 
W  9-2P10  2 10  9  9  970.99634 1.94e-03 5.10e+08 
W  9-2R10  2 10  9 11  965.57773 6.49e-04 3.62e+08 
W  10-2P10  2 10 10  9  962.57110 1.26e-03 2.04e+08 
W  10-2R10  2 10 10 11  958.08594 1.11e-03 2.13e+08 
W  11-2P10  2 10 11  9  955.66845 2.60e-03 1.33e+08 
L  0-2P11  2 11  0 10 1287.32900 1.89e-02 1.74e+09 
L  0-2R11  2 11  0 12 1275.21970 1.56e-02 1.69e+09 
L  1-2P11  2 11  1 10 1267.22154 3.01e-02 1.63e+09 
L  1-2R11  2 11  1 12 1255.90069 3.19e-02 1.58e+09 
L  2-2P11  2 11  2 10 1248.14479 2.32e-02 1.53e+09 
L  2-2R11  2 11  2 12 1237.53570 3.29e-02 1.49e+09 
L  3-2P11  2 11  3 10 1230.05421 9.55e-03 1.44e+09 
L  3-2R11  2 11  3 12 1220.09278 2.13e-02 1.39e+09 
L  4-2P11  2 11  4 10 1212.90085 1.19e-03 1.33e+09 
L  4-2R11  2 11  4 12 1203.53237 8.26e-03 1.26e+09 
L  5-2P11  2 11  5 10 1196.63645 4.43e-04 1.18e+09 
L  5-2R11  2 11  5 12 1187.81252 1.02e-03 8.98e+08 
L  6-2P11  2 11  6 10 1181.21211 3.74e-03 8.67e+08 
L  6-2R11  2 11  6 12 1172.89024 3.97e-04 6.82e+08 
L  7-2P11  2 11  7 10 1166.58182 7.17e-03 6.51e+08 
L  7-2R11  2 11  7 12 1158.72277 3.48e-03 6.28e+08 
L  8-2P11  2 11  8 10 1152.70294 8.97e-03 6.20e+08 
L  8-2R11  2 11  8 12 1145.27177 6.99e-03 5.75e+08 
L  9-2P11  2 11  9 10 1139.80221 3.33e-02 7.74e+08 
L  9-2R11  2 11  9 12 1132.50001 8.42e-03 5.16e+08 
L  10-2P11  2 11 10 10 1126.99650 4.36e-03 4.93e+08 
L  10-2R11  2 11 10 12 1120.31362 1.41e-02 4.80e+08 
L  11-2P11  2 11 11 10 1115.18998 2.01e-03 4.80e+08 
L  11-2R11  2 11 11 12 1108.81070 9.96e-03 4.34e+08 
L  12-2P11  2 11 12 10 1103.77323 1.38e-03 4.27e+08 
L  12-2R11  2 11 12 12 1097.46691 6.95e-03 6.44e+08 
L  13-2P11  2 11 13 10 1093.10500 5.25e-05 3.99e+08 
L  13-2R11  2 11 13 12 1087.37587 5.82e-03 3.75e+08 
L  14-2P11  2 11 14 10 1082.75004 4.49e-04 3.77e+08 
L  14-2R11  2 11 14 12 1077.58017 5.11e-03 3.85e+08 
L  15-2P11  2 11 15 10 1073.12925 1.12e-04 3.42e+08 
L  15-2R11  2 11 15 12 1067.95254 1.38e-03 3.28e+08 
L  16-2P11  2 11 16 10 1063.63268 4.03e-04 3.87e+08 
L  16-2R11  2 11 16 12 1059.05480 1.05e-03 3.13e+08 
L  17-2P11  2 11 17 10 1055.03684 4.17e-04 3.01e+08 
L  17-2R11  2 11 17 12 1050.32396 8.54e-06 3.02e+08 
L  18-2P11  2 11 18 10 1047.16516 3.66e-03 5.63e+08 
L  18-2R11  2 11 18 12 1042.29074 1.13e-05 2.71e+08 
L  19-2P11  2 11 19 10 1038.63817 7.46e-04 2.69e+08 
L  19-2R11  2 11 19 12 1034.23932 1.42e-03 3.56e+08 
L  20-2P11  2 11 20 10 1031.24018 1.33e-03 2.99e+08 
L  20-2R11  2 11 20 12 1027.10088 8.75e-04 2.40e+08 
L  21-2P11  2 11 21 10 1023.77492 1.12e-03 2.44e+08 
L  21-2R11  2 11 21 12 1020.49022 1.92e-04 4.66e+08 
L  22-2P11  2 11 22 10 1017.05169 1.11e-03 2.36e+08 
L  22-2R11  2 11 22 12 1013.34761 2.09e-03 2.14e+08 
L  23-2P11  2 11 23 10 1010.30899 1.62e-03 2.38e+08 
L  23-2R11  2 11 23 12 1007.18404 2.07e-03 2.46e+08 
L  24-2P11  2 11 24 10 1004.27701 1.14e-03 1.99e+08 
L  24-2R11  2 11 24 12 1000.92866 2.84e-03 2.04e+08 
L  25-2P11  2 11 25 10  998.11436 2.52e-03 3.06e+08 
L  25-2R11  2 11 25 12  995.37430 3.10e-03 1.98e+08 
L  26-2P11  2 11 26 10  992.81776 1.19e-03 1.80e+08 
L  26-2R11  2 11 26 12  989.78326 2.83e-03 1.83e+08 
L  27-2P11  2 11 27 10  987.07991 3.85e-03 4.36e+08 
L  27-2R11  2 11 27 12  984.88769 3.37e-03 1.42e+08 
L  28-2P11  2 11 28 10  982.66558 1.20e-03 1.45e+08 
L  28-2R11  2 11 28 12  979.91450 2.03e-03 1.68e+08 
L  29-2P11  2 11 29 10  978.41020 4.05e-06 1.81e+08 
L  29-2R11  2 11 29 12  975.77235 3.10e-03 1.19e+08 
L  30-2P11  2 11 30 10  973.92966 1.12e-03 1.18e+08 
L  30-2R11  2 11 30 12  971.46308 7.27e-04 1.59e+08 
L  31-2P11  2 11 31 10  970.37240 3.62e-05 1.15e+08 
L  31-2R11  2 11 31 12  968.30149 2.40e-03 9.13e+07 
L  32-2P11  2 11 32 10  966.97659 9.27e-04 8.47e+07 
L  32-2R11  2 11 32 12  965.56393 2.43e-03 8.31e+07 
L  33-2P11  2 11 33 10  964.53855 1.69e-04 6.03e+07 
L  33-2R11  2 11 33 12  963.31300 9.68e-04 4.71e+07 
L  34-2P11  2 11 34 10  962.89188 8.21e-04 3.94e+07 
W  0-2Q11  2 11  0 11 1132.35805 7.32e-02 1.14e+09 
W  1-2Q11  2 11  1 11 1105.90463 6.84e-04 1.12e+09 
W  2-2Q11  2 11  2 11 1082.18140 2.28e-02 1.11e+09 
W  3-2Q11  2 11  3 11 1060.90271 2.14e-02 1.09e+09 
W  4-2Q11  2 11  4 11 1041.83955 8.53e-03 1.08e+09 
W  5-2Q11  2 11  5 11 1024.81791 1.18e-03 1.07e+09 
W  6-2Q11  2 11  6 11 1009.70488 1.20e-04 1.03e+09 
W  7-2Q11  2 11  7 11  996.41391 1.64e-03 1.01e+09 
W  8-2Q11  2 11  8 11  984.90583 3.21e-03 5.80e+08 
W  9-2Q11  2 11  9 11  975.20464 3.91e-03 2.47e+08 
W  10-2Q11  2 11 10 11  967.41935 3.68e-03 2.04e+08 
W  0-2P11  2 11  0 10 1139.02390 9.73e-03 9.38e+08 
W  0-2R11  2 11  0 12 1123.95315 3.19e-02 1.13e+09 
W  1-2P11  2 11  1 10 1112.01172 2.74e-03 1.11e+09 
W  1-2R11  2 11  1 12 1098.54220 1.19e-03 8.75e+08 
W  2-2P11  2 11  2 10 1087.70302 1.70e-02 1.09e+09 
W  2-2R11  2 11  2 12 1075.01197 2.81e-03 1.06e+09 
W  3-2P11  2 11  3 10 1066.01216 1.29e-02 1.01e+09 
W  3-2R11  2 11  3 12 1054.47502 5.76e-03 1.05e+09 
W  4-2P11  2 11  4 10 1045.75021 1.32e-03 7.80e+08 
W  4-2R11  2 11  4 12 1036.19459 2.34e-03 9.49e+08 
W  5-2P11  2 11  5 10 1028.66911 1.04e-04 9.88e+08 
W  5-2R11  2 11  5 12 1019.09135 2.03e-03 7.85e+08 
W  6-2P11  2 11  6 10 1013.29607 3.01e-04 9.72e+08 
W  6-2R11  2 11  6 12 1004.82689 2.12e-04 9.40e+08 
W  7-2P11  2 11  7 10  999.78325 7.94e-04 8.46e+08 
W  7-2R11  2 11  7 12  992.19903 1.53e-04 8.00e+08 
W  8-2P11  2 11  8 10  988.17823 3.10e-04 5.33e+08 
W  8-2R11  2 11  8 12  981.34705 1.12e-03 2.92e+08 
W  9-2P11  2 11  9 10  977.33148 4.22e-03 2.87e+08 
W  9-2R11  2 11  9 12  972.36122 2.31e-03 1.74e+08 
W  10-2P11  2 11 10 10  969.27777 3.56e-03 2.01e+08 
W  10-2R11  2 11 10 12  964.76942 4.05e-05 1.52e+08 
W  11-2P11  2 11 11 10  963.37267 1.59e-03 1.18e+08 
L  0-3R0   3  0  0  1 1274.53431 9.13e-02 1.86e+09 
L  1-3R0   3  0  1  1 1253.50119 5.88e-02 1.74e+09 
L  2-3R0   3  0  2  1 1233.70857 7.74e-03 1.63e+09 
L  3-3R0   3  0  3  1 1215.04144 3.04e-03 1.53e+09 
L  4-3R0   3  0  4  1 1197.41220 2.00e-02 1.45e+09 
L  5-3R0   3  0  5  1 1180.74614 2.77e-02 1.35e+09 
L  6-3R0   3  0  6  1 1164.97747 2.12e-02 1.26e+09 
L  7-3R0   3  0  7  1 1150.04843 9.34e-03 9.82e+08 
L  8-3R0   3  0  8  1 1135.90050 2.54e-03 8.09e+08 
L  9-3R0   3  0  9  1 1122.49143 2.80e-07 6.59e+08 
L  10-3R0  3  0 10  1 1109.76534 2.84e-03 6.32e+08 
L  11-3R0  3  0 11  1 1097.69556 5.96e-03 6.07e+08 
L  12-3R0  3  0 12  1 1086.22049 1.16e-02 4.71e+08 
L  13-3R0  3  0 13  1 1075.33542 1.15e-02 4.61e+08 
L  14-3R0  3  0 14  1 1064.88289 4.89e-03 6.37e+08 
L  15-3R0  3  0 15  1 1055.13681 9.91e-03 3.82e+08 
L  16-3R0  3  0 16  1 1045.78510 9.69e-03 3.76e+08 
L  17-3R0  3  0 17  1 1036.86426 5.22e-03 3.16e+08 
L  18-3R0  3  0 18  1 1028.39353 4.16e-03 3.03e+08 
L  19-3R0  3  0 19  1 1020.31717 1.55e-03 2.74e+08 
L  20-3R0  3  0 20  1 1012.64346 1.01e-03 2.63e+08 
L  21-3R0  3  0 21  1 1005.32480 7.23e-05 2.54e+08 
L  22-3R0  3  0 22  1  998.37823 1.45e-05 2.37e+08 
L  23-3R0  3  0 23  1  991.74334 4.04e-04 2.46e+08 
L  24-3R0  3  0 24  1  985.47664 2.85e-04 2.07e+08 
L  25-3R0  3  0 25  1  979.53996 1.77e-04 2.55e+08 
L  26-3R0  3  0 26  1  973.84695 9.60e-04 1.75e+08 
L  27-3R0  3  0 27  1  968.50574 1.25e-03 1.69e+08 
L  28-3R0  3  0 28  1  963.44831 1.55e-03 1.49e+08 
L  29-3R0  3  0 29  1  958.72460 1.89e-03 1.41e+08 
L  30-3R0  3  0 30  1  954.31285 1.86e-03 1.28e+08 
L  31-3R0  3  0 31  1  950.27279 2.15e-03 1.18e+08 
L  32-3R0  3  0 32  1  946.62332 1.83e-03 1.03e+08 
L  33-3R0  3  0 33  1  943.46441 1.94e-03 8.87e+07 
L  34-3R0  3  0 34  1  940.90956 1.29e-03 6.63e+07 
L  35-3R0  3  0 35  1  939.18725 8.37e-04 3.74e+07 
L  36-3R0  3  0 36  1  938.47243 3.21e-04 1.51e+07 
L  37-3R0  3  0 37  1  938.24174 4.59e-05 6.11e+06 
W  0-3R0   3  0  0  1 1144.55894 7.60e-02 1.18e+09 
W  1-3R0   3  0  1  1 1115.13041 8.45e-02 1.16e+09 
W  2-3R0   3  0  2  1 1088.76956 3.05e-02 1.14e+09 
W  3-3R0   3  0  3  1 1065.20367 7.40e-03 9.03e+08 
W  4-3R0   3  0  4  1 1043.85332 1.98e-02 1.10e+09 
W  5-3R0   3  0  5  1 1024.80415 2.69e-02 1.09e+09 
W  6-3R0   3  0  6  1 1007.75498 1.75e-02 1.07e+09 
W  7-3R0   3  0  7  1  992.57553 6.51e-03 1.05e+09 
W  8-3R0   3  0  8  1  979.08978 1.73e-03 9.61e+08 
W  9-3R0   3  0  9  1  967.38341 3.67e-05 9.89e+08 
W  10-3R0  3  0 10  1  957.34951 5.07e-04 6.55e+08 
W  11-3R0  3  0 11  1  949.05240 1.31e-03 6.20e+08 
W  12-3R0  3  0 12  1  942.62825 1.61e-03 4.09e+08 
W  13-3R0  3  0 13  1  938.37186 1.08e-03 2.09e+08 
L  0-3P1   3  1  0  0 1276.81275 3.06e-02 1.87e+09 
L  0-3R1   3  1  0  2 1274.92153 6.05e-02 1.86e+09 
L  1-3P1   3  1  1  0 1255.67439 1.89e-02 1.74e+09 
L  1-3R1   3  1  1  2 1253.93595 4.01e-02 1.73e+09 
L  2-3P1   3  1  2  0 1235.78874 2.16e-03 1.63e+09 
L  2-3R1   3  1  2  2 1234.17936 5.75e-03 1.62e+09 
L  3-3P1   3  1  3  0 1217.03775 1.28e-03 1.53e+09 
L  3-3R1   3  1  3  2 1215.54064 1.71e-03 1.53e+09 
L  4-3P1   3  1  4  0 1199.33212 6.99e-03 1.45e+09 
L  4-3R1   3  1  4  2 1197.93462 1.29e-02 1.44e+09 
L  5-3P1   3  1  5  0 1182.59574 9.23e-03 1.35e+09 
L  5-3R1   3  1  5  2 1181.28802 1.85e-02 1.34e+09 
L  6-3P1   3  1  6  0 1166.76230 6.74e-03 1.26e+09 
L  6-3R1   3  1  6  2 1165.53635 1.46e-02 1.25e+09 
L  7-3P1   3  1  7  0 1151.77226 2.95e-03 9.81e+08 
L  7-3R1   3  1  7  2 1150.62339 6.58e-03 9.86e+08 
L  8-3P1   3  1  8  0 1137.57075 5.01e-04 8.22e+08 
L  8-3R1   3  1  8  2 1136.48413 2.17e-03 7.83e+08 
L  9-3P1   3  1  9  0 1124.10843 5.03e-05 6.59e+08 
L  9-3R1   3  1  9  2 1123.08961 2.75e-05 6.58e+08 
L  10-3P1  3  1 10  0 1111.33844 9.38e-04 6.32e+08 
L  10-3R1  3  1 10  2 1110.36482 1.96e-03 6.32e+08 
L  11-3P1  3  1 11  0 1099.22011 2.20e-03 6.09e+08 
L  11-3R1  3  1 11  2 1098.31103 3.77e-03 6.02e+08 
L  12-3P1  3  1 12  0 1087.71213 3.17e-03 4.68e+08 
L  12-3R1  3  1 12  2 1086.81724 9.15e-03 4.83e+08 
L  13-3P1  3  1 13  0 1076.77990 3.57e-03 4.60e+08 
L  13-3R1  3  1 13  2 1075.96310 7.98e-03 4.63e+08 
L  14-3P1  3  1 14  0 1066.39037 3.42e-03 4.16e+08 
L  14-3R1  3  1 14  2 1065.71190 7.97e-03 5.11e+08 
L  15-3P1  3  1 15  0 1056.51187 2.91e-03 3.82e+08 
L  15-3R1  3  1 15  2 1055.77345 7.02e-03 3.83e+08 
L  16-3P1  3  1 16  0 1047.11614 2.22e-03 3.71e+08 
L  16-3R1  3  1 16  2 1046.44116 6.92e-03 3.79e+08 
L  17-3P1  3  1 17  0 1038.17699 1.54e-03 3.17e+08 
L  17-3R1  3  1 17  2 1037.50702 3.66e-03 3.17e+08 
L  18-3P1  3  1 18  0 1029.67111 9.43e-04 3.02e+08 
L  18-3R1  3  1 18  2 1029.05231 3.12e-03 3.06e+08 
L  19-3P1  3  1 19  0 1021.57578 4.97e-04 2.73e+08 
L  19-3R1  3  1 19  2 1020.96250 1.01e-03 2.77e+08 
L  20-3P1  3  1 20  0 1013.87087 2.05e-04 2.62e+08 
L  20-3R1  3  1 20  2 1013.30582 7.77e-04 2.65e+08 
L  21-3P1  3  1 21  0 1006.53756 4.87e-05 2.50e+08 
L  21-3R1  3  1 21  2 1005.96750 1.37e-05 2.65e+08 
L  22-3P1  3  1 22  0  999.56029 1.69e-07 2.36e+08 
L  22-3R1  3  1 22  2  999.04601 1.83e-05 2.37e+08 
L  23-3P1  3  1 23  0  992.92452 2.84e-05 2.25e+08 
L  23-3R1  3  1 23  2  992.32152 9.23e-04 3.98e+08 
L  24-3P1  3  1 24  0  986.61664 1.05e-04 2.07e+08 
L  24-3R1  3  1 24  2  986.14768 1.80e-04 2.06e+08 
L  25-3P1  3  1 25  0  980.62780 2.05e-04 1.92e+08 
L  25-3R1  3  1 25  2  980.23080 1.66e-04 2.37e+08 
L  26-3P1  3  1 26  0  974.94974 3.12e-04 1.75e+08 
L  26-3R1  3  1 26  2  974.52504 6.41e-04 1.75e+08 
L  27-3P1  3  1 27  0  969.57954 4.12e-04 1.62e+08 
L  27-3R1  3  1 27  2  969.20177 8.21e-04 1.73e+08 
L  28-3P1  3  1 28  0  964.51650 4.97e-04 1.49e+08 
L  28-3R1  3  1 28  2  964.13523 1.04e-03 1.51e+08 
L  29-3P1  3  1 29  0  959.76760 5.62e-04 1.38e+08 
L  29-3R1  3  1 29  2  959.42873 1.28e-03 1.43e+08 
L  30-3P1  3  1 30  0  955.34717 6.02e-04 1.27e+08 
L  30-3R1  3  1 30  2  955.01324 1.25e-03 1.29e+08 
L  31-3P1  3  1 31  0  951.28390 6.11e-04 1.16e+08 
L  31-3R1  3  1 31  2  950.99350 1.48e-03 1.21e+08 
L  32-3P1  3  1 32  0  947.62307 5.92e-04 1.03e+08 
L  32-3R1  3  1 32  2  947.34657 1.22e-03 1.04e+08 
L  33-3P1  3  1 33  0  944.44055 5.30e-04 8.73e+07 
L  33-3R1  3  1 33  2  944.21582 1.33e-03 8.98e+07 
L  34-3P1  3  1 34  0  941.86889 4.22e-04 6.64e+07 
L  34-3R1  3  1 34  2  941.68263 8.46e-04 6.66e+07 
L  35-3P1  3  1 35  0  940.11832 2.46e-04 3.77e+07 
L  35-3R1  3  1 35  2  940.00609 5.54e-04 3.67e+07 
L  36-3P1  3  1 36  0  939.36061 3.67e-05 1.15e+07 
L  36-3R1  3  1 36  2  939.33061 1.91e-04 1.25e+07 
L  37-3P1  3  1 37  0  939.14271 3.01e-05 4.65e+06 
L  37-3R1  3  1 37  2  939.12066 1.73e-04 1.82e+07 
W  0-3Q1   3  1  0  1 1145.90157 3.72e-02 1.18e+09 
W  1-3Q1   3  1  1  1 1116.40523 4.52e-02 1.16e+09 
W  2-3Q1   3  1  2  1 1089.98015 1.62e-02 1.14e+09 
W  3-3Q1   3  1  3  1 1066.26950 7.47e-04 1.12e+09 
W  4-3Q1   3  1  4  1 1044.98187 1.19e-02 1.11e+09 
W  5-3Q1   3  1  5  1 1025.88356 1.47e-02 1.09e+09 
W  6-3Q1   3  1  6  1 1008.79203 9.25e-03 1.08e+09 
W  7-3Q1   3  1  7  1  993.56587 3.60e-03 1.07e+09 
W  8-3Q1   3  1  8  1  980.10456 6.73e-04 1.02e+09 
W  9-3Q1   3  1  9  1  968.34922 1.63e-06 1.00e+09 
W  10-3Q1  3  1 10  1  958.29004 3.36e-04 6.56e+08 
W  11-3Q1  3  1 11  1  949.97417 7.93e-04 6.27e+08 
W  12-3Q1  3  1 12  1  943.53535 9.60e-04 4.12e+08 
W  13-3Q1  3  1 13  1  939.26867 6.75e-04 2.20e+08 
W  0-3R1   3  1  0  2 1144.26243 3.86e-02 1.18e+09 
W  1-3R1   3  1  1  2 1114.92825 3.94e-02 1.16e+09 
W  2-3R1   3  1  2  2 1088.66668 1.34e-02 1.13e+09 
W  3-3R1   3  1  3  2 1064.95706 1.86e-04 1.03e+09 
W  4-3R1   3  1  4  2 1043.86073 8.58e-03 1.10e+09 
W  5-3R1   3  1  5  2 1024.88566 1.25e-02 1.08e+09 
W  6-3R1   3  1  6  2 1007.91130 8.33e-03 1.06e+09 
W  7-3R1   3  1  7  2  992.86409 2.40e-03 8.91e+08 
W  8-3R1   3  1  8  2  979.33486 8.56e-04 9.73e+08 
W  9-3R1   3  1  9  2  967.69318 1.24e-05 9.80e+08 
W  10-3R1  3  1 10  2  957.72845 2.05e-04 6.33e+08 
W  11-3R1  3  1 11  2  949.50576 5.68e-04 6.00e+08 
W  12-3R1  3  1 12  2  943.17084 7.00e-04 4.29e+08 
W  13-3R1  3  1 13  2  939.04050 4.58e-04 2.23e+08 
L  0-3P2   3  2  0  1 1279.46398 3.68e-02 1.86e+09 
L  0-3R2   3  2  0  3 1276.32239 5.40e-02 1.85e+09 
L  1-3P2   3  2  1  1 1258.26919 2.24e-02 1.74e+09 
L  1-3R2   3  2  1  3 1255.37977 3.70e-02 1.73e+09 
L  2-3P2   3  2  2  1 1238.32691 2.44e-03 1.63e+09 
L  2-3R2   3  2  2  3 1235.65100 5.83e-03 1.62e+09 
L  3-3P2   3  2  3  1 1219.52082 1.65e-03 1.53e+09 
L  3-3R2   3  2  3  3 1217.03123 1.24e-03 1.53e+09 
L  4-3P2   3  2  4  1 1201.76231 8.54e-03 1.45e+09 
L  4-3R2   3  2  4  3 1199.43814 1.11e-02 1.44e+09 
L  5-3P2   3  2  5  1 1184.97579 1.10e-02 1.35e+09 
L  5-3R2   3  2  5  3 1182.80038 1.66e-02 1.33e+09 
L  6-3P2   3  2  6  1 1169.09470 7.94e-03 1.26e+09 
L  6-3R2   3  2  6  3 1167.05506 1.35e-02 1.23e+09 
L  7-3P2   3  2  7  1 1154.06063 3.47e-03 9.82e+08 
L  7-3R2   3  2  7  3 1152.14740 6.41e-03 9.94e+08 
L  8-3P2   3  2  8  1 1139.81442 4.50e-04 8.09e+08 
L  8-3R2   3  2  8  3 1138.00521 2.50e-03 7.46e+08 
L  9-3P2   3  2  9  1 1126.31334 1.35e-04 6.59e+08 
L  9-3R2   3  2  9  3 1124.61726 8.47e-05 6.53e+08 
L  10-3P2  3  2 10  1 1113.50093 1.09e-03 6.32e+08 
L  10-3R2  3  2 10  3 1111.87410 2.03e-03 6.30e+08 
L  11-3P2  3  2 11  1 1101.35021 2.75e-03 6.07e+08 
L  11-3R2  3  2 11  3 1099.83487 3.22e-03 5.85e+08 
L  12-3P2  3  2 12  1 1089.79900 3.39e-03 4.71e+08 
L  12-3R2  3  2 12  3 1088.23591 1.26e-02 5.70e+08 
L  13-3P2  3  2 13  1 1078.84245 4.09e-03 4.61e+08 
L  13-3R2  3  2 13  3 1077.48241 7.41e-03 4.63e+08 
L  14-3P2  3  2 14  1 1068.32197 3.71e-03 6.37e+08 
L  14-3R2  3  2 14  3 1067.20465 7.46e-03 4.55e+08 
L  15-3P2  3  2 15  1 1058.51312 3.27e-03 3.82e+08 
L  15-3R2  3  2 15  3 1057.28430 6.64e-03 3.85e+08 
L  16-3P2  3  2 16  1 1049.10174 2.09e-03 3.76e+08 
L  16-3R2  3  2 16  3 1047.96054 6.43e-03 3.80e+08 
L  17-3P2  3  2 17  1 1040.12447 1.74e-03 3.16e+08 
L  17-3R2  3  2 17  3 1039.00703 3.40e-03 3.19e+08 
L  18-3P2  3  2 18  1 1031.60061 8.99e-04 3.03e+08 
L  18-3R2  3  2 18  3 1030.56406 3.05e-03 3.09e+08 
L  19-3P2  3  2 19  1 1023.47399 6.01e-04 2.74e+08 
L  19-3R2  3  2 19  3 1022.44638 8.12e-04 2.87e+08 
L  20-3P2  3  2 20  1 1015.75291 1.93e-04 2.63e+08 
L  20-3R2  3  2 20  3 1014.80973 7.91e-04 2.68e+08 
L  21-3P2  3  2 21  1 1008.38940 8.31e-05 2.54e+08 
L  21-3R2  3  2 21  3 1007.40909 2.79e-05 3.11e+08 
L  22-3P2  3  2 22  1 1001.40056 1.37e-07 2.37e+08 
L  22-3R2  3  2 22  3 1000.54189 2.48e-05 2.38e+08 
L  23-3P2  3  2 23  1  994.72557 3.54e-06 2.46e+08 
L  23-3R2  3  2 23  3  994.09666 4.50e-04 4.22e+08 
L  24-3P2  3  2 24  1  988.42124 1.27e-04 2.07e+08 
L  24-3R2  3  2 24  3  987.63930 1.55e-04 2.06e+08 
L  25-3P2  3  2 25  1  982.44914 3.36e-04 2.55e+08 
L  25-3R2  3  2 25  3  981.72866 1.76e-04 2.22e+08 
L  26-3P2  3  2 26  1  976.72236 3.66e-04 1.75e+08 
L  26-3R2  3  2 26  3  976.01406 5.80e-04 1.75e+08 
L  27-3P2  3  2 27  1  971.34965 4.78e-04 1.69e+08 
L  27-3R2  3  2 27  3  970.70566 7.28e-04 1.75e+08 
L  28-3P2  3  2 28  1  966.26256 5.79e-04 1.49e+08 
L  28-3R2  3  2 28  3  965.62622 9.39e-04 1.57e+08 
L  29-3P2  3  2 29  1  961.51128 6.21e-04 1.41e+08 
L  29-3R2  3  2 29  3  960.93843 1.15e-03 1.47e+08 
L  30-3P2  3  2 30  1  957.07390 7.04e-04 1.28e+08 
L  30-3R2  3  2 30  3  956.51547 1.11e-03 1.34e+08 
L  31-3P2  3  2 31  1  953.01048 6.63e-04 1.18e+08 
L  31-3R2  3  2 31  3  952.52120 1.33e-03 1.20e+08 
L  32-3P2  3  2 32  1  949.33999 6.95e-04 1.03e+08 
L  32-3R2  3  2 32  3  948.87968 1.07e-03 1.05e+08 
L  33-3P2  3  2 33  1  946.16295 5.60e-04 8.87e+07 
L  33-3R2  3  2 33  3  945.78621 1.18e-03 9.00e+07 
L  34-3P2  3  2 34  1  943.59349 4.94e-04 6.63e+07 
L  34-3R2  3  2 34  3  943.28463 7.13e-04 6.76e+07 
L  35-3P2  3  2 35  1  941.86135 2.64e-04 3.74e+07 
L  35-3R2  3  2 35  3  941.67953 4.67e-04 3.52e+07 
L  36-3P2  3  2 36  1  941.14246 4.65e-05 1.51e+07 
L  36-3R2  3  2 36  3  941.06540 1.44e-04 1.06e+07 
L  37-3P2  3  2 37  1  940.91045 4.72e-05 6.11e+06 
L  37-3R2  3  2 37  3  940.86972 7.75e-05 6.39e+06 
W  0-3Q2   3  2  0  2 1146.94827 3.73e-02 1.18e+09 
W  1-3Q2   3  2  1  2 1117.47738 4.53e-02 1.16e+09 
W  2-3Q2   3  2  2  2 1091.07509 1.62e-02 1.14e+09 
W  3-3Q2   3  2  3  2 1067.38623 7.46e-04 1.12e+09 
W  4-3Q2   3  2  4  2 1046.11976 1.19e-02 1.10e+09 
W  5-3Q2   3  2  5  2 1027.04328 1.47e-02 1.09e+09 
W  6-3Q2   3  2  6  2 1009.97502 9.27e-03 1.08e+09 
W  7-3Q2   3  2  7  2  994.77485 3.61e-03 1.07e+09 
W  8-3Q2   3  2  8  2  981.34329 6.84e-04 1.02e+09 
W  9-3Q2   3  2  9  2  969.62307 1.34e-08 1.00e+09 
W  10-3Q2  3  2 10  2  959.60707 3.23e-04 6.33e+08 
W  11-3Q2  3  2 11  2  951.34598 7.71e-04 6.19e+08 
W  12-3Q2  3  2 12  2  944.98041 9.26e-04 4.39e+08 
W  13-3Q2  3  2 13  2  940.82476 6.26e-04 2.47e+08 
W  0-3P2   3  2  0  1 1148.53286 7.08e-03 1.18e+09 
W  0-3R2   3  2  0  3 1144.48506 3.13e-02 1.18e+09 
W  1-3P2   3  2  1  1 1118.90228 1.02e-02 1.16e+09 
W  1-3R2   3  2  1  3 1115.26311 2.90e-02 1.15e+09 
W  2-3P2   3  2  2  1 1092.36492 3.56e-03 1.14e+09 
W  2-3R2   3  2  2  3 1089.18355 5.90e-03 1.04e+09 
W  3-3P2   3  2  3  1 1068.64483 4.61e-04 9.03e+08 
W  3-3R2   3  2  3  3 1065.48276 1.12e-05 1.09e+09 
W  4-3P2   3  2  4  1 1047.15770 3.19e-03 1.10e+09 
W  4-3R2   3  2  4  3 1044.43845 6.30e-03 1.09e+09 
W  5-3P2   3  2  5  1 1027.98885 3.39e-03 1.09e+09 
W  5-3R2   3  2  5  3 1025.55204 9.51e-03 1.07e+09 
W  6-3P2   3  2  6  1 1010.83443 2.03e-03 1.07e+09 
W  6-3R2   3  2  6  3 1008.69159 6.32e-03 1.01e+09 
W  7-3P2   3  2  7  1  995.56278 8.10e-04 1.05e+09 
W  7-3R2   3  2  7  3  993.38456 2.09e-03 8.66e+08 
W  8-3P2   3  2  8  1  981.99628 4.91e-05 9.61e+08 
W  8-3R2   3  2  8  3  980.20813 6.41e-04 9.80e+08 
W  9-3P2   3  2  9  1  970.22072 2.33e-06 9.89e+08 
W  9-3R2   3  2  9  3  968.64515 9.63e-06 9.63e+08 
W  10-3P2  3  2 10  1  960.12818 1.06e-04 6.55e+08 
W  10-3R2  3  2 10  3  958.77139 1.58e-04 6.08e+08 
W  11-3P2  3  2 11  1  951.78305 2.17e-04 6.20e+08 
W  11-3R2  3  2 11  3  950.65158 4.36e-04 5.54e+08 
W  12-3P2  3  2 12  1  945.32201 2.55e-04 4.09e+08 
W  12-3R2  3  2 12  3  944.44554 5.37e-04 4.44e+08 
W  13-3P2  3  2 13  1  941.04131 1.67e-04 2.09e+08 
L  0-3P3   3  3  0  2 1283.11116 3.93e-02 1.86e+09 
L  0-3R3   3  3  0  4 1278.73379 5.07e-02 1.84e+09 
L  1-3P3   3  3  1  2 1261.85736 2.39e-02 1.73e+09 
L  1-3R3   3  3  1  4 1257.82778 3.63e-02 1.72e+09 
L  2-3P3   3  3  2  2 1241.85236 2.51e-03 1.62e+09 
L  2-3R3   3  3  2  4 1238.11794 6.32e-03 1.61e+09 
L  3-3P3   3  3  3  2 1222.98293 1.86e-03 1.53e+09 
L  3-3R3   3  3  3  4 1219.50684 8.94e-04 1.52e+09 
L  4-3P3   3  3  4  2 1205.16224 9.25e-03 1.44e+09 
L  4-3R3   3  3  4  4 1201.91585 1.01e-02 1.43e+09 
L  5-3P3   3  3  5  2 1188.31558 1.17e-02 1.34e+09 
L  5-3R3   3  3  5  4 1185.27621 1.58e-02 1.33e+09 
L  6-3P3   3  3  6  2 1172.37720 8.36e-03 1.25e+09 
L  6-3R3   3  3  6  4 1169.52635 1.33e-02 1.18e+09 
L  7-3P3   3  3  7  2 1157.28980 3.64e-03 9.86e+08 
L  7-3R3   3  3  7  4 1154.61268 6.63e-03 9.93e+08 
L  8-3P3   3  3  8  2 1142.98725 3.51e-04 7.83e+08 
L  8-3R3   3  3  8  4 1140.45424 3.16e-03 7.04e+08 
L  9-3P3   3  3  9  2 1129.43991 2.36e-04 6.58e+08 
L  9-3R3   3  3  9  4 1127.06459 1.68e-04 6.38e+08 
L  10-3P3  3  3 10  2 1116.57164 1.05e-03 6.32e+08 
L  10-3R3  3  3 10  4 1114.26498 3.21e-03 6.38e+08 
L  11-3P3  3  3 11  2 1104.38345 3.02e-03 6.02e+08 
L  11-3R3  3  3 11  4 1102.26045 2.95e-03 5.33e+08 
L  12-3P3  3  3 12  2 1092.76289 2.90e-03 4.83e+08 
L  12-3R3  3  3 12  4 1090.96392 6.08e-04 5.64e+08 
L  13-3P3  3  3 13  2 1081.79027 4.19e-03 4.63e+08 
L  13-3R3  3  3 13  4 1079.88259 7.26e-03 4.46e+08 
L  14-3P3  3  3 14  2 1071.42827 2.64e-03 5.11e+08 
L  14-3R3  3  3 14  4 1069.58667 7.25e-03 4.21e+08 
L  15-3P3  3  3 15  2 1061.38341 3.28e-03 3.83e+08 
L  15-3R3  3  3 15  4 1059.65812 6.60e-03 3.82e+08 
L  16-3P3  3  3 16  2 1051.95213 1.87e-03 3.79e+08 
L  16-3R3  3  3 16  4 1050.33676 6.27e-03 3.58e+08 
L  17-3P3  3  3 17  2 1042.92404 1.81e-03 3.17e+08 
L  17-3R3  3  3 17  4 1041.35036 3.22e-03 3.21e+08 
L  18-3P3  3  3 18  2 1034.38118 7.87e-04 3.06e+08 
L  18-3R3  3  3 18  4 1032.91956 3.08e-03 3.00e+08 
L  19-3P3  3  3 19  2 1026.20770 6.88e-04 2.77e+08 
L  19-3R3  3  3 19  4 1024.74073 4.66e-04 3.09e+08 
L  20-3P3  3  3 20  2 1018.47244 1.58e-04 2.65e+08 
L  20-3R3  3  3 20  4 1017.14541 8.26e-04 2.67e+08 
L  21-3P3  3  3 21  2 1011.05937 1.57e-04 2.65e+08 
L  21-3R3  3  3 21  4 1009.46515 1.25e-03 6.16e+08 
L  22-3P3  3  3 22  2 1004.06788 8.76e-07 2.37e+08 
L  22-3R3  3  3 22  4 1002.86056 2.99e-05 2.38e+08 
L  23-3P3  3  3 23  2  997.27584 8.47e-05 3.98e+08 
L  23-3R3  3  3 23  4  996.34580 9.59e-05 2.78e+08 
L  24-3P3  3  3 24  2  991.04040 1.35e-04 2.06e+08 
L  24-3R3  3  3 24  4  989.94160 1.45e-04 2.07e+08 
L  25-3P3  3  3 25  2  985.06484 3.65e-04 2.37e+08 
L  25-3R3  3  3 25  4  984.03443 1.80e-04 2.06e+08 
L  26-3P3  3  3 26  2  979.30283 3.77e-04 1.75e+08 
L  26-3R3  3  3 26  4  978.30357 5.59e-04 1.80e+08 
L  27-3P3  3  3 27  2  973.92738 4.95e-04 1.73e+08 
L  27-3R3  3  3 27  4  973.01006 6.79e-04 1.68e+08 
L  28-3P3  3  3 28  2  968.81144 6.03e-04 1.51e+08 
L  28-3R3  3  3 28  4  967.91123 8.85e-04 1.66e+08 
L  29-3P3  3  3 29  2  964.05929 6.23e-04 1.43e+08 
L  29-3R3  3  3 29  4  963.24767 1.08e-03 1.47e+08 
L  30-3P3  3  3 30  2  959.60117 7.41e-04 1.29e+08 
L  30-3R3  3  3 30  4  958.80899 1.01e-03 1.36e+08 
L  31-3P3  3  3 31  2  955.54280 6.53e-04 1.21e+08 
L  31-3R3  3  3 31  4  954.85029 1.25e-03 1.20e+08 
L  32-3P3  3  3 32  2  951.86096 7.34e-04 1.04e+08 
L  32-3R3  3  3 32  4  951.20997 9.35e-04 1.11e+08 
L  33-3P3  3  3 33  2  948.70036 5.44e-04 8.98e+07 
L  33-3R3  3  3 33  4  948.17053 1.10e-03 8.78e+07 
L  34-3P3  3  3 34  2  946.14308 5.20e-04 6.66e+07 
L  34-3R3  3  3 34  4  945.70911 5.69e-04 7.16e+07 
L  35-3P3  3  3 35  2  944.45063 2.55e-04 3.67e+07 
L  35-3R3  3  3 35  4  944.20718 3.94e-04 3.06e+07 
L  36-3P3  3  3 36  2  943.76875 5.69e-05 1.25e+07 
L  36-3R3  3  3 36  4  943.67256 1.12e-04 8.11e+06 
L  37-3P3  3  3 37  2  943.55681 5.21e-06 1.82e+07 
L  37-3R3  3  3 37  4  943.48826 3.98e-05 5.34e+06 
W  0-3Q3   3  3  0  3 1148.50793 3.72e-02 1.18e+09 
W  1-3Q3   3  3  1  3 1119.07545 4.54e-02 1.16e+09 
W  2-3Q3   3  3  2  3 1092.70821 1.62e-02 1.14e+09 
W  3-3Q3   3  3  3  3 1069.05222 7.45e-04 1.12e+09 
W  4-3Q3   3  3  4  3 1047.81790 1.19e-02 1.10e+09 
W  5-3Q3   3  3  5  3 1028.77473 1.47e-02 1.09e+09 
W  6-3Q3   3  3  6  3 1011.74187 9.28e-03 1.08e+09 
W  7-3Q3   3  3  7  3  996.58113 3.63e-03 1.07e+09 
W  8-3Q3   3  3  8  3  983.19474 7.03e-04 1.01e+09 
W  9-3Q3   3  3  9  3  971.52792 7.94e-08 9.96e+08 
W  10-3Q3  3  3 10  3  961.57766 3.04e-04 6.02e+08 
W  11-3Q3  3  3 11  3  953.40027 7.35e-04 5.91e+08 
W  12-3Q3  3  3 12  3  947.14729 8.76e-04 4.75e+08 
W  0-3P3   3  3  0  2 1150.85513 9.97e-03 1.18e+09 
W  0-3R3   3  3  0  4 1145.22875 2.78e-02 1.17e+09 
W  1-3P3   3  3  1  2 1121.18634 1.55e-02 1.16e+09 
W  1-3R3   3  3  1  4 1116.15888 2.27e-02 1.13e+09 
W  2-3P3   3  3  2  2 1094.63263 5.62e-03 1.13e+09 
W  2-3R3   3  3  2  4 1089.82620 1.59e-02 1.03e+09 
W  3-3P3   3  3  3  2 1070.66530 1.78e-03 1.03e+09 
W  3-3R3   3  3  3  4 1066.55006 1.35e-09 1.10e+09 
W  4-3P3   3  3  4  2 1049.34448 4.85e-03 1.10e+09 
W  4-3R3   3  3  4  4 1045.59254 5.44e-03 1.08e+09 
W  5-3P3   3  3  5  2 1030.17135 5.07e-03 1.08e+09 
W  5-3R3   3  3  5  4 1026.82498 8.43e-03 1.04e+09 
W  6-3P3   3  3  6  2 1013.02292 2.99e-03 1.06e+09 
W  6-3R3   3  3  6  4 1010.27572 4.19e-03 7.00e+08 
W  7-3P3   3  3  7  2  997.82385 1.11e-03 8.91e+08 
W  7-3R3   3  3  7  4  994.85342 2.08e-03 9.95e+08 
W  8-3P3   3  3  8  2  984.16004 1.05e-04 9.73e+08 
W  8-3R3   3  3  8  4  981.70880 5.18e-04 9.77e+08 
W  9-3P3   3  3  9  2  972.40405 8.92e-06 9.80e+08 
W  9-3R3   3  3  9  4  970.24633 3.34e-06 9.14e+08 
W  10-3P3  3  3 10  2  962.34257 1.54e-04 6.33e+08 
W  10-3R3  3  3 10  4  960.48811 1.72e-04 5.90e+08 
W  11-3P3  3  3 11  2  954.04080 3.14e-04 6.00e+08 
W  11-3R3  3  3 11  4  952.50033 4.37e-04 4.20e+08 
W  12-3P3  3  3 12  2  947.64543 3.62e-04 4.29e+08 
W  12-3R3  3  3 12  4  946.46617 5.35e-04 3.45e+08 
W  13-3P3  3  3 13  2  943.47589 1.96e-04 2.23e+08 
L  0-3P4   3  4  0  3 1287.73067 4.08e-02 1.85e+09 
L  0-3R4   3  4  0  5 1282.13774 4.88e-02 1.83e+09 
L  1-3P4   3  4  1  3 1266.41511 2.47e-02 1.73e+09 
L  1-3R4   3  4  1  5 1261.26037 3.64e-02 1.71e+09 
L  2-3P4   3  4  2  3 1246.34074 2.57e-03 1.62e+09 
L  2-3R4   3  4  2  5 1241.56018 6.98e-03 1.60e+09 
L  3-3P4   3  4  3  3 1227.39989 1.97e-03 1.53e+09 
L  3-3R4   3  4  3  5 1222.94689 6.03e-04 1.51e+09 
L  4-3P4   3  4  4  3 1209.50794 9.65e-03 1.44e+09 
L  4-3R4   3  4  4  5 1205.34716 9.26e-03 1.42e+09 
L  5-3P4   3  4  5  3 1192.59162 1.22e-02 1.33e+09 
L  5-3R4   3  4  5  5 1188.69456 1.53e-02 1.32e+09 
L  6-3P4   3  4  6  3 1176.58631 8.57e-03 1.23e+09 
L  6-3R4   3  4  6  5 1172.92917 1.34e-02 1.15e+09 
L  7-3P4   3  4  7  3 1161.43573 3.66e-03 9.94e+08 
L  7-3R4   3  4  7  5 1157.99847 7.05e-03 9.84e+08 
L  8-3P4   3  4  8  3 1147.06602 2.50e-04 7.46e+08 
L  8-3R4   3  4  8  5 1143.80068 4.70e-03 6.97e+08 
L  9-3P4   3  4  9  3 1133.46531 3.36e-04 6.53e+08 
L  9-3R4   3  4  9  5 1130.41202 2.81e-04 6.36e+08 
L  10-3P4  3  4 10  3 1120.52200 8.05e-04 6.30e+08 
L  10-3R4  3  4 10  5 1117.99523 5.45e-03 8.13e+08 
L  11-3P4  3  4 11  3 1108.29579 3.15e-03 5.85e+08 
L  11-3R4  3  4 11  5 1105.56706 2.75e-03 5.20e+08 
L  12-3P4  3  4 12  3 1096.51864 1.01e-03 5.70e+08 
L  12-3R4  3  4 12  5 1094.16229 2.65e-03 4.84e+08 
L  13-3P4  3  4 13  3 1085.60164 4.12e-03 4.63e+08 
L  13-3R4  3  4 13  5 1083.14526 7.33e-03 4.48e+08 
L  14-3P4  3  4 14  3 1075.16916 3.18e-03 4.55e+08 
L  14-3R4  3  4 14  5 1072.82877 7.21e-03 4.15e+08 
L  15-3P4  3  4 15  3 1065.10088 3.23e-03 3.85e+08 
L  15-3R4  3  4 15  5 1062.87298 6.67e-03 3.86e+08 
L  16-3P4  3  4 16  3 1055.63937 1.75e-03 3.80e+08 
L  16-3R4  3  4 16  5 1053.55072 6.24e-03 3.55e+08 
L  17-3P4  3  4 17  3 1046.55473 1.88e-03 3.19e+08 
L  17-3R4  3  4 17  5 1044.50184 2.78e-03 3.39e+08 
L  18-3P4  3  4 18  3 1037.98916 7.07e-04 3.09e+08 
L  18-3R4  3  4 18  5 1036.10065 3.13e-03 3.02e+08 
L  19-3P4  3  4 19  3 1029.75455 8.59e-04 2.87e+08 
L  19-3R4  3  4 19  5 1027.70043 3.25e-05 4.92e+08 
L  20-3P4  3  4 20  3 1022.00875 1.39e-04 2.68e+08 
L  20-3R4  3  4 20  5 1020.29447 8.51e-04 2.70e+08 
L  21-3P4  3  4 21  3 1014.50313 4.38e-04 3.11e+08 
L  21-3R4  3  4 21  5 1013.13612 1.59e-03 3.39e+08 
L  22-3P4  3  4 22  3 1007.53921 1.17e-06 2.38e+08 
L  22-3R4  3  4 22  5 1005.97934 3.06e-05 2.40e+08 
L  23-3P4  3  4 23  3 1001.00381 5.98e-04 4.22e+08 
L  23-3R4  3  4 23  5  999.44111 4.10e-05 2.46e+08 
L  24-3P4  3  4 24  3  994.45670 1.30e-04 2.06e+08 
L  24-3R4  3  4 24  5  993.03268 1.52e-04 2.10e+08 
L  25-3P4  3  4 25  3  988.46442 3.61e-04 2.22e+08 
L  25-3R4  3  4 25  5  987.13156 1.77e-04 2.00e+08 
L  26-3P4  3  4 26  3  982.67138 3.70e-04 1.75e+08 
L  26-3R4  3  4 26  5  981.36949 5.70e-04 1.95e+08 
L  27-3P4  3  4 27  3  977.29051 4.98e-04 1.75e+08 
L  27-3R4  3  4 27  5  976.10095 6.44e-04 1.67e+08 
L  28-3P4  3  4 28  3  972.14210 6.06e-04 1.57e+08 
L  28-3R4  3  4 28  5  970.95561 8.43e-04 1.98e+08 
L  29-3P4  3  4 29  3  967.39099 6.17e-04 1.47e+08 
L  29-3R4  3  4 29  5  966.34024 1.03e-03 1.49e+08 
L  30-3P4  3  4 30  3  962.90857 7.61e-04 1.34e+08 
L  30-3R4  3  4 30  5  961.85180 8.27e-04 1.61e+08 
L  31-3P4  3  4 31  3  958.86084 6.40e-04 1.20e+08 
L  31-3R4  3  4 31  5  957.96709 1.19e-03 1.20e+08 
L  32-3P4  3  4 32  3  955.17078 7.61e-04 1.05e+08 
L  32-3R4  3  4 32  5  954.29937 6.72e-04 1.43e+08 
L  33-3P4  3  4 33  3  952.03622 5.29e-04 9.00e+07 
L  33-3R4  3  4 33  5  951.35693 1.02e-03 8.61e+07 
L  34-3P4  3  4 34  3  949.50152 5.41e-04 6.76e+07 
L  34-3R4  3  4 34  5  948.90687 2.26e-04 1.45e+08 
L  35-3P4  3  4 35  3  947.87521 2.39e-04 3.52e+07 
L  35-3R4  3  4 35  5  947.58329 3.13e-04 2.70e+07 
L  36-3P4  3  4 36  3  947.25298 5.66e-05 1.06e+07 
L  36-3R4  3  4 36  5  947.14083 8.47e-05 6.71e+06 
L  37-3P4  3  4 37  3  947.05472 2.10e-05 6.39e+06 
W  0-3Q4   3  4  0  4 1150.56143 3.73e-02 1.17e+09 
W  1-3Q4   3  4  1  4 1121.18131 4.56e-02 1.15e+09 
W  2-3Q4   3  4  2  4 1094.86154 1.62e-02 1.13e+09 
W  3-3Q4   3  4  3  4 1071.25048 7.42e-04 1.12e+09 
W  4-3Q4   3  4  4  4 1050.06015 1.19e-02 1.10e+09 
W  5-3Q4   3  4  5  4 1031.06230 1.47e-02 1.09e+09 
W  6-3Q4   3  4  6  4 1014.07773 9.31e-03 1.08e+09 
W  7-3Q4   3  4  7  4  998.97066 3.68e-03 1.06e+09 
W  8-3Q4   3  4  8  4  985.64584 7.30e-04 1.01e+09 
W  9-3Q4   3  4  9  4  974.05194 7.77e-07 9.77e+08 
W  10-3Q4  3  4 10  4  964.19138 2.79e-04 5.74e+08 
W  11-3Q4  3  4 11  4  956.12843 6.87e-04 5.10e+08 
W  12-3Q4  3  4 12  4  950.03076 8.08e-04 4.91e+08 
W  0-3P4   3  4  0  3 1153.64977 1.15e-02 1.18e+09 
W  0-3R4   3  4  0  5 1146.49001 2.50e-02 1.17e+09 
W  1-3P4   3  4  1  3 1123.96401 1.93e-02 1.15e+09 
W  1-3R4   3  4  1  5 1117.12447 1.72e-02 9.53e+08 
W  2-3P4   3  4  2  3 1097.48077 8.36e-03 1.04e+09 
W  2-3R4   3  4  2  5 1091.40387 1.25e-02 1.11e+09 
W  3-3P4   3  4  3  3 1073.42149 1.34e-03 1.09e+09 
W  3-3R4   3  4  3  5 1068.16392 8.20e-06 1.10e+09 
W  4-3P4   3  4  4  3 1052.06557 5.83e-03 1.09e+09 
W  4-3R4   3  4  4  5 1047.33021 5.41e-03 1.06e+09 
W  5-3P4   3  4  5  3 1032.90484 6.03e-03 1.07e+09 
W  5-3R4   3  4  5  5 1028.82394 8.11e-03 8.60e+08 
W  6-3P4   3  4  6  3 1015.80377 3.36e-03 1.01e+09 
W  6-3R4   3  4  6  5 1011.64044 3.34e-03 9.72e+08 
W  7-3P4   3  4  7  3 1000.28178 8.52e-04 8.66e+08 
W  7-3R4   3  4  7  5  996.88116 1.88e-03 1.02e+09 
W  8-3P4   3  4  8  3  986.92297 1.62e-04 9.80e+08 
W  8-3R4   3  4  8  5  983.83674 4.04e-04 9.61e+08 
W  9-3P4   3  4  9  3  975.20198 5.95e-06 9.63e+08 
W  9-3R4   3  4  9  5  972.50769 1.73e-06 8.50e+08 
W  10-3P4  3  4 10  3  965.19479 1.59e-04 6.08e+08 
W  10-3R4  3  4 10  5  962.90004 2.92e-04 5.60e+08 
W  11-3P4  3  4 11  3  956.96628 3.34e-04 5.54e+08 
W  11-3R4  3  4 11  5  955.07554 6.15e-04 3.58e+08 
W  12-3P4  3  4 12  3  950.67779 3.75e-04 4.44e+08 
W  12-3R4  3  4 12  5  949.27772 7.73e-04 2.98e+08 
L  0-3P5   3  5  0  4 1293.30586 4.14e-02 1.84e+09 
L  0-3R5   3  5  0  6 1286.52244 4.72e-02 1.82e+09 
L  1-3P5   3  5  1  4 1271.92464 2.54e-02 1.72e+09 
L  1-3R5   3  5  1  6 1265.66402 3.69e-02 1.70e+09 
L  2-3P5   3  5  2  4 1251.77408 2.63e-03 1.61e+09 
L  2-3R5   3  5  2  6 1245.96199 7.84e-03 1.59e+09 
L  3-3P5   3  5  3  4 1232.75332 2.01e-03 1.52e+09 
L  3-3R5   3  5  3  6 1227.33571 3.58e-04 1.50e+09 
L  4-3P5   3  5  4  4 1214.78092 9.90e-03 1.43e+09 
L  4-3R5   3  5  4  6 1209.71586 8.48e-03 1.41e+09 
L  5-3P5   3  5  5  4 1197.78568 1.24e-02 1.33e+09 
L  5-3R5   3  5  5  6 1193.03895 1.49e-02 1.31e+09 
L  6-3P5   3  5  6  4 1181.70387 8.68e-03 1.18e+09 
L  6-3R5   3  5  6  6 1177.24702 1.36e-02 1.11e+09 
L  7-3P5   3  5  7  4 1166.48003 3.66e-03 9.93e+08 
L  7-3R5   3  5  7  6 1162.28821 7.56e-03 9.52e+08 
L  8-3P5   3  5  8  4 1152.03086 1.46e-04 7.04e+08 
L  8-3R5   3  5  8  6 1147.80477 2.15e-02 8.90e+08 
L  9-3P5   3  5  9  4 1138.36962 4.20e-04 6.38e+08 
L  9-3R5   3  5  9  6 1134.64195 4.38e-04 6.30e+08 
L  10-3P5  3  5 10  4 1125.31344 1.63e-04 6.38e+08 
L  10-3R5  3  5 10  6 1121.95380 4.15e-05 6.23e+08 
L  11-3P5  3  5 11  4 1113.07098 3.19e-03 5.33e+08 
L  11-3R5  3  5 11  6 1109.73467 2.64e-03 4.82e+08 
L  12-3P5  3  5 12  4 1101.55294 7.92e-03 5.64e+08 
L  12-3R5  3  5 12  6 1098.28280 3.31e-03 4.66e+08 
L  13-3P5  3  5 13  4 1090.25656 3.99e-03 4.46e+08 
L  13-3R5  3  5 13  6 1087.24689 7.62e-03 4.36e+08 
L  14-3P5  3  5 14  4 1079.76284 3.30e-03 4.21e+08 
L  14-3R5  3  5 14  6 1076.91395 7.25e-03 3.95e+08 
L  15-3P5  3  5 15  4 1069.64536 3.20e-03 3.82e+08 
L  15-3R5  3  5 15  6 1066.89507 6.68e-03 3.94e+08 
L  16-3P5  3  5 16  4 1060.14825 1.70e-03 3.58e+08 
L  16-3R5  3  5 16  6 1057.58855 6.28e-03 3.34e+08 
L  17-3P5  3  5 17  4 1050.99391 2.06e-03 3.21e+08 
L  17-3R5  3  5 17  6 1048.33088 1.08e-03 4.70e+08 
L  18-3P5  3  5 18  4 1042.40688 6.70e-04 3.00e+08 
L  18-3R5  3  5 18  6 1040.09212 3.18e-03 2.93e+08 
L  19-3P5  3  5 19  4 1034.07772 1.36e-03 3.09e+08 
L  19-3R5  3  5 19  6 1032.21299 4.83e-03 3.90e+08 
L  20-3P5  3  5 20  4 1026.34389 1.37e-04 2.67e+08 
L  20-3R5  3  5 20  6 1024.24039 8.49e-04 2.69e+08 
L  21-3P5  3  5 21  4 1018.52462 2.21e-03 6.16e+08 
L  21-3R5  3  5 21  6 1017.01124 1.01e-03 2.74e+08 
L  22-3P5  3  5 22  4 1011.80135 4.08e-07 2.38e+08 
L  22-3R5  3  5 22  6 1009.87935 2.15e-05 2.45e+08 
L  23-3P5  3  5 23  4 1005.17029 3.05e-04 2.78e+08 
L  23-3R5  3  5 23  6 1003.33378 2.76e-05 2.27e+08 
L  24-3P5  3  5 24  4  998.65252 1.15e-04 2.07e+08 
L  24-3R5  3  5 24  6  996.88444 2.01e-04 2.28e+08 
L  25-3P5  3  5 25  4  992.64125 3.47e-04 2.06e+08 
L  25-3R5  3  5 25  6  991.00828 1.72e-04 1.90e+08 
L  26-3P5  3  5 26  4  986.81000 3.46e-04 1.80e+08 
L  26-3R5  3  5 26  6  985.15635 6.55e-04 2.63e+08 
L  27-3P5  3  5 27  4  981.42429 4.94e-04 1.68e+08 
L  27-3R5  3  5 27  6  979.96337 6.16e-04 1.67e+08 
L  28-3P5  3  5 28  4  976.23712 6.00e-04 1.66e+08 
L  28-3R5  3  5 28  6  974.64054 6.77e-04 3.65e+08 
L  29-3P5  3  5 29  4  971.49318 6.10e-04 1.47e+08 
L  29-3R5  3  5 29  6  970.20284 9.81e-04 1.49e+08 
L  30-3P5  3  5 30  4  966.97837 7.87e-04 1.36e+08 
L  30-3R5  3  5 30  6  966.17583 7.81e-04 3.60e+08 
L  31-3P5  3  5 31  4  962.95206 6.34e-04 1.20e+08 
L  31-3R5  3  5 31  6  961.85819 1.12e-03 1.14e+08 
L  32-3P5  3  5 32  4  959.24982 8.10e-04 1.11e+08 
L  32-3R5  3  5 32  6  958.55009 1.14e-03 1.65e+08 
L  33-3P5  3  5 33  4  956.15887 5.24e-04 8.78e+07 
L  33-3R5  3  5 33  6  955.33676 9.44e-04 8.27e+07 
L  34-3P5  3  5 34  4  953.65585 5.99e-04 7.16e+07 
L  34-3R5  3  5 34  6  953.14410 9.21e-04 7.33e+07 
L  35-3P5  3  5 35  4  952.12859 2.20e-04 3.06e+07 
L  35-3R5  3  5 35  6  951.80325 2.25e-04 2.18e+07 
L  36-3P5  3  5 36  4  951.58497 5.22e-05 8.11e+06 
L  36-3R5  3  5 36  6  951.46275 4.44e-05 5.70e+06 
L  37-3P5  3  5 37  4  951.39757 1.20e-05 5.34e+06 
W  0-3Q5   3  5  0  5 1153.09372 3.75e-02 1.17e+09 
W  1-3Q5   3  5  1  5 1123.78061 4.58e-02 1.15e+09 
W  2-3Q5   3  5  2  5 1097.52172 1.62e-02 1.13e+09 
W  3-3Q5   3  5  3  5 1073.96805 7.38e-04 1.11e+09 
W  4-3Q5   3  5  4  5 1052.83394 1.18e-02 1.10e+09 
W  5-3Q5   3  5  5  5 1033.89426 1.47e-02 1.08e+09 
W  6-3Q5   3  5  6  5 1016.97142 9.35e-03 1.07e+09 
W  7-3Q5   3  5  7  5 1001.93323 3.73e-03 1.06e+09 
W  8-3Q5   3  5  8  5  988.68724 7.64e-04 1.00e+09 
W  9-3Q5   3  5  9  5  977.18689 2.76e-06 8.93e+08 
W  10-3Q5  3  5 10  5  967.44172 2.47e-04 5.72e+08 
W  11-3Q5  3  5 11  5  959.52687 6.28e-04 2.56e+08 
W  12-3Q5  3  5 12  5  953.63266 7.24e-04 1.75e+08 
W  0-3P5   3  5  0  4 1156.90300 1.25e-02 1.17e+09 
W  0-3R5   3  5  0  6 1148.48564 7.57e-03 9.52e+08 
W  1-3P5   3  5  1  4 1127.24512 2.26e-02 1.13e+09 
W  1-3R5   3  5  1  6 1119.24880 2.01e-02 1.13e+09 
W  2-3P5   3  5  2  4 1100.39304 2.01e-03 1.03e+09 
W  2-3R5   3  5  2  6 1093.44708 1.05e-02 1.11e+09 
W  3-3P5   3  5  3  4 1076.66825 1.23e-03 1.10e+09 
W  3-3R5   3  5  3  6 1070.33710 7.75e-05 1.08e+09 
W  4-3P5   3  5  4  4 1055.31519 6.37e-03 1.08e+09 
W  4-3R5   3  5  4  6 1049.76043 6.89e-03 9.25e+08 
W  5-3P5   3  5  5  4 1036.20017 6.33e-03 1.04e+09 
W  5-3R5   3  5  5  6 1030.64404 2.92e-03 9.54e+08 
W  6-3P5   3  5  6  4 1019.34981 2.08e-03 7.00e+08 
W  6-3R5   3  5  6  6 1014.18243 3.63e-03 1.02e+09 
W  7-3P5   3  5  7  4 1003.65138 1.35e-03 9.95e+08 
W  7-3R5   3  5  7  6  999.50994 9.19e-04 7.68e+08 
W  8-3P5   3  5  8  4  990.27481 2.27e-04 9.77e+08 
W  8-3R5   3  5  8  6  986.62969 2.31e-04 8.87e+08 
W  9-3P5   3  5  9  4  978.61262 7.02e-07 9.14e+08 
W  9-3R5   3  5  9  6  975.53324 1.17e-04 6.13e+08 
W  10-3P5  3  5 10  4  968.68625 1.21e-04 5.90e+08 
W  10-3R5  3  5 10  6  965.46307 2.89e-04 3.43e+08 
W  11-3P5  3  5 11  4  960.56211 2.80e-04 4.20e+08 
W  11-3R5  3  5 11  6  957.96791 8.52e-05 2.19e+08 
W  12-3P5  3  5 12  4  954.42570 2.94e-04 3.45e+08 
W  12-3R5  3  5 12  6  952.59715 1.04e-04 1.96e+08 
L  0-3P6   3  6  0  5 1299.80968 4.20e-02 1.83e+09 
L  0-3R6   3  6  0  7 1291.86532 4.56e-02 1.80e+09 
L  1-3P6   3  6  1  5 1278.35765 2.59e-02 1.71e+09 
L  1-3R6   3  6  1  7 1271.01351 3.74e-02 1.68e+09 
L  2-3P6   3  6  2  5 1258.12402 2.77e-03 1.60e+09 
L  2-3R6   3  6  2  7 1251.29807 8.80e-03 1.58e+09 
L  3-3P6   3  6  3  5 1239.01459 2.01e-03 1.51e+09 
L  3-3R6   3  6  3  7 1232.64680 1.69e-04 1.49e+09 
L  4-3P6   3  6  4  5 1220.95277 1.00e-02 1.42e+09 
L  4-3R6   3  6  4  7 1214.99523 7.74e-03 1.39e+09 
L  5-3P6   3  6  5  5 1203.86924 1.26e-02 1.32e+09 
L  5-3R6   3  6  5  7 1198.28300 1.46e-02 1.28e+09 
L  6-3P6   3  6  6  5 1187.70149 8.79e-03 1.15e+09 
L  6-3R6   3  6  6  7 1182.45352 1.38e-02 1.09e+09 
L  7-3P6   3  6  7  5 1172.39479 3.63e-03 9.84e+08 
L  7-3R6   3  6  7  7 1167.45591 8.13e-03 8.11e+08 
L  8-3P6   3  6  8  5 1157.84401 1.97e-05 6.97e+08 
L  8-3R6   3  6  8  7 1153.27324 1.34e-03 6.47e+08 
L  9-3P6   3  6  9  5 1144.12653 4.85e-04 6.36e+08 
L  9-3R6   3  6  9  7 1139.72946 6.63e-04 6.21e+08 
L  10-3P6  3  6 10  5 1131.40833 1.62e-02 8.13e+08 
L  10-3R6  3  6 10  7 1126.97110 3.56e-06 5.54e+08 
L  11-3P6  3  6 11  5 1118.68185 3.13e-03 5.20e+08 
L  11-3R6  3  6 11  7 1114.73748 2.67e-03 4.78e+08 
L  12-3P6  3  6 12  5 1107.00633 5.94e-03 4.84e+08 
L  12-3R6  3  6 12  7 1103.24717 3.56e-03 4.56e+08 
L  13-3P6  3  6 13  5 1095.73046 3.79e-03 4.48e+08 
L  13-3R6  3  6 13  7 1092.14993 8.50e-03 4.34e+08 
L  14-3P6  3  6 14  5 1085.17401 3.32e-03 4.15e+08 
L  14-3R6  3  6 14  7 1081.81531 7.35e-03 3.88e+08 
L  15-3P6  3  6 15  5 1074.98886 3.21e-03 3.86e+08 
L  15-3R6  3  6 15  7 1071.57683 5.88e-03 4.99e+08 
L  16-3P6  3  6 16  5 1065.45381 1.68e-03 3.55e+08 
L  16-3R6  3  6 16  7 1062.42693 6.38e-03 3.30e+08 
L  17-3P6  3  6 17  5 1056.20020 2.63e-03 3.39e+08 
L  17-3R6  3  6 17  7 1053.70614 7.28e-03 4.22e+08 
L  18-3P6  3  6 18  5 1047.61055 6.74e-04 3.02e+08 
L  18-3R6  3  6 18  7 1044.86744 3.19e-03 2.95e+08 
L  19-3P6  3  6 19  5 1039.02343 3.88e-03 4.92e+08 
L  19-3R6  3  6 19  7 1036.86340 3.42e-03 3.01e+08 
L  20-3P6  3  6 20  5 1031.45398 1.54e-04 2.70e+08 
L  20-3R6  3  6 20  7 1028.95140 7.77e-04 2.72e+08 
L  21-3P6  3  6 21  5 1024.13875 3.51e-04 3.39e+08 
L  21-3R6  3  6 21  7 1021.69863 8.47e-04 2.55e+08 
L  22-3P6  3  6 22  5 1016.82624 4.60e-07 2.40e+08 
L  22-3R6  3  6 22  7 1014.51651 5.95e-07 2.65e+08 
L  23-3P6  3  6 23  5 1010.14672 2.07e-04 2.46e+08 
L  23-3R6  3  6 23  7 1007.99522 2.39e-05 2.19e+08 
L  24-3P6  3  6 24  5 1003.60072 8.31e-05 2.10e+08 
L  24-3R6  3  6 24  7 1001.39274 4.72e-04 3.37e+08 
L  25-3P6  3  6 25  5  997.57370 3.26e-04 2.00e+08 
L  25-3R6  3  6 25  7  995.64089 1.65e-04 1.87e+08 
L  26-3P6  3  6 26  5  991.68944 2.96e-04 1.95e+08 
L  26-3R6  3  6 26  7  990.37141 9.71e-10 4.80e+08 
L  27-3P6  3  6 27  5  986.30982 4.83e-04 1.67e+08 
L  27-3R6  3  6 27  7  984.57641 5.95e-04 1.71e+08 
L  28-3P6  3  6 28  5  981.05658 5.70e-04 1.98e+08 
L  28-3R6  3  6 28  7  979.73977 5.10e-04 2.50e+08 
L  29-3P6  3  6 29  5  976.34492 6.05e-04 1.49e+08 
L  29-3R6  3  6 29  7  974.81450 9.44e-04 1.44e+08 
L  30-3P6  3  6 30  5  971.76328 8.36e-04 1.61e+08 
L  30-3R6  3  6 30  7  970.60786 1.02e-03 1.54e+08 
L  31-3P6  3  6 31  5  967.79826 6.32e-04 1.20e+08 
L  31-3R6  3  6 31  7  966.50369 1.06e-03 1.14e+08 
L  32-3P6  3  6 32  5  964.05502 9.27e-04 1.43e+08 
L  32-3R6  3  6 32  7  963.11909 1.16e-03 1.07e+08 
L  33-3P6  3  6 33  5  961.05221 5.20e-04 8.61e+07 
L  33-3R6  3  6 33  7  960.09444 8.47e-04 7.73e+07 
L  34-3P6  3  6 34  5  958.55202 6.68e-04 1.45e+08 
L  34-3R6  3  6 34  7  957.99554 7.06e-04 5.04e+07 
L  35-3P6  3  6 35  5  957.20142 2.03e-04 2.70e+07 
L  35-3R6  3  6 35  7  956.96234 2.68e-04 4.85e+07 
L  36-3P6  3  6 36  5  956.74993 4.58e-05 6.71e+06 
L  36-3R6  3  6 36  7  956.79295 3.47e-06 5.65e+07 
L  37-3R6  3  6 37  7  956.61539 4.35e-05 9.81e+06 
W  0-3Q6   3  6  0  6 1156.08113 3.75e-02 1.17e+09 
W  1-3Q6   3  6  1  6 1126.85046 4.63e-02 1.15e+09 
W  2-3Q6   3  6  2  6 1100.66664 1.63e-02 1.13e+09 
W  3-3Q6   3  6  3  6 1077.18389 7.32e-04 1.11e+09 
W  4-3Q6   3  6  4  6 1056.11944 1.18e-02 1.10e+09 
W  5-3Q6   3  6  5  6 1037.25154 1.46e-02 1.08e+09 
W  6-3Q6   3  6  6  6 1020.40514 9.40e-03 1.07e+09 
W  7-3Q6   3  6  7  6 1005.45186 3.79e-03 1.05e+09 
W  8-3Q6   3  6  8  6  992.30350 8.05e-04 1.01e+09 
W  9-3Q6   3  6  9  6  980.91916 6.91e-06 8.34e+08 
W  10-3Q6  3  6 10  6  971.31739 2.12e-04 6.27e+08 
W  11-3Q6  3  6 11  6  963.58822 5.58e-04 2.84e+08 
W  12-3Q6  3  6 12  6  957.95323 6.20e-04 1.85e+08 
W  0-3P6   3  6  0  5 1160.59986 1.33e-02 1.17e+09 
W  0-3R6   3  6  0  7 1150.36224 2.72e-02 1.16e+09 
W  1-3P6   3  6  1  5 1130.51655 8.75e-03 9.53e+08 
W  1-3R6   3  6  1  7 1121.66146 1.80e-02 1.14e+09 
W  2-3P6   3  6  2  5 1104.18285 4.45e-03 1.11e+09 
W  2-3R6   3  6  2  7 1096.00836 8.39e-03 1.10e+09 
W  3-3P6   3  6  3  5 1080.40142 1.13e-03 1.10e+09 
W  3-3R6   3  6  3  7 1073.17912 9.74e-04 9.59e+08 
W  4-3P6   3  6  4  5 1059.09238 6.32e-03 1.06e+09 
W  4-3R6   3  6  4  7 1051.97902 6.93e-04 9.65e+08 
W  5-3P6   3  6  5  5 1040.17185 4.43e-03 8.60e+08 
W  5-3R6   3  6  5  7 1033.66983 4.20e-03 1.03e+09 
W  6-3P6   3  6  6  5 1022.61043 4.31e-03 9.72e+08 
W  6-3R6   3  6  6  7 1017.28075 3.62e-03 1.01e+09 
W  7-3P6   3  6  7  5 1007.53170 1.62e-03 1.02e+09 
W  7-3R6   3  6  7  7 1002.82194 1.28e-03 8.73e+08 
W  8-3P6   3  6  8  5  994.20893 3.16e-04 9.61e+08 
W  8-3R6   3  6  8  7  989.35024 8.01e-04 6.50e+08 
W  9-3P6   3  6  9  5  982.64115 6.64e-06 8.50e+08 
W  9-3R6   3  6  9  7  978.52385 2.27e-04 6.37e+08 
W  10-3P6  3  6 10  5  972.83324 3.66e-05 5.60e+08 
W  10-3R6  3  6 10  7  969.33029 8.35e-06 3.51e+08 
W  11-3P6  3  6 11  5  964.84715 1.20e-04 3.58e+08 
W  11-3R6  3  6 11  7  962.00763 1.58e-05 2.25e+08 
W  12-3P6  3  6 12  5  958.93045 5.17e-05 2.98e+08 
L  0-3P7   3  7  0  6 1307.21124 4.22e-02 1.82e+09 
L  0-3R7   3  7  0  8 1298.13872 4.44e-02 1.78e+09 
L  1-3P7   3  7  1  6 1285.68218 2.66e-02 1.70e+09 
L  1-3R7   3  7  1  8 1277.27999 3.83e-02 1.67e+09 
L  2-3P7   3  7  2  6 1265.35701 2.95e-03 1.59e+09 
L  2-3R7   3  7  2  8 1257.53800 9.91e-03 1.56e+09 
L  3-3P7   3  7  3  6 1246.15080 1.95e-03 1.50e+09 
L  3-3R7   3  7  3  8 1238.84958 4.49e-05 1.48e+09 
L  4-3P7   3  7  4  6 1227.99057 1.01e-02 1.41e+09 
L  4-3R7   3  7  4  8 1221.15450 6.97e-03 1.38e+09 
L  5-3P7   3  7  5  6 1210.80958 1.28e-02 1.31e+09 
L  5-3R7   3  7  5  8 1204.39571 1.42e-02 1.26e+09 
L  6-3P7   3  7  6  6 1194.54689 8.90e-03 1.11e+09 
L  6-3R7   3  7  6  8 1188.51825 1.41e-02 1.07e+09 
L  7-3P7   3  7  7  6 1179.14809 3.61e-03 9.52e+08 
L  7-3R7   3  7  7  8 1173.47147 8.73e-03 8.04e+08 
L  8-3P7   3  7  8  6 1164.24411 4.00e-03 8.90e+08 
L  8-3R7   3  7  8  8 1159.21815 2.60e-03 6.46e+08 
L  9-3P7   3  7  9  6 1150.70376 5.32e-04 6.30e+08 
L  9-3R7   3  7  9  8 1145.64282 1.03e-03 6.25e+08 
L  10-3P7  3  7 10  6 1137.65591 5.08e-03 6.23e+08 
L  10-3R7  3  7 10  8 1132.82947 5.60e-06 5.52e+08 
L  11-3P7  3  7 11  6 1125.09428 2.94e-03 4.82e+08 
L  11-3R7  3  7 11  8 1120.53054 3.14e-03 4.83e+08 
L  12-3P7  3  7 12  6 1113.32490 5.25e-03 4.66e+08 
L  12-3R7  3  7 12  8 1109.02073 3.62e-03 4.57e+08 
L  13-3P7  3  7 13  6 1101.98618 3.49e-03 4.36e+08 
L  13-3R7  3  7 13  8 1097.67388 1.28e-02 5.59e+08 
L  14-3P7  3  7 14  6 1091.37255 3.30e-03 3.95e+08 
L  14-3R7  3  7 14  8 1087.50453 7.50e-03 3.83e+08 
L  15-3P7  3  7 15  6 1081.08412 3.39e-03 3.94e+08 
L  15-3R7  3  7 15  8 1077.78318 5.90e-03 4.41e+08 
L  16-3P7  3  7 16  6 1071.52952 1.72e-03 3.34e+08 
L  16-3R7  3  7 16  8 1068.03443 6.51e-03 3.28e+08 
L  17-3P7  3  7 17  6 1062.02728 5.14e-03 4.70e+08 
L  17-3R7  3  7 17  8 1059.14992 6.21e-03 3.29e+08 
L  18-3P7  3  7 18  6 1053.57270 7.24e-04 2.93e+08 
L  18-3R7  3  7 18  8 1050.39104 3.09e-03 3.01e+08 
L  19-3P7  3  7 19  6 1045.48880 3.38e-04 3.90e+08 
L  19-3R7  3  7 19  8 1042.34702 3.06e-03 2.82e+08 
L  20-3P7  3  7 20  6 1037.31061 2.06e-04 2.69e+08 
L  20-3R7  3  7 20  8 1034.37176 4.91e-04 3.03e+08 
L  21-3P7  3  7 21  6 1029.89645 8.17e-05 2.74e+08 
L  21-3R7  3  7 21  8 1027.14498 7.94e-04 2.47e+08 
L  22-3P7  3  7 22  6 1022.58334 1.28e-05 2.45e+08 
L  22-3R7  3  7 22  8 1019.70956 2.92e-04 4.49e+08 
L  23-3P7  3  7 23  6 1015.87260 1.52e-04 2.27e+08 
L  23-3R7  3  7 23  8 1013.39875 2.16e-05 2.15e+08 
L  24-3P7  3  7 24  6 1009.26159 2.94e-05 2.28e+08 
L  24-3R7  3  7 24  8 1007.36342 2.64e-04 3.77e+08 
L  25-3P7  3  7 25  6 1003.23906 2.96e-04 1.90e+08 
L  25-3R7  3  7 25  8 1001.00461 1.68e-04 1.90e+08 
L  26-3P7  3  7 26  6  997.24223 1.73e-04 2.63e+08 
L  26-3R7  3  7 26  8  995.48012 1.12e-04 2.23e+08 
L  27-3P7  3  7 27  6  991.92140 4.64e-04 1.67e+08 
L  27-3R7  3  7 27  8  989.91142 5.96e-04 1.80e+08 
L  28-3P7  3  7 28  6  986.46822 4.24e-04 3.65e+08 
L  28-3R7  3  7 28  8  985.00197 6.03e-04 1.80e+08 
L  29-3P7  3  7 29  6  981.92242 5.96e-04 1.49e+08 
L  29-3R7  3  7 29  8  980.14289 9.09e-04 1.51e+08 
L  30-3P7  3  7 30  6  977.79773 7.59e-05 3.60e+08 
L  30-3R7  3  7 30  8  975.92929 9.87e-04 1.33e+08 
L  31-3P7  3  7 31  6  973.37583 6.36e-04 1.14e+08 
L  31-3R7  3  7 31  8  971.87170 9.66e-04 1.23e+08 
L  32-3P7  3  7 32  6  969.98818 4.62e-05 1.65e+08 
L  32-3R7  3  7 32  8  968.53576 1.05e-03 9.86e+07 
L  33-3P7  3  7 33  6  966.69784 5.26e-04 8.27e+07 
L  33-3R7  3  7 33  8  965.59731 6.89e-04 8.36e+07 
L  34-3P7  3  7 34  6  964.45278 1.16e-04 7.33e+07 
L  34-3R7  3  7 34  8  963.66928 5.65e-04 4.39e+07 
L  35-3P7  3  7 35  6  963.07995 1.75e-04 2.18e+07 
L  35-3R7  3  7 35  8  962.79528 1.39e-04 1.03e+07 
L  36-3P7  3  7 36  6  962.73132 6.86e-05 5.70e+06 
W  0-3Q7   3  7  0  7 1159.49625 3.77e-02 1.16e+09 
W  1-3Q7   3  7  1  7 1130.36461 4.65e-02 1.14e+09 
W  2-3Q7   3  7  2  7 1104.27125 1.63e-02 1.12e+09 
W  3-3Q7   3  7  3  7 1080.87390 7.25e-04 1.11e+09 
W  4-3Q7   3  7  4  7 1059.89341 1.18e-02 1.09e+09 
W  5-3Q7   3  7  5  7 1041.11217 1.46e-02 1.08e+09 
W  6-3Q7   3  7  6  7 1024.35811 9.45e-03 1.07e+09 
W  7-3Q7   3  7  7  7 1009.50744 3.87e-03 1.04e+09 
W  8-3Q7   3  7  8  7  996.47696 8.57e-04 1.02e+09 
W  9-3Q7   3  7  9  7  985.23342 1.43e-05 7.50e+08 
W  10-3Q7  3  7 10  7  975.80625 1.73e-04 6.66e+08 
W  11-3Q7  3  7 11  7  968.30533 4.79e-04 3.41e+08 
W  12-3Q7  3  7 12  7  962.99759 5.09e-04 2.21e+08 
W  0-3P7   3  7  0  6 1164.94463 9.82e-03 9.52e+08 
W  0-3R7   3  7  0  8 1153.05861 2.58e-02 1.16e+09 
W  1-3P7   3  7  1  6 1134.87476 2.21e-02 1.13e+09 
W  1-3R7   3  7  1  8 1124.54530 1.58e-02 1.13e+09 
W  2-3P7   3  7  2  6 1108.35611 5.62e-03 1.11e+09 
W  2-3R7   3  7  2  8 1099.22688 3.14e-03 9.70e+08 
W  3-3P7   3  7  3  6 1084.61846 8.99e-04 1.08e+09 
W  3-3R7   3  7  3  8 1075.78519 1.05e-03 1.01e+09 
W  4-3P7   3  7  4  6 1063.49445 4.19e-03 9.25e+08 
W  4-3R7   3  7  4  8 1055.42780 2.01e-03 1.05e+09 
W  5-3P7   3  7  5  6 1043.87926 8.44e-03 9.54e+08 
W  5-3R7   3  7  5  8 1037.19603 4.81e-03 1.01e+09 
W  6-3P7   3  7  6  6 1026.99561 4.89e-03 1.02e+09 
W  6-3R7   3  7  6  8 1021.10439 3.26e-03 8.18e+08 
W  7-3P7   3  7  7  6 1011.95278 2.70e-03 7.68e+08 
W  7-3R7   3  7  7  8 1005.97327 1.37e-03 8.24e+08 
W  8-3P7   3  7  8  6  998.75196 4.78e-04 8.87e+08 
W  8-3R7   3  7  8  8  993.50338 5.89e-04 8.78e+08 
W  9-3P7   3  7  9  6  987.38273 1.28e-04 6.13e+08 
W  9-3R7   3  7  9  8  982.70759 6.68e-05 6.85e+08 
W  10-3P7  3  7 10  6  977.06773 7.41e-04 3.43e+08 
W  10-3R7  3  7 10  8  973.70396 1.59e-05 3.87e+08 
W  11-3P7  3  7 11  6  969.39203 9.22e-04 2.19e+08 
W  11-3R7  3  7 11  8  966.66448 1.44e-04 2.52e+08 
W  12-3P7  3  7 12  6  963.89277 3.91e-05 1.96e+08 
